Car Name,Year,Selling Price,Kilometer Driven,Fuel Type,Seller Type,Transminssion,Owner,KM Range,Car Age,Price per KM,Condition
Maruti 800 AC,2007,60000,70000,Petrol,Individual,Manual,First Owner,50–75k,18,0.8571428571428571,Old
Maruti Wagon R LXI Minor,2007,135000,50000,Petrol,Individual,Manual,First Owner,25–50k,18,2.7,Old
Hyundai Verna 1.6 SX,2012,600000,100000,Diesel,Individual,Manual,First Owner,75–100k,13,6.0,Old
Datsun RediGO T Option,2017,250000,46000,Petrol,Individual,Manual,First Owner,25–50k,8,5.434782608695652,New
Honda Amaze VX i-DTEC,2014,450000,141000,Diesel,Individual,Manual,Second Owner,100–150k,11,3.1914893617021276,Old
Maruti Alto LX BSIII,2007,140000,125000,Petrol,Individual,Manual,First Owner,100–150k,18,1.12,Old
Hyundai Xcent 1.2 Kappa S,2016,550000,25000,Petrol,Individual,Manual,First Owner,0–25k,9,22.0,New
Tata Indigo Grand Petrol,2014,240000,60000,Petrol,Individual,Manual,Second Owner,50–75k,11,4.0,Old
Hyundai Creta 1.6 VTVT S,2015,850000,25000,Petrol,Individual,Manual,First Owner,0–25k,10,34.0,Old
Maruti Celerio Green VXI,2017,365000,78000,CNG,Individual,Manual,First Owner,75–100k,8,4.67948717948718,New
Chevrolet Sail 1.2 Base,2015,260000,35000,Petrol,Individual,Manual,First Owner,25–50k,10,7.428571428571429,Old
Tata Indigo Grand Petrol,2014,250000,100000,Petrol,Individual,Manual,First Owner,75–100k,11,2.5,Old
Toyota Corolla Altis 1.8 VL CVT,2018,1650000,25000,Petrol,Dealer,Automatic,First Owner,0–25k,7,66.0,New
Maruti 800 AC,2007,60000,70000,Petrol,Individual,Manual,First Owner,50–75k,18,0.8571428571428571,Old
Maruti Wagon R LXI Minor,2007,135000,50000,Petrol,Individual,Manual,First Owner,25–50k,18,2.7,Old
Hyundai Verna 1.6 SX,2012,600000,100000,Diesel,Individual,Manual,First Owner,75–100k,13,6.0,Old
Datsun RediGO T Option,2017,250000,46000,Petrol,Individual,Manual,First Owner,25–50k,8,5.434782608695652,New
Honda Amaze VX i-DTEC,2014,450000,141000,Diesel,Individual,Manual,Second Owner,100–150k,11,3.1914893617021276,Old
Maruti Alto LX BSIII,2007,140000,125000,Petrol,Individual,Manual,First Owner,100–150k,18,1.12,Old
Hyundai Xcent 1.2 Kappa S,2016,550000,25000,Petrol,Individual,Manual,First Owner,0–25k,9,22.0,New
Tata Indigo Grand Petrol,2014,240000,60000,Petrol,Individual,Manual,Second Owner,50–75k,11,4.0,Old
Hyundai Creta 1.6 VTVT S,2015,850000,25000,Petrol,Individual,Manual,First Owner,0–25k,10,34.0,Old
Maruti Celerio Green VXI,2017,365000,78000,CNG,Individual,Manual,First Owner,75–100k,8,4.67948717948718,New
Chevrolet Sail 1.2 Base,2015,260000,35000,Petrol,Individual,Manual,First Owner,25–50k,10,7.428571428571429,Old
Tata Indigo Grand Petrol,2014,250000,100000,Petrol,Individual,Manual,First Owner,75–100k,11,2.5,Old
Toyota Corolla Altis 1.8 VL CVT,2018,1650000,25000,Petrol,Dealer,Automatic,First Owner,0–25k,7,66.0,New
Maruti Ciaz VXi Plus,2015,585000,24000,Petrol,Dealer,Manual,First Owner,0–25k,10,24.375,Old
Hyundai Venue SX Opt Diesel,2019,1195000,5000,Diesel,Dealer,Manual,First Owner,0–25k,6,239.0,New
Chevrolet Enjoy TCDi LTZ 7 Seater,2013,390000,33000,Diesel,Individual,Manual,Second Owner,25–50k,12,11.818181818181818,Old
Jaguar XF 2.2 Litre Luxury,2014,1964999,28000,Diesel,Dealer,Automatic,First Owner,25–50k,11,70.17853571428572,Old
Mercedes-Benz New C-Class 220 CDI AT,2013,1425000,59000,Diesel,Dealer,Automatic,First Owner,50–75k,12,24.152542372881356,Old
Maruti Vitara Brezza ZDi Plus AMT,2018,975000,4500,Diesel,Dealer,Automatic,First Owner,0–25k,7,216.66666666666666,New
Audi Q5 2.0 TDI,2011,1190000,175900,Diesel,Dealer,Automatic,First Owner,150–200k,14,6.7652075042637865,Old
Honda City V MT,2018,930000,14500,Petrol,Dealer,Manual,First Owner,0–25k,7,64.13793103448276,New
Tata Tigor 1.2 Revotron XT,2018,525000,15000,Petrol,Individual,Manual,First Owner,0–25k,7,35.0,New
Audi A6 2.0 TDI  Design Edition,2013,1735000,50000,Diesel,Dealer,Automatic,First Owner,25–50k,12,34.7,Old
Mercedes-Benz New C-Class C 220 CDI Avantgarde,2012,1375000,33800,Diesel,Dealer,Automatic,Second Owner,25–50k,13,40.680473372781066,Old
Skoda Superb Ambition 2.0 TDI CR AT,2011,450000,130400,Diesel,Dealer,Automatic,Second Owner,100–150k,14,3.450920245398773,Old
Toyota Corolla Altis G AT,2016,900000,50000,Petrol,Individual,Automatic,First Owner,25–50k,9,18.0,New
Toyota Innova 2.5 G (Diesel) 7 Seater,2015,1300000,80000,Diesel,Individual,Manual,First Owner,75–100k,10,16.25,Old
Jeep Compass 1.4 Sport Plus BSIV,2019,1400000,10000,Petrol,Individual,Manual,First Owner,0–25k,6,140.0,New
Mercedes-Benz E-Class E 200 CGI Elegance,2010,850000,119000,Petrol,Dealer,Automatic,First Owner,100–150k,15,7.142857142857143,Old
Hyundai i10 Magna 1.1L,2014,229999,60000,Petrol,Individual,Manual,Fourth & Above Owner,50–75k,11,3.8333166666666667,Old
BMW 3 Series 320d Sport Line,2013,1550000,75800,Diesel,Dealer,Automatic,Second Owner,75–100k,12,20.448548812664907,Old
Audi Q7 35 TDI Quattro Premium,2009,1250000,78000,Diesel,Dealer,Automatic,Third Owner,75–100k,16,16.025641025641026,Old
Hyundai Elantra CRDi S,2012,625000,40000,Diesel,Individual,Manual,First Owner,25–50k,13,15.625,Old
Mahindra Scorpio 1.99 S10,2014,1050000,50000,Diesel,Individual,Manual,First Owner,25–50k,11,21.0,Old
Honda City i DTEC V,2014,560000,74000,Diesel,Individual,Manual,Second Owner,50–75k,11,7.5675675675675675,Old
Maruti Wagon R VXI BS IV with ABS,2014,290000,64000,Petrol,Individual,Manual,Second Owner,50–75k,11,4.53125,Old
Maruti Wagon R VXI BS IV,2012,275000,60000,Petrol,Individual,Manual,Second Owner,50–75k,13,4.583333333333333,Old
Mahindra Scorpio LX,2009,411000,120000,Diesel,Individual,Manual,Second Owner,100–150k,16,3.425,Old
Hyundai Santro Xing GLS,2009,150000,79000,Petrol,Individual,Manual,Third Owner,75–100k,16,1.8987341772151898,Old
Hyundai Grand i10 1.2 Kappa Asta,2019,500000,15000,Petrol,Individual,Manual,First Owner,0–25k,6,33.333333333333336,New
Maruti Alto LXi,2006,100000,80000,Petrol,Individual,Manual,First Owner,75–100k,19,1.25,Old
Maruti Swift Dzire VDI Optional,2017,725000,18500,Diesel,Dealer,Manual,First Owner,0–25k,8,39.189189189189186,New
Maruti Eeco 5 Seater AC BSIV,2018,401000,10200,Petrol,Dealer,Manual,First Owner,0–25k,7,39.31372549019608,New
Hyundai i20 Sportz 1.4 CRDi,2018,750000,29000,Diesel,Dealer,Manual,First Owner,25–50k,7,25.862068965517242,New
Maruti Omni Maruti Omni MPI STD BSIII 5-STR W/ IMMOBILISER,2018,310000,28000,Petrol,Dealer,Manual,First Owner,25–50k,7,11.071428571428571,New
Maruti Swift ZDi BSIV,2016,665000,46000,Diesel,Dealer,Manual,First Owner,25–50k,9,14.456521739130435,New
Hyundai i20 2015-2017 Sportz Option 1.4 CRDi,2014,465000,70000,Diesel,Dealer,Manual,First Owner,50–75k,11,6.642857142857143,Old
Maruti Alto LXi,2012,160000,60000,Petrol,Individual,Manual,Second Owner,50–75k,13,2.6666666666666665,Old
Mahindra Jeep CL 500 MDI,1996,250000,35000,Diesel,Individual,Manual,Second Owner,25–50k,29,7.142857142857143,Old
Honda City i DTEC VX,2014,675000,90000,Diesel,Dealer,Manual,First Owner,75–100k,11,7.5,Old
Maruti Wagon R VXI BS IV,2013,300000,80000,Petrol,Dealer,Manual,First Owner,75–100k,12,3.75,Old
Tata Indica DLS,2005,70000,80000,Diesel,Individual,Manual,First Owner,75–100k,20,0.875,Old
Hyundai EON Magna Plus,2014,240000,73300,Petrol,Dealer,Manual,Second Owner,50–75k,11,3.2742155525238745,Old
Toyota Etios GD,2014,525000,92000,Diesel,Dealer,Manual,First Owner,75–100k,11,5.706521739130435,Old
Maruti Alto LXi,2009,151000,66764,Petrol,Dealer,Manual,Second Owner,50–75k,16,2.2616979210352883,Old
Maruti Alto LXi,2009,140000,100000,Petrol,Individual,Manual,First Owner,75–100k,16,1.4,Old
Chevrolet Tavera Neo LS B3 - 7(C) seats BSIII,2010,280000,350000,Diesel,Individual,Manual,Second Owner,,15,0.8,Old
Toyota Corolla Altis Diesel D4DG,2011,350000,230000,Diesel,Individual,Manual,First Owner,200k+,14,1.5217391304347827,Old
Mahindra Scorpio 1.99 S6 Plus,2017,570000,60000,Diesel,Individual,Manual,First Owner,50–75k,8,9.5,New
Hyundai EON Magna Plus,2018,300000,31000,Petrol,Individual,Manual,First Owner,25–50k,7,9.67741935483871,New
Tata Indigo Classic Dicor,2007,100000,39000,Diesel,Individual,Manual,First Owner,25–50k,18,2.5641025641025643,Old
Toyota Innova 2.5 V Diesel 8-seater,2009,500000,120000,Diesel,Individual,Manual,Third Owner,100–150k,16,4.166666666666667,Old
Tata Indica Vista Quadrajet LS,2014,125000,166000,Diesel,Individual,Manual,Fourth & Above Owner,150–200k,11,0.7530120481927711,Old
Maruti Swift 1.3 VXi,2006,130000,110000,Petrol,Individual,Manual,Third Owner,100–150k,19,1.1818181818181819,Old
Ford EcoSport 1.5 Diesel Titanium BSIV,2017,925000,35000,Diesel,Individual,Manual,First Owner,25–50k,8,26.428571428571427,New
Maruti Ciaz 1.3 Delta,2018,750000,60000,Diesel,Individual,Manual,First Owner,50–75k,7,12.5,New
Honda Civic 1.8 V AT,2007,200000,54000,Petrol,Individual,Automatic,Second Owner,50–75k,18,3.7037037037037037,Old
Hyundai i10 Sportz 1.2,2010,248000,63000,Petrol,Individual,Manual,Second Owner,50–75k,15,3.9365079365079363,Old
Skoda Rapid 1.5 TDI Elegance,2014,450000,120000,Diesel,Individual,Manual,Second Owner,100–150k,11,3.75,Old
Hyundai Getz GLS,2005,80000,120000,Petrol,Individual,Manual,Third Owner,100–150k,20,0.6666666666666666,Old
Nissan Terrano XL,2014,650000,76000,Petrol,Individual,Manual,Second Owner,75–100k,11,8.552631578947368,Old
Hyundai Grand i10 CRDi Sportz,2015,450000,80000,Diesel,Individual,Manual,First Owner,75–100k,10,5.625,Old
Hyundai Elite i20 Diesel Era,2019,650000,25000,Diesel,Individual,Manual,First Owner,0–25k,6,26.0,New
Honda Amaze S i-VTEC,2016,495000,11958,Petrol,Dealer,Manual,First Owner,0–25k,9,41.39488208730557,New
Honda Brio S MT,2015,371000,20000,Petrol,Dealer,Manual,First Owner,0–25k,10,18.55,Old
Hyundai Creta 1.6 SX Option,2017,1025000,9000,Petrol,Dealer,Manual,First Owner,0–25k,8,113.88888888888889,New
Mercedes-Benz S-Class S 350d Connoisseurs Edition,2017,8150000,6500,Diesel,Dealer,Automatic,First Owner,0–25k,8,1253.8461538461538,New
Mahindra XUV500 W8 2WD,2015,750000,70000,Diesel,Individual,Manual,First Owner,50–75k,10,10.714285714285714,Old
Renault Duster 85PS Diesel RxL Optional,2013,600000,120000,Diesel,Individual,Manual,First Owner,100–150k,12,5.0,Old
Hyundai Santro Xing XO,2007,80000,58000,Petrol,Dealer,Manual,Second Owner,50–75k,18,1.3793103448275863,Old
Mahindra Bolero 2011-2019 SLE,2013,325000,62200,Diesel,Dealer,Manual,First Owner,50–75k,12,5.22508038585209,Old
Audi A6 2.0 TDI Premium Plus,2014,1470000,34000,Diesel,Dealer,Automatic,Second Owner,25–50k,11,43.23529411764706,Old
Fiat Avventura MULTIJET Emotion,2015,350000,53000,Diesel,Individual,Manual,Second Owner,50–75k,10,6.60377358490566,Old
Audi A8 4.2 TDI,2013,2800000,49000,Diesel,Dealer,Automatic,First Owner,25–50k,12,57.142857142857146,Old
Datsun RediGO 1.0 S,2017,210000,15000,Petrol,Dealer,Manual,Second Owner,0–25k,8,14.0,New
Volkswagen Jetta 1.4 TSI Comfortline,2013,450000,50000,Petrol,Individual,Manual,First Owner,25–50k,12,9.0,Old
Audi A4 2.0 TDI 177 Bhp Premium Plus,2013,1150000,53000,Diesel,Dealer,Automatic,First Owner,50–75k,12,21.69811320754717,Old
Honda Civic 1.8 V AT,2009,210000,63500,Petrol,Dealer,Automatic,First Owner,50–75k,16,3.3070866141732282,Old
Mercedes-Benz E-Class Exclusive E 200 BSIV,2018,4500000,9800,Petrol,Dealer,Automatic,First Owner,0–25k,7,459.18367346938777,New
BMW X1 sDrive 20d xLine,2017,2750000,13000,Diesel,Individual,Automatic,First Owner,0–25k,8,211.53846153846155,New
Volvo V40 D3 R Design,2018,1975000,21000,Diesel,Dealer,Automatic,First Owner,0–25k,7,94.04761904761905,New
Maruti SX4 Zxi BSIII,2008,175000,29173,Petrol,Dealer,Manual,First Owner,25–50k,17,5.998697425701848,Old
BMW 7 Series 730Ld,2012,2500000,48000,Diesel,Dealer,Automatic,First Owner,25–50k,13,52.083333333333336,Old
Mahindra Bolero Power Plus SLX,2017,628000,120000,Diesel,Individual,Manual,First Owner,100–150k,8,5.233333333333333,New
Hyundai Sonata CRDi M/T,2010,600000,100000,Diesel,Individual,Manual,First Owner,75–100k,15,6.0,Old
Nissan Micra Active XV Petrol,2017,399000,30000,Petrol,Individual,Manual,First Owner,25–50k,8,13.3,New
Mahindra Xylo D4,2018,750000,87000,Diesel,Individual,Manual,First Owner,75–100k,7,8.620689655172415,New
Hyundai Elite i20 Sportz Plus Dual Tone BSIV,2019,750000,15000,Petrol,Individual,Manual,First Owner,0–25k,6,50.0,New
Renault KWID RXT,2017,315000,16000,Petrol,Individual,Manual,First Owner,0–25k,8,19.6875,New
Mahindra Xylo E4 BS III,2012,600000,60000,Diesel,Individual,Manual,First Owner,50–75k,13,10.0,Old
Maruti Wagon R LXI Minor,2010,100000,60000,Petrol,Individual,Manual,Fourth & Above Owner,50–75k,15,1.6666666666666667,Old
Maruti SX4 ZXI MT BSIV,2011,250000,110000,Petrol,Individual,Manual,Third Owner,100–150k,14,2.272727272727273,Old
Renault KWID RXT,2017,350000,25000,Petrol,Individual,Manual,First Owner,0–25k,8,14.0,New
Hyundai Creta 1.4 CRDi S,2016,780000,60000,Diesel,Individual,Manual,First Owner,50–75k,9,13.0,New
Maruti Swift Dzire VDI,2014,434000,79350,Diesel,Individual,Manual,Second Owner,75–100k,11,5.469439193446755,Old
Hyundai Verna 1.6 VTVT AT S Option,2016,690000,80000,Petrol,Individual,Automatic,First Owner,75–100k,9,8.625,New
Mahindra Scorpio LX BSIV,2014,555000,90000,Diesel,Individual,Manual,Second Owner,75–100k,11,6.166666666666667,Old
Maruti SX4 Vxi BSIII,2007,120000,90000,Petrol,Individual,Manual,Second Owner,75–100k,18,1.3333333333333333,Old
Maruti Ertiga VDI,2014,500000,120000,Diesel,Individual,Manual,Second Owner,100–150k,11,4.166666666666667,Old
Chevrolet Beat Diesel,2013,165000,60000,Diesel,Individual,Manual,Second Owner,50–75k,12,2.75,Old
Maruti Zen LX,2004,95000,50000,Petrol,Individual,Manual,First Owner,25–50k,21,1.9,Old
Maruti Baleno Delta 1.2,2018,550000,20000,Petrol,Individual,Manual,First Owner,0–25k,7,27.5,New
Maruti Swift Vdi BSIII,2007,100000,110000,Diesel,Individual,Manual,Fourth & Above Owner,100–150k,18,0.9090909090909091,Old
Tata Nano Lx BSIV,2012,100000,50000,Petrol,Individual,Manual,Second Owner,25–50k,13,2.0,Old
Toyota Innova 2.5 GX (Diesel) 8 Seater,2012,500000,100000,Diesel,Individual,Manual,First Owner,75–100k,13,5.0,Old
Maruti Ertiga SHVS VDI,2016,800000,70000,Diesel,Individual,Manual,Second Owner,50–75k,9,11.428571428571429,New
Hyundai Creta 1.6 CRDi SX,2016,840000,70000,Diesel,Individual,Manual,Second Owner,50–75k,9,12.0,New
Honda Amaze S i-Vtech,2016,490000,50000,Petrol,Individual,Manual,First Owner,25–50k,9,9.8,New
Tata Indica Vista Aqua 1.4 TDI,2010,125000,81000,Diesel,Individual,Manual,Second Owner,75–100k,15,1.5432098765432098,Old
Chevrolet Tavera Neo 2 LS B4 7 Str BSIII,2012,400000,120000,Diesel,Individual,Manual,Third Owner,100–150k,13,3.3333333333333335,Old
Chevrolet Cruze LTZ,2015,1000000,3600,Diesel,Dealer,Manual,First Owner,0–25k,10,277.77777777777777,Old
Ford Figo Aspire 1.2 Ti-VCT Titanium Plus,2015,530000,14272,Petrol,Dealer,Manual,First Owner,0–25k,10,37.13565022421525,Old
Ford EcoSport 1.5 Diesel Titanium Plus BSIV,2017,840000,49213,Diesel,Dealer,Manual,First Owner,25–50k,8,17.068660719728527,New
Hyundai i10 Sportz 1.1L,2015,229999,40000,Petrol,Individual,Manual,First Owner,25–50k,10,5.749975,Old
Maruti 800 Std,1998,40000,40000,Petrol,Individual,Manual,Fourth & Above Owner,25–50k,27,1.0,Old
Chevrolet Spark 1.0 LS,2012,130000,80000,Petrol,Individual,Manual,First Owner,75–100k,13,1.625,Old
Hyundai EON Era Plus,2015,200000,70000,Petrol,Individual,Manual,First Owner,50–75k,10,2.857142857142857,Old
Tata Indica Vista Aqua TDI BSIII,2011,120000,70000,Diesel,Individual,Manual,First Owner,50–75k,14,1.7142857142857142,Old
Hyundai Santro LP zipPlus,2003,75000,57000,Petrol,Individual,Manual,First Owner,50–75k,22,1.3157894736842106,Old
Tata Bolt Quadrajet XE,2016,250000,120000,Diesel,Individual,Manual,First Owner,100–150k,9,2.0833333333333335,New
Maruti 800 AC BSIII,2005,100000,30000,Petrol,Individual,Manual,First Owner,25–50k,20,3.3333333333333335,Old
Hyundai EON Era Plus,2013,280000,3240,Petrol,Individual,Manual,Second Owner,0–25k,12,86.41975308641975,Old
Hyundai i20 Magna 1.2,2015,540000,5000,Petrol,Individual,Manual,First Owner,0–25k,10,108.0,Old
Hyundai i20 1.2 Asta,2018,700000,10000,Petrol,Individual,Manual,First Owner,0–25k,7,70.0,New
Maruti Ciaz VDi Plus,2015,525000,100000,Diesel,Individual,Manual,First Owner,75–100k,10,5.25,Old
Hyundai i20 Asta 1.4 CRDi,2016,430000,80000,Diesel,Individual,Manual,First Owner,75–100k,9,5.375,New
Hyundai Santro LE,2002,65000,70000,Petrol,Individual,Manual,First Owner,50–75k,23,0.9285714285714286,Old
Maruti Vitara Brezza VDi,2018,800000,35000,Diesel,Individual,Manual,First Owner,25–50k,7,22.857142857142858,New
Hyundai Santro Xing XL eRLX Euro III,2007,75000,114000,Petrol,Individual,Manual,Second Owner,100–150k,18,0.6578947368421053,Old
Hyundai Getz 1.3 GLS,2008,210000,53772,Petrol,Individual,Manual,First Owner,50–75k,17,3.905378263780406,Old
Mahindra Quanto C8,2012,195000,140000,Diesel,Individual,Manual,Second Owner,100–150k,13,1.3928571428571428,Old
Chevrolet Tavera Neo 3 LS 7 C BSIII,2015,400000,120000,Diesel,Individual,Manual,First Owner,100–150k,10,3.3333333333333335,Old
Hyundai EON Magna Plus,2012,170000,60000,Petrol,Individual,Manual,First Owner,50–75k,13,2.8333333333333335,Old
Renault KWID RXT,2016,225000,25000,Petrol,Individual,Manual,First Owner,0–25k,9,9.0,New
Maruti Wagon R DUO LPG,2014,210000,90000,LPG,Individual,Manual,First Owner,75–100k,11,2.3333333333333335,Old
Maruti Wagon R LXI,2020,240000,120000,Petrol,Individual,Manual,First Owner,100–150k,5,2.0,New
Chevrolet Enjoy 1.3 TCDi LS 8,2015,300000,175000,Diesel,Individual,Manual,First Owner,150–200k,10,1.7142857142857142,Old
Chevrolet Spark 1.0 LS,2011,99000,100000,Petrol,Individual,Manual,Third Owner,75–100k,14,0.99,Old
Honda City i VTEC SV,2014,620000,36000,Petrol,Individual,Manual,First Owner,25–50k,11,17.22222222222222,Old
Honda Amaze VX i-DTEC,2013,500000,30000,Diesel,Individual,Manual,First Owner,25–50k,12,16.666666666666668,Old
Jaguar XJ 5.0 L V8 Supercharged,2010,2550000,40000,Petrol,Individual,Automatic,Second Owner,25–50k,15,63.75,Old
Honda Brio E MT,2013,260000,70000,Petrol,Individual,Manual,Second Owner,50–75k,12,3.7142857142857144,Old
Maruti Swift VVT ZXI,2017,550000,60000,Petrol,Individual,Manual,First Owner,50–75k,8,9.166666666666666,New
Tata Indigo CR4,2011,150000,155500,Diesel,Individual,Manual,First Owner,150–200k,14,0.9646302250803859,Old
Hyundai i10 Asta AT,2011,350000,50000,Petrol,Individual,Automatic,Second Owner,25–50k,14,7.0,Old
Chevrolet Beat LT,2016,320000,40000,Petrol,Individual,Manual,First Owner,25–50k,9,8.0,New
Maruti Swift VDI BSIV,2015,400000,100000,Diesel,Individual,Manual,Third Owner,75–100k,10,4.0,Old
Maruti Alto LXi,2012,175000,80000,Petrol,Individual,Manual,Third Owner,75–100k,13,2.1875,Old
Chevrolet Beat LT,2011,120000,90000,Petrol,Individual,Manual,Second Owner,75–100k,14,1.3333333333333333,Old
Renault Duster 110PS Diesel RxZ,2013,320000,90000,Diesel,Individual,Manual,Second Owner,75–100k,12,3.5555555555555554,Old
Hyundai Santro Xing XG,2006,70000,110000,Petrol,Individual,Manual,Third Owner,100–150k,19,0.6363636363636364,Old
Maruti Swift Dzire ZXI Plus,2019,810000,15000,Petrol,Individual,Manual,First Owner,0–25k,6,54.0,New
Maruti 800 AC,2007,95000,100000,Petrol,Individual,Manual,Second Owner,75–100k,18,0.95,Old
Maruti Alto K10 LXI CNG,2020,282000,40000,CNG,Individual,Manual,First Owner,25–50k,5,7.05,New
Maruti 800 Std BSII,2004,80000,60000,Petrol,Individual,Manual,Second Owner,50–75k,21,1.3333333333333333,Old
Tata Nano LX SE,2013,72000,25000,Petrol,Individual,Manual,First Owner,0–25k,12,2.88,Old
Hyundai i20 Magna 1.2,2016,600000,25000,Petrol,Individual,Manual,First Owner,0–25k,9,24.0,New
Skoda Rapid 1.6 MPI Ambition With Alloy Wheel,2015,640000,23000,Petrol,Individual,Manual,First Owner,0–25k,10,27.82608695652174,Old
Maruti Alto K10 VXI,2018,380000,22155,Petrol,Individual,Manual,First Owner,0–25k,7,17.15188445046265,New
Maruti Ciaz 1.4 Delta,2018,650000,70000,Petrol,Individual,Manual,First Owner,50–75k,7,9.285714285714286,New
Maruti Alto LX,2009,150000,60000,Petrol,Individual,Manual,Second Owner,50–75k,16,2.5,Old
Hyundai i20 Asta,2009,280000,110000,Petrol,Individual,Manual,Second Owner,100–150k,16,2.5454545454545454,Old
Tata Nexon 1.2 Revotron XM,2018,430000,30000,Petrol,Individual,Manual,First Owner,25–50k,7,14.333333333333334,New
Mahindra Bolero Power Plus SLX,2019,800000,15000,Diesel,Individual,Manual,First Owner,0–25k,6,53.333333333333336,New
Maruti Zen D,2003,75000,100000,Diesel,Individual,Manual,Second Owner,75–100k,22,0.75,Old
Volkswagen Vento Celeste 1.5 TDI Highline AT,2016,650000,70000,Diesel,Individual,Automatic,First Owner,50–75k,9,9.285714285714286,New
Maruti Eeco 7 Seater Standard BSIV,2017,390000,24000,Petrol,Individual,Manual,First Owner,0–25k,8,16.25,New
Honda City 1.5 EXI,2005,100000,120000,Petrol,Individual,Manual,Second Owner,100–150k,20,0.8333333333333334,Old
Mercedes-Benz New C-Class 220 CDI AT,2013,1500000,35000,Diesel,Individual,Automatic,First Owner,25–50k,12,42.857142857142854,Old
Maruti SX4 Zxi with Leather BSIII,2007,175000,78380,Petrol,Individual,Manual,First Owner,75–100k,18,2.232712426639449,Old
Renault Duster 110PS Diesel RxZ,2012,434999,110000,Diesel,Individual,Manual,Second Owner,100–150k,13,3.9545363636363637,Old
Ford Figo Diesel Titanium,2010,170000,90000,Diesel,Individual,Manual,Third Owner,75–100k,15,1.8888888888888888,Old
Ford Figo Diesel Titanium,2011,190000,90000,Diesel,Individual,Manual,Third Owner,75–100k,14,2.111111111111111,Old
Maruti Swift Dzire VDi,2009,250000,150000,Diesel,Individual,Manual,Third Owner,100–150k,16,1.6666666666666667,Old
Mahindra Xylo E4,2009,229999,230000,Diesel,Individual,Manual,Third Owner,200k+,16,0.9999956521739131,Old
Maruti Esteem Vxi - BSIII,2006,140000,70000,Petrol,Individual,Manual,Third Owner,50–75k,19,2.0,Old
Maruti Swift VDI BSIV,2017,600000,80362,Diesel,Individual,Manual,First Owner,75–100k,8,7.466215375426197,New
Hyundai i20 1.2 Sportz,2012,280000,110000,Petrol,Individual,Manual,Third Owner,100–150k,13,2.5454545454545454,Old
Chevrolet Beat Diesel LT,2012,150000,60000,Diesel,Individual,Manual,First Owner,50–75k,13,2.5,Old
Chevrolet Cruze LTZ AT,2015,650000,50000,Diesel,Individual,Automatic,First Owner,25–50k,10,13.0,Old
Nissan Micra XL,2014,210000,40000,Petrol,Individual,Manual,Second Owner,25–50k,11,5.25,Old
BMW 5 Series 520d Luxury Line,2017,2900000,40000,Diesel,Individual,Automatic,First Owner,25–50k,8,72.5,New
Chevrolet Enjoy 1.3 TCDi LS 8,2013,425000,20000,Diesel,Dealer,Manual,First Owner,0–25k,12,21.25,Old
Hyundai EON Era Plus Option,2014,265000,55000,Petrol,Dealer,Manual,First Owner,50–75k,11,4.818181818181818,Old
Fiat Linea T Jet Emotion,2018,890000,1136,Petrol,Dealer,Manual,First Owner,0–25k,7,783.4507042253521,New
Renault Scala RxL,2013,365000,55000,Petrol,Dealer,Manual,First Owner,50–75k,12,6.636363636363637,Old
Ford Figo Petrol Titanium,2014,350000,43000,Petrol,Dealer,Manual,First Owner,25–50k,11,8.13953488372093,Old
Maruti Ciaz ZDi SHVS,2016,685000,60000,Diesel,Individual,Manual,First Owner,50–75k,9,11.416666666666666,New
Skoda Rapid 1.5 TDI Ambition BSIV,2018,940000,2650,Diesel,Dealer,Manual,First Owner,0–25k,7,354.7169811320755,New
Mahindra XUV500 W6 2WD,2017,1000000,40000,Diesel,Individual,Manual,First Owner,25–50k,8,25.0,New
Mahindra XUV300 W8 Option,2019,1150000,15000,Petrol,Dealer,Manual,First Owner,0–25k,6,76.66666666666667,New
Maruti Ertiga SHVS ZDI,2016,450000,115962,Diesel,Individual,Manual,Second Owner,100–150k,9,3.8805815698245976,New
Nissan Terrano XE D,2015,590000,65000,Diesel,Dealer,Manual,First Owner,50–75k,10,9.076923076923077,Old
Maruti S-Cross Facelift,2017,800000,40000,Diesel,Individual,Manual,First Owner,25–50k,8,20.0,New
Hyundai i20 Magna 1.4 CRDi (Diesel),2012,385000,58000,Diesel,Dealer,Manual,First Owner,50–75k,13,6.637931034482759,Old
Mercedes-Benz New C-Class C 220 CDI BE Avantgare,2013,2000000,15000,Diesel,Individual,Automatic,First Owner,0–25k,12,133.33333333333334,Old
Hyundai EON Era Plus,2012,235000,54000,Petrol,Dealer,Manual,First Owner,50–75k,13,4.351851851851852,Old
Volkswagen Ameo 1.5 TDI Highline,2017,640000,56000,Diesel,Dealer,Manual,First Owner,50–75k,8,11.428571428571429,New
Maruti Alto LX,2006,52000,120000,Petrol,Individual,Manual,Third Owner,100–150k,19,0.43333333333333335,Old
Maruti Omni LPG CARGO BSIII W IMMOBILISER,2009,80000,90000,LPG,Individual,Manual,Second Owner,75–100k,16,0.8888888888888888,Old
Maruti Alto LX,2012,140000,70000,Petrol,Individual,Manual,Second Owner,50–75k,13,2.0,Old
Hyundai Verna i (Petrol),2008,120000,90000,Petrol,Individual,Manual,Second Owner,75–100k,17,1.3333333333333333,Old
Mahindra Renault Logan 1.5 DLS,2008,89999,213000,Diesel,Individual,Manual,First Owner,200k+,17,0.4225305164319249,Old
Chevrolet Optra Magnum 2.0 LS BSIII,2012,180000,120000,Diesel,Individual,Manual,First Owner,100–150k,13,1.5,Old
Mahindra Scorpio S11 BSIV,2017,1500000,20000,Diesel,Individual,Manual,First Owner,0–25k,8,75.0,New
Hyundai i20 Active 1.2 SX,2017,700000,10000,Petrol,Individual,Manual,First Owner,0–25k,8,70.0,New
Maruti SX4 Celebration Diesel,2012,285000,80000,Diesel,Individual,Manual,Second Owner,75–100k,13,3.5625,Old
Hyundai Grand i10 Magna,2015,390000,90000,Petrol,Individual,Manual,First Owner,75–100k,10,4.333333333333333,Old
Maruti Alto LXi BSIII,2008,125000,80000,Petrol,Individual,Manual,First Owner,75–100k,17,1.5625,Old
Maruti SX4 Zxi with Leather BSIII,2008,225000,60000,Petrol,Individual,Manual,Second Owner,50–75k,17,3.75,Old
Hyundai i10 Era,2011,175000,139000,Petrol,Individual,Manual,Second Owner,100–150k,14,1.2589928057553956,Old
Toyota Innova 2.5 V Diesel 7-seater,2011,1075000,160000,Diesel,Individual,Manual,Second Owner,150–200k,14,6.71875,Old
Honda Mobilio V i DTEC,2014,300000,150000,Diesel,Individual,Manual,First Owner,100–150k,11,2.0,Old
Toyota Innova 2.5 G (Diesel) 7 Seater BS IV,2010,700000,163000,Diesel,Individual,Manual,Fourth & Above Owner,150–200k,15,4.294478527607362,Old
Tata Indica V2 2001-2011 DLS BSIII,2009,90000,120000,Diesel,Dealer,Manual,First Owner,100–150k,16,0.75,Old
Tata Indica Vista TDI LS,2011,120000,120000,Diesel,Individual,Manual,Second Owner,100–150k,14,1.0,Old
Chevrolet Beat Diesel LS,2012,220000,100000,Diesel,Individual,Manual,Second Owner,75–100k,13,2.2,Old
Tata Zest Quadrajet 1.3 75PS XE,2015,300000,140000,Diesel,Dealer,Manual,First Owner,100–150k,10,2.142857142857143,Old
Skoda Fabia 1.2L Diesel Ambiente,2010,180000,87000,Diesel,Dealer,Manual,Second Owner,75–100k,15,2.0689655172413794,Old
Maruti 800 Std,2013,170000,70000,Petrol,Individual,Manual,First Owner,50–75k,12,2.4285714285714284,Old
Ford Figo Petrol Titanium,2015,300000,50000,Petrol,Individual,Manual,Second Owner,25–50k,10,6.0,Old
Toyota Innova 2.5 VX (Diesel) 8 Seater,2014,1050000,70000,Diesel,Individual,Manual,First Owner,50–75k,11,15.0,Old
Honda Mobilio V i DTEC,2014,300000,150000,Diesel,Individual,Manual,First Owner,100–150k,11,2.0,Old
Hyundai Grand i10 1.2 CRDi Asta,2018,465000,25000,Diesel,Individual,Manual,First Owner,0–25k,7,18.6,New
Chevrolet Beat Diesel LT,2011,130000,80000,Diesel,Individual,Manual,Second Owner,75–100k,14,1.625,Old
Datsun GO Plus T Option Petrol,2018,434999,10000,Petrol,Individual,Manual,First Owner,0–25k,7,43.4999,New
Hyundai Grand i10 1.2 Kappa Asta,2018,500000,32000,Petrol,Individual,Manual,First Owner,25–50k,7,15.625,New
Maruti Omni MPI STD BSIV,2018,200000,10000,Petrol,Individual,Manual,First Owner,0–25k,7,20.0,New
Maruti Baleno Alpha 1.2,2017,625000,52000,Petrol,Dealer,Manual,First Owner,50–75k,8,12.01923076923077,New
Ford Fiesta Classic 1.4 SXI Duratorq,2006,110000,120000,Diesel,Individual,Manual,Third Owner,100–150k,19,0.9166666666666666,Old
Hyundai Elite i20 Asta Option BSIV,2019,800000,11240,Petrol,Individual,Manual,First Owner,0–25k,6,71.17437722419929,New
Hyundai Grand i10 CRDi Magna,2017,490000,66000,Diesel,Dealer,Manual,First Owner,50–75k,8,7.424242424242424,New
Maruti Ertiga SHVS ZDI,2017,880000,64000,Diesel,Dealer,Manual,First Owner,50–75k,8,13.75,New
Hyundai Santro Xing GL Plus,2013,290000,49000,Petrol,Individual,Manual,First Owner,25–50k,12,5.918367346938775,Old
Tata Sumo GX TC 7 Str BSIII,2006,115999,100000,Diesel,Individual,Manual,Second Owner,75–100k,19,1.15999,Old
Renault KWID RXT,2018,360000,26500,Petrol,Individual,Manual,First Owner,25–50k,7,13.584905660377359,New
Maruti 800 AC,2002,65000,100000,Petrol,Individual,Manual,Second Owner,75–100k,23,0.65,Old
Maruti Vitara Brezza LDi Option,2017,685000,72000,Diesel,Dealer,Manual,First Owner,50–75k,8,9.51388888888889,New
Honda Jazz S,2009,300000,50000,Petrol,Individual,Manual,First Owner,25–50k,16,6.0,Old
Hyundai i20 1.4 Sportz,2017,680000,44000,Diesel,Dealer,Manual,First Owner,25–50k,8,15.454545454545455,New
Maruti Ertiga SHVS ZDI Plus,2017,1000000,60000,Diesel,Individual,Manual,Second Owner,50–75k,8,16.666666666666668,New
Tata Sumo SE Plus BSIII,2002,100000,120000,Diesel,Individual,Manual,First Owner,100–150k,23,0.8333333333333334,Old
Mahindra Xylo E4,2010,160000,130000,Diesel,Individual,Manual,First Owner,100–150k,15,1.2307692307692308,Old
Maruti Swift ZDi BSIV,2017,450000,70000,Diesel,Individual,Manual,First Owner,50–75k,8,6.428571428571429,New
Maruti Ertiga VXI,2014,600000,20000,Petrol,Individual,Manual,First Owner,0–25k,11,30.0,Old
Hyundai i20 1.4 Magna ABS,2009,180000,60000,Diesel,Individual,Manual,Second Owner,50–75k,16,3.0,Old
Maruti Alto LXi,2007,100000,195000,Petrol,Individual,Manual,First Owner,150–200k,18,0.5128205128205128,Old
Maruti Alto LXi,2010,120000,90000,Petrol,Individual,Manual,Second Owner,75–100k,15,1.3333333333333333,Old
Hyundai Getz GL,2006,130000,80000,Petrol,Individual,Manual,Third Owner,75–100k,19,1.625,Old
Maruti Wagon R LX BS IV,2011,160000,155000,Petrol,Individual,Manual,First Owner,150–200k,14,1.032258064516129,Old
Mahindra Bolero Power Plus SLX,2019,860000,35000,Diesel,Individual,Manual,First Owner,25–50k,6,24.571428571428573,New
Hyundai i20 1.2 Spotz,2018,650000,20000,Petrol,Individual,Manual,Second Owner,0–25k,7,32.5,New
Maruti Wagon R LXI Minor,2010,100000,80000,Petrol,Individual,Manual,Second Owner,75–100k,15,1.25,Old
Maruti Alto 800 VXI,2017,282000,20000,Petrol,Individual,Manual,First Owner,0–25k,8,14.1,New
Hyundai i20 Asta (o),2009,300000,50000,Petrol,Individual,Manual,First Owner,25–50k,16,6.0,Old
Hyundai i20 Asta,2010,270000,110000,Petrol,Individual,Manual,Second Owner,100–150k,15,2.4545454545454546,Old
Hyundai Verna 1.6 SX CRDi (O),2013,550000,29000,Diesel,Individual,Manual,First Owner,25–50k,12,18.96551724137931,Old
Mahindra Xylo D2 BSIV,2013,450000,120000,Diesel,Individual,Manual,First Owner,100–150k,12,3.75,Old
Mahindra Bolero SLX 2WD BSIII,2011,430000,70000,Diesel,Individual,Manual,Second Owner,50–75k,14,6.142857142857143,Old
Maruti Ertiga VXI ABS,2013,350000,40000,Petrol,Individual,Manual,First Owner,25–50k,12,8.75,Old
Honda Brio 1.2 E MT,2017,350000,20000,Petrol,Individual,Manual,First Owner,0–25k,8,17.5,New
Toyota Etios Liva G,2013,229999,50000,Petrol,Individual,Manual,Second Owner,25–50k,12,4.59998,Old
Maruti Alto 800 LXI,2013,110000,50000,Petrol,Individual,Manual,First Owner,25–50k,12,2.2,Old
Maruti Swift Dzire 1.2 Vxi BSIV,2012,395000,49000,Petrol,Individual,Manual,Second Owner,25–50k,13,8.061224489795919,Old
Mahindra Scorpio VLS AT 2.2 mHAWK,2011,650000,70000,Diesel,Individual,Automatic,Second Owner,50–75k,14,9.285714285714286,Old
Mahindra Bolero SLX,2011,350000,90000,Diesel,Individual,Manual,Second Owner,75–100k,14,3.888888888888889,Old
Mahindra XUV500 W11 Option AWD,2020,1400000,25000,Diesel,Dealer,Manual,First Owner,0–25k,5,56.0,New
Tata Tiago 1.2 Revotron XZ,2018,360000,4000,Petrol,Individual,Manual,First Owner,0–25k,7,90.0,New
Mahindra Marazzo M8 8Str,2018,1300000,10000,Diesel,Individual,Manual,First Owner,0–25k,7,130.0,New
Renault Duster 110PS Diesel RxL,2015,800000,15000,Diesel,Individual,Manual,First Owner,0–25k,10,53.333333333333336,Old
Hyundai EON Magna Plus,2018,229999,30000,Petrol,Individual,Manual,First Owner,25–50k,7,7.666633333333333,New
Maruti Wagon R VXI,2014,315000,41000,Petrol,Dealer,Manual,First Owner,25–50k,11,7.682926829268292,Old
Chevrolet Spark 1.0 LT,2012,125000,28000,Petrol,Individual,Manual,First Owner,25–50k,13,4.464285714285714,Old
Maruti Baleno Alpha,2019,700000,16000,Petrol,Individual,Manual,First Owner,0–25k,6,43.75,New
Hyundai EON 1.0 Kappa Magna Plus,2015,160000,70000,Petrol,Individual,Manual,First Owner,50–75k,10,2.2857142857142856,Old
Ford Figo Aspire 1.2 Ti-VCT Trend,2017,530000,10832,Petrol,Dealer,Manual,First Owner,0–25k,8,48.92909896602659,New
Ford Figo Aspire Facelift,2018,624000,14681,Diesel,Dealer,Manual,First Owner,0–25k,7,42.50391662693277,New
Hyundai i10 Era,2009,250000,50000,Petrol,Individual,Manual,First Owner,25–50k,16,5.0,Old
Mahindra Bolero SLX,2016,585000,51000,Diesel,Dealer,Manual,First Owner,50–75k,9,11.470588235294118,New
Hyundai Verna 1.4 VTVT,2015,500000,25000,Petrol,Individual,Manual,First Owner,0–25k,10,20.0,Old
Chevrolet Sail 1.2 LT ABS,2014,350000,30000,Petrol,Individual,Manual,First Owner,25–50k,11,11.666666666666666,Old
Honda City i-DTEC SV,2014,495000,80000,Diesel,Dealer,Manual,First Owner,75–100k,11,6.1875,Old
Hyundai Grand i10 1.2 Kappa Asta,2017,500000,50000,Petrol,Individual,Manual,First Owner,25–50k,8,10.0,New
Mahindra Bolero Power Plus Plus AC BSIV PS,2015,430000,200000,Diesel,Individual,Manual,First Owner,150–200k,10,2.15,Old
Hyundai Grand i10 1.2 Kappa Sportz Option,2013,345000,44000,Petrol,Dealer,Manual,First Owner,25–50k,12,7.840909090909091,Old
Maruti Baleno Sigma 1.2,2015,500000,10000,Petrol,Individual,Manual,First Owner,0–25k,10,50.0,Old
Tata Tiago 1.2 Revotron XZ,2019,425000,19600,Petrol,Individual,Manual,First Owner,0–25k,6,21.683673469387756,New
Maruti Wagon R LXI,2005,80000,40000,Petrol,Individual,Manual,Second Owner,25–50k,20,2.0,Old
Chevrolet Beat Diesel LS,2011,106000,50000,Diesel,Individual,Manual,First Owner,25–50k,14,2.12,Old
Maruti A-Star Vxi,2009,180000,46730,Petrol,Individual,Manual,First Owner,25–50k,16,3.851915257864327,Old
Datsun GO A,2015,250000,40000,Petrol,Individual,Manual,Second Owner,25–50k,10,6.25,Old
Skoda Yeti Ambition 4WD,2011,350000,80000,Diesel,Individual,Manual,First Owner,75–100k,14,4.375,Old
Maruti Zen LXi BSII,2002,60000,80000,Petrol,Individual,Manual,Second Owner,75–100k,23,0.75,Old
Hyundai Verna CRDi 1.6 EX,2018,900000,24000,Diesel,Individual,Manual,First Owner,0–25k,7,37.5,New
Ford Aspire Titanium Diesel BSIV,2017,700000,21170,Diesel,Dealer,Manual,First Owner,0–25k,8,33.065658951346244,New
BMW 3 Series 320d Sport,2013,2000000,167223,Diesel,Dealer,Automatic,First Owner,150–200k,12,11.960077262099114,Old
Maruti Ertiga SHVS ZDI Plus,2017,1000000,40000,Diesel,Individual,Manual,First Owner,25–50k,8,25.0,New
BMW X1 sDrive 20d Exclusive,2011,1375000,60000,Diesel,Individual,Automatic,First Owner,50–75k,14,22.916666666666668,Old
Toyota Innova Crysta 2.4 VX MT,2016,1800000,141440,Diesel,Dealer,Manual,First Owner,100–150k,9,12.726244343891402,New
Chevrolet Tavera Neo 3 10 Seats BSIV,2007,160000,120000,Diesel,Individual,Manual,Third Owner,100–150k,18,1.3333333333333333,Old
Mitsubishi Outlander 2.4,2012,525000,140000,Petrol,Individual,Automatic,First Owner,100–150k,13,3.75,Old
Mahindra XUV500 W8 2WD,2012,850000,212814,Diesel,Dealer,Manual,First Owner,200k+,13,3.9940981326416494,Old
Maruti Baleno Alpha 1.3,2019,800000,30000,Diesel,Individual,Manual,First Owner,25–50k,6,26.666666666666668,New
Ford Figo Aspire 1.5 TDCi Titanium,2017,700000,88635,Diesel,Dealer,Manual,First Owner,75–100k,8,7.897557398318948,New
Maruti Swift Dzire VDI,2018,800000,25000,Diesel,Individual,Manual,First Owner,0–25k,7,32.0,New
Hyundai i20 1.2 Spotz,2017,575000,20000,Petrol,Individual,Manual,Second Owner,0–25k,8,28.75,New
Renault Duster 110PS Diesel RxZ,2012,350000,110000,Diesel,Individual,Manual,Second Owner,100–150k,13,3.1818181818181817,Old
Maruti Swift Vdi BSIII,2008,250000,120000,Diesel,Individual,Manual,Third Owner,100–150k,17,2.0833333333333335,Old
Ford Endeavour Titanium 4X2,2011,600000,149674,Diesel,Dealer,Manual,Second Owner,100–150k,14,4.008712267995778,Old
Mahindra Scorpio 2.6 Turbo 9 Str,2007,370000,100000,Diesel,Individual,Manual,Third Owner,75–100k,18,3.7,Old
Maruti Baleno Vxi,2006,80000,120000,Petrol,Individual,Manual,Third Owner,100–150k,19,0.6666666666666666,Old
Tata Indica DLX,2003,50000,120000,Diesel,Individual,Manual,Second Owner,100–150k,22,0.4166666666666667,Old
Hyundai Verna CRDi 1.6 EX,2018,900000,25000,Diesel,Individual,Manual,First Owner,0–25k,7,36.0,New
Maruti Wagon R VXI BS IV,2014,300000,35000,Petrol,Individual,Manual,Second Owner,25–50k,11,8.571428571428571,Old
Tata Indica LSI,2002,125000,40000,Petrol,Individual,Manual,First Owner,25–50k,23,3.125,Old
Maruti Swift Dzire VDI,2015,490000,60000,Diesel,Individual,Manual,Second Owner,50–75k,10,8.166666666666666,Old
Toyota Etios Liva GD,2012,300000,50000,Diesel,Individual,Manual,Second Owner,25–50k,13,6.0,Old
Tata Nano STD,2013,55000,25000,Petrol,Individual,Manual,Fourth & Above Owner,0–25k,12,2.2,Old
Hyundai Grand i10 Sportz,2016,350000,25000,Petrol,Individual,Manual,First Owner,0–25k,9,14.0,New
Hyundai Grand i10 1.2 CRDi Asta,2019,755000,8000,Diesel,Individual,Manual,First Owner,0–25k,6,94.375,New
Maruti Ertiga SHVS VDI,2017,720000,60000,Diesel,Individual,Manual,First Owner,50–75k,8,12.0,New
Mahindra Bolero SLX,2006,229999,200000,Diesel,Individual,Manual,Third Owner,150–200k,19,1.149995,Old
Mahindra Scorpio S7 140 BSIV,2018,1100000,20000,Diesel,Individual,Manual,First Owner,0–25k,7,55.0,New
Volkswagen Polo Petrol Comfortline 1.2L,2013,400000,100000,Petrol,Individual,Manual,First Owner,75–100k,12,4.0,Old
Hyundai Xcent 1.1 CRDi Base,2015,350000,70000,Diesel,Individual,Manual,Second Owner,50–75k,10,5.0,Old
Chevrolet Beat Diesel PS,2012,159000,68000,Diesel,Dealer,Manual,First Owner,50–75k,13,2.338235294117647,Old
Maruti Swift ZXi BSIV,2017,550000,38000,Petrol,Dealer,Manual,First Owner,25–50k,8,14.473684210526315,New
Maruti Ritz VDi,2013,335000,80000,Diesel,Dealer,Manual,First Owner,75–100k,12,4.1875,Old
Tata Indigo CS Emax CNG GLX,2014,185000,72000,CNG,Dealer,Manual,First Owner,50–75k,11,2.5694444444444446,Old
Maruti Eeco 5 STR With AC Plus HTR CNG,2012,229999,75000,CNG,Dealer,Manual,First Owner,50–75k,13,3.0666533333333335,Old
Maruti Estilo LXI,2014,225000,43000,Petrol,Dealer,Manual,First Owner,25–50k,11,5.232558139534884,Old
Maruti Swift VXI with ABS,2007,250000,120000,Petrol,Individual,Manual,Second Owner,100–150k,18,2.0833333333333335,Old
Tata Zest Quadrajet 1.3 XM,2015,400000,100000,Diesel,Individual,Manual,First Owner,75–100k,10,4.0,Old
Maruti Swift VDI BSIV,2014,470000,163000,Diesel,Individual,Manual,First Owner,150–200k,11,2.8834355828220857,Old
Maruti Alto K10 VXI AGS Optional,2018,300000,25000,Petrol,Individual,Automatic,First Owner,0–25k,7,12.0,New
Maruti Alto LX,2011,145000,25000,Petrol,Individual,Manual,First Owner,0–25k,14,5.8,Old
Maruti SX4 Vxi BSIII,2007,100000,90000,Petrol,Individual,Manual,Second Owner,75–100k,18,1.1111111111111112,Old
Mahindra Scorpio SLE BSIV,2014,500000,70000,Diesel,Individual,Manual,Second Owner,50–75k,11,7.142857142857143,Old
Hyundai Santro Xing GLS CNG,2010,130000,98000,CNG,Individual,Manual,Second Owner,75–100k,15,1.3265306122448979,Old
Chevrolet Cruze LTZ,2010,240000,81925,Diesel,Individual,Manual,First Owner,75–100k,15,2.929508696978944,Old
Ford Figo Diesel Celebration Edition,2013,150000,80000,Diesel,Individual,Manual,Second Owner,75–100k,12,1.875,Old
Renault KWID RXT Optional,2017,270000,40000,Petrol,Individual,Manual,First Owner,25–50k,8,6.75,New
Maruti Swift Dzire VDI,2014,400000,90000,Diesel,Individual,Manual,First Owner,75–100k,11,4.444444444444445,Old
Hyundai EON Era Plus,2012,200000,46000,Petrol,Individual,Manual,First Owner,25–50k,13,4.3478260869565215,Old
Mahindra XUV500 W6 2WD,2012,550000,80000,Diesel,Individual,Manual,First Owner,75–100k,13,6.875,Old
Renault KWID 1.0 RXT Optional,2018,325000,35000,Petrol,Individual,Manual,First Owner,25–50k,7,9.285714285714286,New
Skoda Rapid 1.5 TDI AT Style BSIV,2017,860000,82080,Diesel,Individual,Automatic,First Owner,75–100k,8,10.477582846003898,New
Mahindra XUV500 W8 2WD,2012,600000,200000,Diesel,Individual,Manual,First Owner,150–200k,13,3.0,Old
Chevrolet Spark 1.0,2009,125000,70000,Petrol,Individual,Manual,First Owner,50–75k,16,1.7857142857142858,Old
Maruti 800 AC,2000,60000,40000,Petrol,Individual,Manual,Third Owner,25–50k,25,1.5,Old
Chevrolet Tavera Neo 3 10 Seats BSIV,2010,300000,120000,Diesel,Individual,Manual,Third Owner,100–150k,15,2.5,Old
Ford Fiesta 1.6 ZXi Duratec,2007,190000,60000,Petrol,Individual,Manual,Third Owner,50–75k,18,3.1666666666666665,Old
Maruti Ertiga VDI,2013,400000,110000,Diesel,Individual,Manual,First Owner,100–150k,12,3.6363636363636362,Old
Tata Manza Aura Quadrajet BS IV,2011,260000,97000,Diesel,Individual,Manual,Second Owner,75–100k,14,2.6804123711340204,Old
Maruti Swift VVT VXI,2017,400000,30000,Petrol,Individual,Manual,First Owner,25–50k,8,13.333333333333334,New
Hyundai i20 Sportz Petrol,2010,250000,40000,Petrol,Individual,Manual,First Owner,25–50k,15,6.25,Old
Hyundai Grand i10 1.2 Kappa Asta,2019,600000,10000,Petrol,Individual,Manual,First Owner,0–25k,6,60.0,New
Maruti Zen Estilo VXI BSIV,2010,175000,52047,Petrol,Individual,Manual,First Owner,50–75k,15,3.3623455722712166,Old
Toyota Innova 2.5 G (Diesel) 8 Seater BS IV,2011,450000,200000,Diesel,Individual,Manual,Third Owner,150–200k,14,2.25,Old
Tata Tiago 1.2 Revotron XZA,2019,350000,15000,Petrol,Individual,Automatic,Second Owner,0–25k,6,23.333333333333332,New
Maruti Vitara Brezza ZDi,2018,800000,50000,Diesel,Individual,Manual,First Owner,25–50k,7,16.0,New
Maruti Swift VXI BSIII,2011,250000,70000,Petrol,Individual,Manual,Second Owner,50–75k,14,3.5714285714285716,Old
Maruti Swift VXI BSIV,2019,600000,10000,Petrol,Individual,Manual,First Owner,0–25k,6,60.0,New
Maruti Swift VDI BSIV,2017,600000,90000,Diesel,Individual,Manual,First Owner,75–100k,8,6.666666666666667,New
Maruti Alto 800 LXI,2016,130000,40000,Petrol,Individual,Manual,First Owner,25–50k,9,3.25,New
Maruti Wagon R LXI,2006,90000,62009,Petrol,Individual,Manual,Second Owner,50–75k,19,1.4514022158073827,Old
Hyundai i20 Active 1.2 S,2017,595000,33100,Petrol,Individual,Manual,Second Owner,25–50k,8,17.97583081570997,New
Hyundai EON Era Plus,2014,190000,40000,Petrol,Individual,Manual,Second Owner,25–50k,11,4.75,Old
Hyundai Santro GLS I - Euro I,1999,50000,120000,Petrol,Individual,Manual,Second Owner,100–150k,26,0.4166666666666667,Old
Maruti Wagon R LXI Minor,2007,95000,80000,Petrol,Individual,Manual,First Owner,75–100k,18,1.1875,Old
Tata Safari Storme VX,2016,1000000,70000,Diesel,Individual,Manual,First Owner,50–75k,9,14.285714285714286,New
Mahindra Scorpio REV 116,2006,220000,220000,Petrol,Individual,Manual,Second Owner,200k+,19,1.0,Old
Mahindra Bolero SLX,2010,400000,50000,Diesel,Individual,Manual,First Owner,25–50k,15,8.0,Old
Datsun GO Plus A,2015,315000,45000,Petrol,Individual,Manual,Second Owner,25–50k,10,7.0,Old
Toyota Fortuner 4x4 MT,2014,1000000,110000,Diesel,Individual,Manual,First Owner,100–150k,11,9.090909090909092,Old
Ford Ecosport 1.5 DV5 MT Titanium,2014,500000,49000,Diesel,Individual,Manual,First Owner,25–50k,11,10.204081632653061,Old
Mahindra XUV500 W11 AT BSIV,2018,1600000,35000,Diesel,Individual,Automatic,First Owner,25–50k,7,45.714285714285715,New
Mahindra Supro VX 8 Str,2017,500000,160000,Diesel,Individual,Manual,First Owner,150–200k,8,3.125,New
Maruti Alto LX,2007,70000,180000,Petrol,Individual,Manual,Third Owner,150–200k,18,0.3888888888888889,Old
Maruti 800 AC,2007,105000,60000,Petrol,Individual,Manual,Second Owner,50–75k,18,1.75,Old
Ford Endeavour 2.5L 4X2 MT,2008,400000,110000,Diesel,Individual,Manual,Third Owner,100–150k,17,3.6363636363636362,Old
Maruti Wagon R LXI,2004,80000,60000,Petrol,Individual,Manual,Third Owner,50–75k,21,1.3333333333333333,Old
Maruti Alto 800 VXI,2016,300000,30000,Petrol,Individual,Manual,First Owner,25–50k,9,10.0,New
Mahindra KUV 100 D75 K2,2017,409999,40000,Diesel,Individual,Manual,First Owner,25–50k,8,10.249975,New
Maruti Swift Glam,2009,250000,70000,Petrol,Individual,Manual,First Owner,50–75k,16,3.5714285714285716,Old
Tata New Safari DICOR 2.2 EX 4x2,2010,250000,120000,Diesel,Individual,Manual,Second Owner,100–150k,15,2.0833333333333335,Old
Maruti Swift Dzire VDI,2012,215000,80000,Diesel,Individual,Manual,Third Owner,75–100k,13,2.6875,Old
Toyota Fortuner 4x4 MT,2015,1400000,120000,Diesel,Individual,Manual,First Owner,100–150k,10,11.666666666666666,Old
Honda Brio 1.2 VX MT,2018,475000,20000,Petrol,Individual,Manual,First Owner,0–25k,7,23.75,New
Honda Brio 1.2 VX MT,2018,475000,22000,Petrol,Individual,Manual,First Owner,0–25k,7,21.59090909090909,New
Chevrolet Spark 1.0 LS,2008,75000,35000,Petrol,Individual,Manual,Second Owner,25–50k,17,2.142857142857143,Old
Chevrolet Sail Hatchback LS ABS,2013,200000,120000,Diesel,Individual,Manual,Second Owner,100–150k,12,1.6666666666666667,Old
Tata Tiago NRG Petrol,2019,575000,8000,Petrol,Individual,Manual,First Owner,0–25k,6,71.875,New
Maruti Ritz VDi,2011,150000,40000,Diesel,Individual,Manual,Second Owner,25–50k,14,3.75,Old
Maruti Vitara Brezza ZDi Plus,2018,850000,10000,Diesel,Individual,Manual,First Owner,0–25k,7,85.0,New
Hyundai Santro Era,2019,350000,30000,Petrol,Individual,Manual,First Owner,25–50k,6,11.666666666666666,New
Ford Endeavour 2.5L 4X2 MT,2011,550000,54000,Diesel,Individual,Manual,Second Owner,50–75k,14,10.185185185185185,Old
Hyundai Verna 1.4 VTVT,2017,330000,80577,Petrol,Individual,Manual,First Owner,75–100k,8,4.095461484046316,New
Honda City i-DTEC V,2017,1044999,25000,Diesel,Individual,Manual,First Owner,0–25k,8,41.79996,New
Hyundai Verna 1.6 CRDI,2011,300000,127500,Diesel,Individual,Manual,Second Owner,100–150k,14,2.3529411764705883,Old
Hyundai EON D Lite Plus,2015,235000,40903,Petrol,Dealer,Manual,First Owner,25–50k,10,5.7452998557563015,Old
Ford Figo Petrol Titanium,2011,120000,60000,Petrol,Individual,Manual,Third Owner,50–75k,14,2.0,Old
Maruti Wagon R VXI,2004,130000,46000,Petrol,Individual,Manual,First Owner,25–50k,21,2.8260869565217392,Old
Ford Endeavour 4x4 XLT,2004,275000,22288,Diesel,Dealer,Manual,Second Owner,0–25k,21,12.338478104809763,Old
Volkswagen Jetta 2.0 TDI Trendline,2011,270000,180000,Diesel,Individual,Manual,Second Owner,150–200k,14,1.5,Old
Volkswagen Polo 1.5 TDI Highline,2015,500000,30000,Diesel,Individual,Manual,Second Owner,25–50k,10,16.666666666666668,Old
Hyundai Grand i10 Sportz,2015,400000,61690,Petrol,Dealer,Manual,First Owner,50–75k,10,6.48403306856865,Old
Hyundai i20 Asta 1.2,2015,600000,64484,Petrol,Dealer,Manual,First Owner,50–75k,10,9.304633707586378,Old
Audi Q5 2.0 TDI,2012,1350000,90000,Diesel,Individual,Automatic,Second Owner,75–100k,13,15.0,Old
Renault Duster 85PS Diesel RxE,2013,400000,75976,Diesel,Dealer,Manual,Second Owner,75–100k,12,5.264820469621986,Old
Ford Figo Diesel Titanium,2011,220000,70000,Diesel,Individual,Manual,Second Owner,50–75k,14,3.142857142857143,Old
Honda Brio E MT,2012,300000,85962,Petrol,Dealer,Manual,Second Owner,75–100k,13,3.4899141481119567,Old
Maruti Omni E MPI STD BS IV,2018,250000,120000,Petrol,Individual,Manual,First Owner,100–150k,7,2.0833333333333335,New
Honda Mobilio V i DTEC,2015,600000,120000,Diesel,Individual,Manual,First Owner,100–150k,10,5.0,Old
Honda Brio S Option AT,2012,285000,75000,Petrol,Individual,Automatic,Second Owner,50–75k,13,3.8,Old
Honda Accord 2.4 MT,2009,350000,57035,Petrol,Dealer,Manual,First Owner,50–75k,16,6.136582800035066,Old
Mahindra Bolero SLX,2011,170000,70000,Diesel,Individual,Manual,Third Owner,50–75k,14,2.4285714285714284,Old
Ford Figo 1.2P Ambiente MT,2015,229999,45000,Petrol,Individual,Manual,First Owner,25–50k,10,5.111088888888889,Old
Mahindra XUV500 W6 2WD,2013,500000,72104,Diesel,Dealer,Manual,Second Owner,50–75k,12,6.93442804837457,Old
Tata Nano Lx,2011,75000,15000,Petrol,Individual,Manual,First Owner,0–25k,14,5.0,Old
Hyundai i20 Active 1.2 SX,2016,600000,30000,Petrol,Individual,Manual,First Owner,25–50k,9,20.0,New
Tata Indigo LS Dicor,2011,220000,80000,Diesel,Individual,Manual,First Owner,75–100k,14,2.75,Old
Tata Indica Vista Terra 1.4 TDI,2009,150000,164000,Diesel,Individual,Manual,Second Owner,150–200k,16,0.9146341463414634,Old
Maruti Alto LX,2006,65000,124439,Petrol,Individual,Manual,Second Owner,100–150k,19,0.5223442811337282,Old
Maruti Zen VXI,2006,120000,77000,Petrol,Individual,Manual,Second Owner,75–100k,19,1.5584415584415585,Old
Maruti Swift Dzire VDI,2014,240000,90000,Diesel,Individual,Manual,First Owner,75–100k,11,2.6666666666666665,Old
Renault KWID 1.0 RXT Optional,2017,390000,30000,Petrol,Individual,Manual,First Owner,25–50k,8,13.0,New
Chevrolet Beat LS,2012,180000,50000,Petrol,Individual,Manual,First Owner,25–50k,13,3.6,Old
Maruti Swift VDI,2012,320000,80000,Diesel,Individual,Manual,Second Owner,75–100k,13,4.0,Old
Maruti Alto 800 LXI,2018,310000,5000,Petrol,Individual,Manual,First Owner,0–25k,7,62.0,New
Maruti Wagon R AMT VXI,2018,420000,24000,Petrol,Individual,Automatic,First Owner,0–25k,7,17.5,New
Tata Tiago NRG Petrol,2019,550000,10000,Petrol,Individual,Manual,First Owner,0–25k,6,55.0,New
Maruti Ertiga SHVS VDI,2016,550000,78000,Diesel,Individual,Manual,Third Owner,75–100k,9,7.051282051282051,New
Mahindra TUV 300 T4 Plus,2018,760000,50000,Diesel,Individual,Manual,First Owner,25–50k,7,15.2,New
Maruti 800 AC BSII,2001,43000,100000,Petrol,Individual,Manual,Second Owner,75–100k,24,0.43,Old
Maruti Omni MPI STD BSIV,2018,250000,20000,Petrol,Individual,Manual,First Owner,0–25k,7,12.5,New
Hyundai Santro Magna BSIV,2019,500000,1250,Petrol,Individual,Manual,First Owner,0–25k,6,400.0,New
Tata Zest Revotron 1.2 XT,2015,380000,17152,Petrol,Individual,Manual,First Owner,0–25k,10,22.154850746268657,Old
Mahindra XUV500 W11 Option AT AWD,2019,1850000,5000,Diesel,Individual,Automatic,First Owner,0–25k,6,370.0,New
Volkswagen Polo Diesel Trendline 1.2L,2012,350000,77000,Diesel,Individual,Manual,First Owner,75–100k,13,4.545454545454546,Old
Hyundai Verna CRDi,2008,195000,90000,Diesel,Individual,Manual,Second Owner,75–100k,17,2.1666666666666665,Old
Chevrolet Beat LS,2011,225000,80000,Petrol,Individual,Manual,Second Owner,75–100k,14,2.8125,Old
Toyota Innova 2.5 G (Diesel) 7 Seater,2015,1125000,65000,Diesel,Individual,Manual,First Owner,50–75k,10,17.307692307692307,Old
Tata Indica Vista Quadrajet LX,2011,133000,80000,Diesel,Individual,Manual,First Owner,75–100k,14,1.6625,Old
Hyundai EON Era Plus,2013,200000,24005,Petrol,Individual,Manual,First Owner,0–25k,12,8.3315975838367,Old
Maruti Vitara Brezza ZDi Plus,2018,940000,20000,Diesel,Individual,Manual,First Owner,0–25k,7,47.0,New
Renault Duster 85PS Diesel RxL,2014,400000,120000,Diesel,Individual,Manual,First Owner,100–150k,11,3.3333333333333335,Old
Hyundai i10 Era 1.1,2009,120000,120000,Petrol,Individual,Manual,Second Owner,100–150k,16,1.0,Old
Maruti Swift Dzire ZDI,2015,625000,80000,Diesel,Individual,Manual,First Owner,75–100k,10,7.8125,Old
Maruti Swift 1.3 VXi,2005,110000,80000,Petrol,Individual,Manual,First Owner,75–100k,20,1.375,Old
Renault Duster 110PS Diesel RxZ,2012,490000,100000,Diesel,Individual,Manual,First Owner,75–100k,13,4.9,Old
Maruti Alto LX,2009,140000,120000,Petrol,Individual,Manual,Second Owner,100–150k,16,1.1666666666666667,Old
Ford Figo Diesel ZXI,2011,175000,149000,Diesel,Individual,Manual,Second Owner,100–150k,14,1.174496644295302,Old
Maruti Wagon R LXI BSIII,2005,90000,65000,Petrol,Individual,Manual,Second Owner,50–75k,20,1.3846153846153846,Old
Maruti Swift Ldi BSIV,2009,275000,100000,Diesel,Individual,Manual,Second Owner,75–100k,16,2.75,Old
Volkswagen Vento Diesel Highline,2011,300000,65000,Diesel,Individual,Manual,Second Owner,50–75k,14,4.615384615384615,Old
Datsun GO Plus T Option BSIV,2018,270000,19000,Petrol,Individual,Manual,Second Owner,0–25k,7,14.210526315789474,New
Chevrolet Beat LT,2010,130000,80000,Petrol,Individual,Manual,Second Owner,75–100k,15,1.625,Old
Maruti Alto K10 VXI Airbag,2015,275000,30000,Petrol,Individual,Manual,First Owner,25–50k,10,9.166666666666666,Old
Maruti Swift VDI,2012,352000,109000,Diesel,Individual,Manual,First Owner,100–150k,13,3.229357798165138,Old
Hyundai EON LPG Magna Plus,2012,180000,90000,LPG,Individual,Manual,First Owner,75–100k,13,2.0,Old
Maruti Alto LX,2012,150000,90000,Petrol,Individual,Manual,First Owner,75–100k,13,1.6666666666666667,Old
Volkswagen Vento Diesel Highline,2011,300000,65000,Diesel,Individual,Manual,Second Owner,50–75k,14,4.615384615384615,Old
Maruti Swift Vdi BSIII,2010,300000,110000,Diesel,Individual,Manual,Second Owner,100–150k,15,2.727272727272727,Old
Mahindra Bolero DI DX 7 Seater,2007,225000,120000,Diesel,Individual,Manual,First Owner,100–150k,18,1.875,Old
Honda Mobilio V i DTEC,2014,600000,44000,Diesel,Individual,Manual,First Owner,25–50k,11,13.636363636363637,Old
Maruti Ertiga BSIV ZXI,2015,500000,80000,Petrol,Individual,Manual,First Owner,75–100k,10,6.25,Old
Honda BR-V i-VTEC S MT,2018,900000,5000,Petrol,Individual,Manual,First Owner,0–25k,7,180.0,New
Hyundai i20 Magna 1.2,2016,600000,61000,Petrol,Individual,Manual,First Owner,50–75k,9,9.836065573770492,New
Toyota Etios VD,2011,450000,100000,Diesel,Individual,Manual,Second Owner,75–100k,14,4.5,Old
Hyundai i10 Era 1.1,2009,270000,27633,Petrol,Individual,Manual,First Owner,25–50k,16,9.77092606665943,Old
Maruti Swift Vdi BSIII,2010,310000,100000,Diesel,Individual,Manual,Third Owner,75–100k,15,3.1,Old
Hyundai Santro Xing GLS Audio LPG,2012,250000,100000,LPG,Individual,Manual,First Owner,75–100k,13,2.5,Old
Ford Figo 1.2P Titanium MT,2019,700000,12586,Petrol,Dealer,Manual,First Owner,0–25k,6,55.61735261401557,New
Fiat Avventura Urban Cross 1.3 Multijet Emotion,2018,650000,38083,Diesel,Dealer,Manual,First Owner,25–50k,7,17.067983089567523,New
Ford Figo Diesel ZXI,2012,400000,55328,Diesel,Dealer,Manual,First Owner,50–75k,13,7.2296124927703875,Old
Ford Figo Diesel Titanium,2012,425000,81632,Diesel,Dealer,Manual,First Owner,75–100k,13,5.206291650333203,Old
Ford Aspire Titanium Diesel BSIV,2016,600000,155201,Diesel,Dealer,Manual,First Owner,150–200k,9,3.8659544719428354,New
Ford EcoSport 1.5 TDCi Titanium BSIV,2013,600000,93283,Diesel,Dealer,Manual,First Owner,75–100k,12,6.432040135930448,Old
Maruti Swift Ldi BSIII,2009,300000,217871,Diesel,Dealer,Manual,First Owner,200k+,16,1.3769615965410724,Old
Ford Fiesta Classic 1.4 Duratorq CLXI,2012,450000,90165,Diesel,Dealer,Manual,First Owner,75–100k,13,4.990850108135086,Old
Ford Ecosport 1.5 DV5 MT Titanium,2014,750000,101504,Diesel,Dealer,Manual,First Owner,100–150k,11,7.388871374527112,Old
Ford Figo Titanium Diesel BSIV,2010,325000,86017,Diesel,Dealer,Manual,Second Owner,75–100k,15,3.778322889661346,Old
Mahindra XUV500 W8 2WD,2013,900000,85036,Diesel,Dealer,Manual,Second Owner,75–100k,12,10.583752763535443,Old
Ford Ikon 1.3L Rocam Flair,2006,180000,91086,Petrol,Dealer,Manual,Second Owner,75–100k,19,1.9761544035307292,Old
Fiat Punto 1.3 Emotion,2013,350000,160254,Diesel,Dealer,Manual,Second Owner,150–200k,12,2.1840328478540316,Old
Ford EcoSport 1.5 TDCi Titanium BSIV,2013,600000,125531,Diesel,Dealer,Manual,Second Owner,100–150k,12,4.779695852020616,Old
Honda WR-V i-DTEC V,2019,900000,60000,Diesel,Individual,Manual,First Owner,50–75k,6,15.0,New
Skoda Laura L n K 1.9 PD,2006,350000,100000,Diesel,Individual,Manual,First Owner,75–100k,19,3.5,Old
Maruti Ritz LDi,2013,280000,90000,Diesel,Individual,Manual,Third Owner,75–100k,12,3.111111111111111,Old
Mahindra Xylo D2,2009,225000,120000,Diesel,Individual,Manual,Second Owner,100–150k,16,1.875,Old
Honda City i DTEC S,2014,520000,82000,Diesel,Individual,Manual,First Owner,75–100k,11,6.341463414634147,Old
Mahindra Scorpio 1.99 S4,2016,509999,60000,Diesel,Individual,Manual,First Owner,50–75k,9,8.499983333333333,New
Maruti Baleno Alpha 1.2,2019,556000,24000,Petrol,Individual,Manual,First Owner,0–25k,6,23.166666666666668,New
Tata Indigo Grand Dicor,2014,225000,120000,Diesel,Individual,Manual,First Owner,100–150k,11,1.875,Old
Honda Amaze EX i-Dtech,2013,325000,65000,Diesel,Dealer,Manual,First Owner,50–75k,12,5.0,Old
Maruti Swift VDI,2013,365000,65000,Diesel,Dealer,Manual,First Owner,50–75k,12,5.615384615384615,Old
Hyundai Creta 1.6 CRDi SX Plus,2015,850000,84000,Diesel,Dealer,Manual,First Owner,75–100k,10,10.119047619047619,Old
Toyota Etios GD SP,2013,350000,75000,Diesel,Dealer,Manual,First Owner,50–75k,12,4.666666666666667,Old
Maruti Swift VDI,2007,225000,50000,Diesel,Dealer,Manual,First Owner,25–50k,18,4.5,Old
Maruti Alto LX,2011,135000,50000,Petrol,Individual,Manual,First Owner,25–50k,14,2.7,Old
Maruti Wagon R LXI Minor,2007,140000,49000,Petrol,Dealer,Manual,First Owner,25–50k,18,2.857142857142857,Old
Maruti SX4 S Cross DDiS 320 Delta,2016,665000,560000,Diesel,Dealer,Manual,First Owner,,9,1.1875,New
Renault KWID RXT,2015,275000,14365,Petrol,Dealer,Manual,First Owner,0–25k,10,19.143752175426382,Old
Toyota Fortuner 2.8 4WD AT BSIV,2017,2750000,41000,Diesel,Individual,Automatic,First Owner,25–50k,8,67.07317073170732,New
Hyundai Verna 1.6 SX,2013,484999,65000,Diesel,Dealer,Manual,First Owner,50–75k,12,7.4615230769230765,Old
Maruti Ciaz VDi Option SHVS,2015,565000,65000,Diesel,Dealer,Manual,First Owner,50–75k,10,8.692307692307692,Old
Maruti Swift Dzire VDI,2013,425000,61083,Diesel,Dealer,Manual,First Owner,50–75k,12,6.957746017713603,Old
Toyota Innova 2.5 VX (Diesel) 8 Seater,2013,925000,75000,Diesel,Individual,Manual,First Owner,50–75k,12,12.333333333333334,Old
Mahindra Scorpio VLX 2WD AIRBAG SE BSIV,2012,565000,72000,Diesel,Dealer,Manual,First Owner,50–75k,13,7.847222222222222,Old
Renault Duster 110PS Diesel RxL,2014,525000,65000,Diesel,Dealer,Manual,First Owner,50–75k,11,8.076923076923077,Old
Hyundai Tucson 2.0 e-VGT 2WD MT,2017,1650000,55000,Diesel,Dealer,Manual,First Owner,50–75k,8,30.0,New
Hyundai EON Era Plus,2015,295000,21000,Petrol,Dealer,Manual,Second Owner,0–25k,10,14.047619047619047,Old
Jaguar XF 5.0 Litre V8 Petrol,2012,2050000,66363,Petrol,Dealer,Automatic,Second Owner,50–75k,13,30.890707171164657,Old
Hyundai Creta 1.6 VTVT AT SX Plus,2018,1475000,11700,Petrol,Dealer,Automatic,First Owner,0–25k,7,126.06837606837607,New
Hyundai Verna VTVT 1.6 AT SX Option,2017,1100000,10000,Petrol,Individual,Automatic,First Owner,0–25k,8,110.0,New
Mercedes-Benz GL-Class 350 CDI Blue Efficiency,2014,4400000,100000,Diesel,Individual,Automatic,Second Owner,75–100k,11,44.0,Old
Maruti Swift ZXI BSIV,2016,670000,7104,Petrol,Trustmark Dealer,Manual,First Owner,0–25k,9,94.31306306306307,New
Maruti S-Cross Zeta DDiS 200 SH,2015,750000,45974,Diesel,Trustmark Dealer,Manual,First Owner,25–50k,10,16.313568538739286,Old
Hyundai Verna 1.6 VTVT SX,2015,760000,55340,Petrol,Trustmark Dealer,Manual,First Owner,50–75k,10,13.733285146367907,Old
Volkswagen Polo GTI,2017,850000,20000,Petrol,Dealer,Automatic,Second Owner,0–25k,8,42.5,New
Renault Pulse RxL,2015,390000,61585,Diesel,Trustmark Dealer,Manual,First Owner,50–75k,10,6.332710887391411,Old
Maruti Celerio VXI AMT BSIV,2016,450000,39415,Petrol,Trustmark Dealer,Automatic,Second Owner,25–50k,9,11.41697323354053,New
Honda Brio V MT,2014,425000,29654,Petrol,Trustmark Dealer,Manual,First Owner,25–50k,11,14.331961961286842,Old
Maruti Baleno Alpha 1.3,2016,770000,64672,Diesel,Trustmark Dealer,Manual,First Owner,50–75k,9,11.906234537357744,New
Hyundai Creta 1.6 SX Automatic Diesel,2015,1150000,54634,Diesel,Trustmark Dealer,Automatic,Second Owner,50–75k,10,21.049163524545154,Old
Honda City i VTEC V,2015,775000,66521,Petrol,Trustmark Dealer,Manual,First Owner,50–75k,10,11.650456246899475,Old
Toyota Innova Crysta 2.4 GX AT,2018,1725000,23974,Diesel,Dealer,Automatic,Second Owner,0–25k,7,71.95294902811379,New
BMW 3 Series 320d Luxury Line,2016,2150000,43000,Diesel,Dealer,Automatic,First Owner,25–50k,9,50.0,New
Renault Duster 85PS Diesel RxL,2013,450000,1000,Diesel,Dealer,Manual,Second Owner,0–25k,12,450.0,Old
Mercedes-Benz C-Class Progressive C 220d,2018,3800000,10000,Diesel,Dealer,Automatic,First Owner,0–25k,7,380.0,New
Audi A4 3.0 TDI Quattro,2013,1580000,86000,Diesel,Dealer,Automatic,First Owner,75–100k,12,18.372093023255815,Old
BMW X5 xDrive 30d xLine,2019,4950000,30000,Diesel,Dealer,Automatic,First Owner,25–50k,6,165.0,New
Hyundai Creta 1.6 CRDi SX,2016,535000,52600,Diesel,Individual,Manual,First Owner,50–75k,9,10.171102661596958,New
Maruti SX4 Vxi BSIV,2012,225000,110000,Petrol,Individual,Manual,Second Owner,100–150k,13,2.0454545454545454,Old
Hyundai Grand i10 1.2 Kappa Magna AT,2017,550000,19890,Petrol,Dealer,Automatic,First Owner,0–25k,8,27.65208647561589,New
Maruti Swift ZXI BSIV,2016,670000,7104,Petrol,Trustmark Dealer,Manual,First Owner,0–25k,9,94.31306306306307,New
Maruti Ertiga VXI,2015,625000,11918,Petrol,Trustmark Dealer,Manual,First Owner,0–25k,10,52.44168484645075,Old
Hyundai Grand i10 Magna AT,2017,520000,10510,Petrol,Dealer,Automatic,First Owner,0–25k,8,49.476688867745004,New
Chevrolet Beat LT Option,2016,239000,41000,Petrol,Dealer,Manual,First Owner,25–50k,9,5.829268292682927,New
Toyota Fortuner 4x2 AT,2017,2600000,47162,Diesel,Trustmark Dealer,Automatic,First Owner,25–50k,8,55.12912938382596,New
Maruti S-Cross Zeta DDiS 200 SH,2015,750000,45974,Diesel,Trustmark Dealer,Manual,First Owner,25–50k,10,16.313568538739286,Old
Hyundai i10 Magna,2012,229999,49824,Petrol,Dealer,Manual,First Owner,25–50k,13,4.616229126525369,Old
Audi A6 2.0 TDI Premium Plus,2013,1300000,58500,Diesel,Dealer,Automatic,First Owner,50–75k,12,22.22222222222222,Old
Hyundai Santro GS,2005,80000,56580,Petrol,Dealer,Manual,First Owner,50–75k,20,1.4139271827500883,Old
Skoda Laura Ambiente 2.0 TDI CR MT,2012,385000,52000,Diesel,Dealer,Manual,First Owner,50–75k,13,7.403846153846154,Old
Hyundai Verna 1.6 VTVT SX,2015,760000,55340,Petrol,Trustmark Dealer,Manual,First Owner,50–75k,10,13.733285146367907,Old
Maruti Swift Dzire VDI,2017,600000,46507,Diesel,Trustmark Dealer,Manual,First Owner,25–50k,8,12.901283677725933,New
Renault Duster 85PS Diesel RxL,2013,450000,1000,Diesel,Dealer,Manual,Second Owner,0–25k,12,450.0,Old
Mercedes-Benz C-Class Progressive C 220d,2018,3800000,10000,Diesel,Dealer,Automatic,First Owner,0–25k,7,380.0,New
Audi A4 3.0 TDI Quattro,2013,1580000,86000,Diesel,Dealer,Automatic,First Owner,75–100k,12,18.372093023255815,Old
BMW X5 xDrive 30d xLine,2019,4950000,30000,Diesel,Dealer,Automatic,First Owner,25–50k,6,165.0,New
Hyundai Creta 1.6 CRDi SX,2016,535000,52600,Diesel,Individual,Manual,First Owner,50–75k,9,10.171102661596958,New
Maruti SX4 Vxi BSIV,2012,225000,110000,Petrol,Individual,Manual,Second Owner,100–150k,13,2.0454545454545454,Old
Hyundai Grand i10 1.2 Kappa Magna AT,2017,550000,19890,Petrol,Dealer,Automatic,First Owner,0–25k,8,27.65208647561589,New
Maruti Swift ZXI BSIV,2016,670000,7104,Petrol,Trustmark Dealer,Manual,First Owner,0–25k,9,94.31306306306307,New
Maruti Ertiga VXI,2015,625000,11918,Petrol,Trustmark Dealer,Manual,First Owner,0–25k,10,52.44168484645075,Old
Hyundai Grand i10 Magna AT,2017,520000,10510,Petrol,Dealer,Automatic,First Owner,0–25k,8,49.476688867745004,New
Chevrolet Beat LT Option,2016,239000,41000,Petrol,Dealer,Manual,First Owner,25–50k,9,5.829268292682927,New
Toyota Fortuner 4x2 AT,2017,2600000,47162,Diesel,Trustmark Dealer,Automatic,First Owner,25–50k,8,55.12912938382596,New
Maruti S-Cross Zeta DDiS 200 SH,2015,750000,45974,Diesel,Trustmark Dealer,Manual,First Owner,25–50k,10,16.313568538739286,Old
Hyundai i10 Magna,2012,229999,49824,Petrol,Dealer,Manual,First Owner,25–50k,13,4.616229126525369,Old
Audi A6 2.0 TDI Premium Plus,2013,1300000,58500,Diesel,Dealer,Automatic,First Owner,50–75k,12,22.22222222222222,Old
Hyundai Santro GS,2005,80000,56580,Petrol,Dealer,Manual,First Owner,50–75k,20,1.4139271827500883,Old
Skoda Laura Ambiente 2.0 TDI CR MT,2012,385000,52000,Diesel,Dealer,Manual,First Owner,50–75k,13,7.403846153846154,Old
Hyundai Verna 1.6 VTVT SX,2015,760000,55340,Petrol,Trustmark Dealer,Manual,First Owner,50–75k,10,13.733285146367907,Old
Maruti Swift Dzire VDI,2017,600000,46507,Diesel,Trustmark Dealer,Manual,First Owner,25–50k,8,12.901283677725933,New
Renault Duster 85PS Diesel RxL,2013,450000,1000,Diesel,Dealer,Manual,Second Owner,0–25k,12,450.0,Old
Mercedes-Benz C-Class Progressive C 220d,2018,3800000,10000,Diesel,Dealer,Automatic,First Owner,0–25k,7,380.0,New
Audi A4 3.0 TDI Quattro,2013,1580000,86000,Diesel,Dealer,Automatic,First Owner,75–100k,12,18.372093023255815,Old
BMW X5 xDrive 30d xLine,2019,4950000,30000,Diesel,Dealer,Automatic,First Owner,25–50k,6,165.0,New
Hyundai Creta 1.6 CRDi SX,2016,535000,52600,Diesel,Individual,Manual,First Owner,50–75k,9,10.171102661596958,New
Maruti SX4 Vxi BSIV,2012,225000,110000,Petrol,Individual,Manual,Second Owner,100–150k,13,2.0454545454545454,Old
Hyundai Grand i10 1.2 Kappa Magna AT,2017,550000,19890,Petrol,Dealer,Automatic,First Owner,0–25k,8,27.65208647561589,New
Maruti Swift ZXI BSIV,2016,670000,7104,Petrol,Trustmark Dealer,Manual,First Owner,0–25k,9,94.31306306306307,New
Maruti Ertiga VXI,2015,625000,11918,Petrol,Trustmark Dealer,Manual,First Owner,0–25k,10,52.44168484645075,Old
Hyundai Grand i10 Magna AT,2017,520000,10510,Petrol,Dealer,Automatic,First Owner,0–25k,8,49.476688867745004,New
Chevrolet Beat LT Option,2016,239000,41000,Petrol,Dealer,Manual,First Owner,25–50k,9,5.829268292682927,New
Toyota Fortuner 4x2 AT,2017,2600000,47162,Diesel,Trustmark Dealer,Automatic,First Owner,25–50k,8,55.12912938382596,New
Maruti S-Cross Zeta DDiS 200 SH,2015,750000,45974,Diesel,Trustmark Dealer,Manual,First Owner,25–50k,10,16.313568538739286,Old
Hyundai i10 Magna,2012,229999,49824,Petrol,Dealer,Manual,First Owner,25–50k,13,4.616229126525369,Old
Audi A6 2.0 TDI Premium Plus,2013,1300000,58500,Diesel,Dealer,Automatic,First Owner,50–75k,12,22.22222222222222,Old
Hyundai Santro GS,2005,80000,56580,Petrol,Dealer,Manual,First Owner,50–75k,20,1.4139271827500883,Old
Skoda Laura Ambiente 2.0 TDI CR MT,2012,385000,52000,Diesel,Dealer,Manual,First Owner,50–75k,13,7.403846153846154,Old
Hyundai Verna 1.6 VTVT SX,2015,760000,55340,Petrol,Trustmark Dealer,Manual,First Owner,50–75k,10,13.733285146367907,Old
Maruti Swift Dzire VDI,2017,600000,46507,Diesel,Trustmark Dealer,Manual,First Owner,25–50k,8,12.901283677725933,New
Renault Duster 85PS Diesel RxL,2013,450000,1000,Diesel,Dealer,Manual,Second Owner,0–25k,12,450.0,Old
Mercedes-Benz C-Class Progressive C 220d,2018,3800000,10000,Diesel,Dealer,Automatic,First Owner,0–25k,7,380.0,New
Audi A4 3.0 TDI Quattro,2013,1580000,86000,Diesel,Dealer,Automatic,First Owner,75–100k,12,18.372093023255815,Old
BMW X5 xDrive 30d xLine,2019,4950000,30000,Diesel,Dealer,Automatic,First Owner,25–50k,6,165.0,New
Hyundai Creta 1.6 CRDi SX,2016,535000,52600,Diesel,Individual,Manual,First Owner,50–75k,9,10.171102661596958,New
Maruti SX4 Vxi BSIV,2012,225000,110000,Petrol,Individual,Manual,Second Owner,100–150k,13,2.0454545454545454,Old
Hyundai Grand i10 1.2 Kappa Magna AT,2017,550000,19890,Petrol,Dealer,Automatic,First Owner,0–25k,8,27.65208647561589,New
Maruti Swift ZXI BSIV,2016,670000,7104,Petrol,Trustmark Dealer,Manual,First Owner,0–25k,9,94.31306306306307,New
Maruti Ertiga VXI,2015,625000,11918,Petrol,Trustmark Dealer,Manual,First Owner,0–25k,10,52.44168484645075,Old
Hyundai Grand i10 Magna AT,2017,520000,10510,Petrol,Dealer,Automatic,First Owner,0–25k,8,49.476688867745004,New
Chevrolet Beat LT Option,2016,239000,41000,Petrol,Dealer,Manual,First Owner,25–50k,9,5.829268292682927,New
Toyota Fortuner 4x2 AT,2017,2600000,47162,Diesel,Trustmark Dealer,Automatic,First Owner,25–50k,8,55.12912938382596,New
Maruti S-Cross Zeta DDiS 200 SH,2015,750000,45974,Diesel,Trustmark Dealer,Manual,First Owner,25–50k,10,16.313568538739286,Old
Hyundai i10 Magna,2012,229999,49824,Petrol,Dealer,Manual,First Owner,25–50k,13,4.616229126525369,Old
Audi A6 2.0 TDI Premium Plus,2013,1300000,58500,Diesel,Dealer,Automatic,First Owner,50–75k,12,22.22222222222222,Old
Hyundai Santro GS,2005,80000,56580,Petrol,Dealer,Manual,First Owner,50–75k,20,1.4139271827500883,Old
Skoda Laura Ambiente 2.0 TDI CR MT,2012,385000,52000,Diesel,Dealer,Manual,First Owner,50–75k,13,7.403846153846154,Old
Hyundai Verna 1.6 VTVT SX,2015,760000,55340,Petrol,Trustmark Dealer,Manual,First Owner,50–75k,10,13.733285146367907,Old
Maruti Swift Dzire VDI,2017,600000,46507,Diesel,Trustmark Dealer,Manual,First Owner,25–50k,8,12.901283677725933,New
Hyundai i20 Sportz 1.2,2013,350000,50000,Petrol,Individual,Manual,Second Owner,25–50k,12,7.0,Old
Maruti Alto 800 LXI,2014,114999,30000,Petrol,Individual,Manual,First Owner,25–50k,11,3.8333,Old
Hyundai i20 Sportz 1.2,2013,380000,50000,Petrol,Individual,Manual,Second Owner,25–50k,12,7.6,Old
Maruti Gypsy E MG410W ST,1995,95000,100000,Petrol,Individual,Manual,Second Owner,75–100k,30,0.95,Old
Mahindra Scorpio 1.99 S6 Plus,2016,900000,35000,Diesel,Individual,Manual,First Owner,25–50k,9,25.714285714285715,New
Chevrolet Beat LT,2012,200999,90000,Petrol,Individual,Manual,Second Owner,75–100k,13,2.233322222222222,Old
Maruti Omni E MPI STD BS IV,2014,229999,11451,Petrol,Individual,Manual,First Owner,0–25k,11,20.085494716618637,Old
Tata Nexon 1.5 Revotorq XZ,2019,800000,60000,Diesel,Individual,Manual,First Owner,50–75k,6,13.333333333333334,New
Mahindra Verito 1.5 D4 BSIV,2012,150000,172000,Diesel,Individual,Manual,Second Owner,150–200k,13,0.872093023255814,Old
Maruti Swift VDI,2018,600000,60000,Diesel,Individual,Manual,First Owner,50–75k,7,10.0,New
Chevrolet Tavera LS B3 7 Seats BSII,2005,150000,150000,Diesel,Individual,Manual,First Owner,100–150k,20,1.0,Old
Chevrolet Optra Magnum 2.0 LS,2009,150000,66000,Diesel,Individual,Manual,First Owner,50–75k,16,2.272727272727273,Old
Maruti Eeco 5 Seater Standard BSIV,2019,380000,5000,Petrol,Individual,Manual,First Owner,0–25k,6,76.0,New
Maruti Swift 1.3 VXi,2006,80000,66508,Petrol,Individual,Manual,Second Owner,50–75k,19,1.2028628134961208,Old
Honda Civic 1.8 MT Sport,2007,225000,55000,Petrol,Individual,Manual,Second Owner,50–75k,18,4.090909090909091,Old
Tata Nano Lx BSIV,2012,75000,29900,Petrol,Individual,Manual,First Owner,25–50k,13,2.508361204013378,Old
Tata Hexa XT 4X4,2017,1600000,3000,Diesel,Individual,Manual,First Owner,0–25k,8,533.3333333333334,New
Tata Indica Vista Quadrajet VX,2012,185000,85000,Diesel,Individual,Manual,First Owner,75–100k,13,2.176470588235294,Old
Mahindra Scorpio 2.6 CRDe SLE,2011,425000,50000,Diesel,Individual,Manual,First Owner,25–50k,14,8.5,Old
Tata Indica Vista Aqua 1.4 TDI,2010,100000,120000,Diesel,Individual,Manual,Second Owner,100–150k,15,0.8333333333333334,Old
Maruti Zen Estilo LXI BSIII,2008,140000,90000,Petrol,Individual,Manual,Third Owner,75–100k,17,1.5555555555555556,Old
Maruti Swift Dzire AMT ZXI Plus BS IV,2017,710000,8000,Petrol,Individual,Automatic,First Owner,0–25k,8,88.75,New
Honda Amaze S AT i-Vtech,2015,450000,7900,Petrol,Individual,Automatic,First Owner,0–25k,10,56.962025316455694,Old
Datsun RediGO T Option,2017,210000,50000,Petrol,Individual,Manual,First Owner,25–50k,8,4.2,New
Maruti Alto K10 VXI,2016,270000,25000,Petrol,Individual,Manual,First Owner,0–25k,9,10.8,New
Maruti Alto LXi,2009,110000,20000,Petrol,Individual,Manual,First Owner,0–25k,16,5.5,Old
Maruti Swift VXI,2018,540000,17500,Petrol,Individual,Manual,First Owner,0–25k,7,30.857142857142858,New
Mahindra Renault Logan 1.4 GLX Petrol,2008,145000,25000,Petrol,Individual,Manual,First Owner,0–25k,17,5.8,Old
Tata Safari Storme VX,2013,360000,206500,Diesel,Individual,Manual,First Owner,200k+,12,1.7433414043583535,Old
Hyundai i10 Magna LPG,2013,250000,88600,LPG,Individual,Manual,First Owner,75–100k,12,2.8216704288939054,Old
Tata Venture EX,2012,110000,80000,Diesel,Individual,Manual,First Owner,75–100k,13,1.375,Old
Chevrolet Captiva LT,2008,250000,100000,Diesel,Individual,Manual,Fourth & Above Owner,75–100k,17,2.5,Old
Ford Fiesta Classic 1.4 Duratorq CLXI,2011,150000,186000,Diesel,Individual,Manual,Second Owner,150–200k,14,0.8064516129032258,Old
Chevrolet Aveo U-VA 1.2 LS,2010,140000,60000,Petrol,Individual,Manual,First Owner,50–75k,15,2.3333333333333335,Old
Maruti Ciaz Zeta BSIV,2019,925000,11000,Petrol,Individual,Manual,First Owner,0–25k,6,84.0909090909091,New
Tata Hexa XM,2017,969999,30000,Diesel,Individual,Manual,First Owner,25–50k,8,32.3333,New
Hyundai Santro Xing GL PLUS CNG,2007,90000,80000,CNG,Individual,Manual,Third Owner,75–100k,18,1.125,Old
Hyundai Santro GLS I - Euro I,2001,55000,60000,Petrol,Individual,Manual,Third Owner,50–75k,24,0.9166666666666666,Old
Hyundai Verna CRDi,2007,155000,100000,Diesel,Individual,Manual,Fourth & Above Owner,75–100k,18,1.55,Old
Mahindra Thar CRDe ABS,2019,900000,15000,Diesel,Individual,Manual,First Owner,0–25k,6,60.0,New
Maruti Alto K10 2010-2014 VXI,2011,135000,90000,Petrol,Individual,Manual,First Owner,75–100k,14,1.5,Old
Maruti 800 AC,2012,180000,120000,Petrol,Individual,Manual,First Owner,100–150k,13,1.5,Old
Hyundai Verna 1.6 SX,2013,495000,100000,Diesel,Individual,Manual,Second Owner,75–100k,12,4.95,Old
Toyota Innova 2.5 V Diesel 8-seater,2009,400000,138000,Diesel,Individual,Manual,Third Owner,100–150k,16,2.898550724637681,Old
Hyundai Verna CRDi,2008,250000,110000,Diesel,Individual,Manual,Second Owner,100–150k,17,2.272727272727273,Old
Maruti Alto K10 LXI,2015,138000,120000,Petrol,Individual,Manual,Fourth & Above Owner,100–150k,10,1.15,Old
Honda City 1.5 V AT,2011,311000,70000,Petrol,Individual,Automatic,Second Owner,50–75k,14,4.442857142857143,Old
Maruti Alto 800 VXI,2015,190000,70000,Petrol,Individual,Manual,First Owner,50–75k,10,2.7142857142857144,Old
Mahindra Bolero SLX,2011,311000,140000,Diesel,Individual,Manual,First Owner,100–150k,14,2.2214285714285715,Old
Maruti Ritz LXI,2009,300000,15000,Petrol,Individual,Manual,First Owner,0–25k,16,20.0,Old
Honda Jazz VX,2018,600000,20000,Petrol,Individual,Manual,First Owner,0–25k,7,30.0,New
Mahindra Scorpio SLE BSIII,2009,550000,100000,Diesel,Individual,Manual,First Owner,75–100k,16,5.5,Old
Skoda Rapid 1.6 MPI AT Elegance Plus,2015,600000,70000,Petrol,Individual,Automatic,First Owner,50–75k,10,8.571428571428571,Old
Maruti Alto 800 VXI,2018,195000,5000,Petrol,Individual,Manual,First Owner,0–25k,7,39.0,New
Tata Nano LX,2013,58000,27974,Petrol,Individual,Manual,First Owner,25–50k,12,2.0733538285550868,Old
Maruti Alto 800 VXI,2018,183000,40000,Petrol,Individual,Manual,First Owner,25–50k,7,4.575,New
Maruti Zen Estilo 1.1 VXI BSIII,2007,95000,80000,Petrol,Individual,Manual,First Owner,75–100k,18,1.1875,Old
Maruti Wagon R LX Minor,2013,250000,38000,Petrol,Individual,Manual,First Owner,25–50k,12,6.578947368421052,Old
Maruti Wagon R LX Minor,2013,250000,38000,Petrol,Individual,Manual,First Owner,25–50k,12,6.578947368421052,Old
Tata Zest Revotron 1.2 XT,2014,400000,35000,Petrol,Individual,Manual,First Owner,25–50k,11,11.428571428571429,Old
Hyundai Verna 1.6 SX CRDi (O),2012,409999,60000,Diesel,Individual,Manual,Second Owner,50–75k,13,6.833316666666667,Old
Skoda Octavia Classic 1.9 TDI MT,2004,120000,120000,Diesel,Individual,Manual,Second Owner,100–150k,21,1.0,Old
Maruti Swift AMT VXI,2018,600000,18000,Petrol,Individual,Automatic,First Owner,0–25k,7,33.333333333333336,New
Honda Amaze SX i-VTEC,2016,600000,10000,Petrol,Individual,Manual,First Owner,0–25k,9,60.0,New
Mahindra XUV500 W6 2WD,2015,825000,90000,Diesel,Individual,Manual,Third Owner,75–100k,10,9.166666666666666,Old
Toyota Etios GD,2016,625000,80000,Diesel,Individual,Manual,Second Owner,75–100k,9,7.8125,New
Hyundai Grand i10 Nios Magna CRDi,2020,700000,1400,Diesel,Individual,Manual,First Owner,0–25k,5,500.0,New
Chevrolet Beat LS,2011,160000,60000,Petrol,Individual,Manual,First Owner,50–75k,14,2.6666666666666665,Old
Maruti Alto LX,2011,114999,60000,Petrol,Individual,Manual,Third Owner,50–75k,14,1.91665,Old
Maruti Wagon R LXI Minor,2009,150000,53000,Petrol,Individual,Manual,First Owner,50–75k,16,2.830188679245283,Old
Volkswagen Jetta 1.9 L TDI,2010,250000,100000,Diesel,Dealer,Manual,First Owner,75–100k,15,2.5,Old
Hyundai Verna 1.6 SX,2012,390000,86000,Diesel,Dealer,Manual,Second Owner,75–100k,13,4.534883720930233,Old
Renault Duster 85PS Diesel RxL,2015,650000,100000,Diesel,Individual,Manual,First Owner,75–100k,10,6.5,Old
Hyundai Xcent 1.1 CRDi SX Option,2016,600000,30000,Diesel,Individual,Manual,First Owner,25–50k,9,20.0,New
Hyundai i20 1.2 Sportz,2011,250000,120000,Petrol,Individual,Manual,First Owner,100–150k,14,2.0833333333333335,Old
Hyundai Santro Xing GL Plus LPG,2011,229999,60000,LPG,Individual,Manual,Second Owner,50–75k,14,3.8333166666666667,Old
Maruti Ritz LDi,2016,299000,50000,Diesel,Individual,Manual,Second Owner,25–50k,9,5.98,New
Chevrolet Cruze LTZ,2010,330000,124000,Diesel,Individual,Manual,Second Owner,100–150k,15,2.661290322580645,Old
Hyundai Accent Executive,2012,180000,100000,Petrol,Individual,Manual,Third Owner,75–100k,13,1.8,Old
Hyundai Grand i10 1.2 Kappa Asta,2017,475000,42000,Petrol,Individual,Manual,First Owner,25–50k,8,11.30952380952381,New
Hyundai Grand i10 CRDi Sportz,2015,325000,100000,Diesel,Individual,Manual,First Owner,75–100k,10,3.25,Old
Honda City i VTEC V,2016,639000,28205,Petrol,Dealer,Manual,First Owner,25–50k,9,22.65555752526148,New
Maruti Celerio VXI AT,2017,415000,32670,Petrol,Dealer,Automatic,First Owner,25–50k,8,12.702785430058157,New
Hyundai Creta 1.6 CRDi AT SX Plus,2016,1199000,30093,Diesel,Dealer,Automatic,First Owner,25–50k,9,39.8431528926993,New
Maruti Ertiga VXI CNG,2013,525000,56228,CNG,Dealer,Manual,First Owner,50–75k,12,9.336985131962724,Old
Hyundai Verna 1.6 SX VTVT,2013,425000,59319,Petrol,Dealer,Manual,First Owner,50–75k,12,7.164652135066336,Old
Maruti Vitara Brezza VDi,2016,699000,39503,Diesel,Dealer,Manual,First Owner,25–50k,9,17.694858618332784,New
Hyundai Grand i10 1.2 Kappa Sportz Dual Tone,2013,325000,35299,Petrol,Dealer,Manual,First Owner,25–50k,12,9.207059690076207,Old
Toyota Etios V,2011,275000,51687,Petrol,Dealer,Manual,First Owner,50–75k,14,5.3204867761719585,Old
Volkswagen Vento Petrol Highline AT,2011,269000,76259,Petrol,Dealer,Automatic,First Owner,75–100k,14,3.5274524974101418,Old
Volkswagen Polo Diesel Highline 1.2L,2013,399000,44049,Diesel,Dealer,Manual,First Owner,25–50k,12,9.058094394878431,Old
Mahindra KUV 100 mFALCON D75 K8,2017,475000,45087,Diesel,Dealer,Manual,First Owner,25–50k,8,10.53518752633797,New
Toyota Etios V,2011,249000,41125,Petrol,Dealer,Manual,First Owner,25–50k,14,6.054711246200608,Old
Audi A4 New  2.0 TDI Multitronic,2014,1549000,42215,Diesel,Dealer,Automatic,First Owner,25–50k,11,36.69311855975364,Old
Volkswagen Polo Petrol Highline 1.2L,2011,254999,54206,Petrol,Dealer,Manual,First Owner,50–75k,14,4.7042578312363945,Old
Skoda Rapid 1.6 MPI Active,2012,269000,52547,Petrol,Dealer,Manual,First Owner,50–75k,13,5.119226597141607,Old
Maruti Ertiga ZDI,2014,665000,59110,Diesel,Dealer,Manual,First Owner,50–75k,11,11.250211470140416,Old
Maruti Wagon R Stingray LXI,2014,299000,54565,Petrol,Dealer,Manual,First Owner,50–75k,11,5.479703106386878,Old
Hyundai i20 Asta,2010,265000,47564,Petrol,Dealer,Manual,Second Owner,25–50k,15,5.571440585316626,Old
Volkswagen Polo Petrol Highline 1.2L,2010,211000,45143,Petrol,Dealer,Manual,Second Owner,25–50k,15,4.674035841658729,Old
Skoda Superb 1.8 TSI,2013,599000,61624,Petrol,Dealer,Automatic,Second Owner,50–75k,12,9.720238867973517,Old
Tata Indigo LS,2007,55000,195000,Diesel,Individual,Manual,Third Owner,150–200k,18,0.28205128205128205,Old
Hyundai Verna 1.6 SX CRDi (O),2014,550000,50000,Diesel,Individual,Manual,First Owner,25–50k,11,11.0,Old
Land Rover Discovery Sport TD4 HSE 7S,2018,4000000,68000,Diesel,Individual,Automatic,First Owner,50–75k,7,58.8235294117647,New
Tata Sumo GX TC 8 Str,2010,220000,120000,Diesel,Individual,Manual,Second Owner,100–150k,15,1.8333333333333333,Old
Maruti Swift VXI,2019,500000,20000,Petrol,Individual,Manual,First Owner,0–25k,6,25.0,New
Maruti Alto LXi,2010,140000,30000,Petrol,Individual,Manual,First Owner,25–50k,15,4.666666666666667,Old
Maruti Swift VDI,2013,325000,60000,Diesel,Individual,Manual,First Owner,50–75k,12,5.416666666666667,Old
Hyundai i20 Magna,2010,210000,90000,Petrol,Individual,Manual,Third Owner,75–100k,15,2.3333333333333335,Old
Maruti Alto LXi,2008,110000,90000,Petrol,Individual,Manual,Second Owner,75–100k,17,1.2222222222222223,Old
Hyundai Verna CRDi 1.6 SX Option,2019,1200000,25000,Diesel,Individual,Manual,First Owner,0–25k,6,48.0,New
Maruti Alto 800 VXI,2017,229999,40000,Petrol,Individual,Manual,First Owner,25–50k,8,5.749975,New
Maruti SX4 Vxi BSIV,2012,225000,110000,Petrol,Individual,Manual,Second Owner,100–150k,13,2.0454545454545454,Old
Maruti Alto 800 LXI,2006,165000,132000,Petrol,Individual,Manual,First Owner,100–150k,19,1.25,Old
Tata Tiago XZA AMT,2018,525000,10980,Petrol,Dealer,Automatic,First Owner,0–25k,7,47.814207650273225,New
Hyundai EON Era Plus,2018,325000,20629,Petrol,Dealer,Manual,First Owner,0–25k,7,15.754520335450094,New
Toyota Innova Crysta 2.4 VX MT BSIV,2018,1500000,50000,Diesel,Individual,Manual,First Owner,25–50k,7,30.0,New
Hyundai Grand i10 AT Asta,2015,400000,30000,Petrol,Individual,Automatic,First Owner,25–50k,10,13.333333333333334,Old
Maruti Ciaz VXi,2015,550000,69782,Petrol,Dealer,Manual,First Owner,50–75k,10,7.8816886876271814,Old
Maruti 800 Std,2003,98000,54000,Petrol,Individual,Manual,First Owner,50–75k,22,1.8148148148148149,Old
Mahindra XUV500 W8 4WD,2013,900000,63654,Diesel,Dealer,Manual,First Owner,50–75k,12,14.138938637006316,Old
Renault Lodgy 85PS RxL,2017,700000,60000,Diesel,Individual,Manual,First Owner,50–75k,8,11.666666666666666,New
Mahindra Scorpio S6 Plus 7 Seater,2015,890000,52000,Diesel,Dealer,Manual,First Owner,50–75k,10,17.115384615384617,Old
Maruti Swift LDI BSIV,2015,490000,59385,Diesel,Dealer,Manual,First Owner,50–75k,10,8.251241896101709,Old
Hyundai i20 2015-2017 Magna 1.2,2015,525000,70378,Petrol,Dealer,Manual,First Owner,50–75k,10,7.45971752536304,Old
Maruti Wagon R LXI BS IV,2013,330000,55425,Petrol,Dealer,Manual,First Owner,50–75k,12,5.953991880920162,Old
Mahindra Bolero 2011-2019 SLX 2WD BSIII,2013,550000,78413,Diesel,Dealer,Manual,Second Owner,75–100k,12,7.014143063012511,Old
Mahindra Bolero Power Plus SLX,2018,790000,40890,Diesel,Dealer,Manual,First Owner,25–50k,7,19.320127170457326,New
Honda Brio S MT,2015,350000,34823,Petrol,Dealer,Manual,Second Owner,25–50k,10,10.050828475432903,Old
Toyota Innova Crysta 2.8 ZX AT BSIV,2017,1700000,75000,Diesel,Individual,Automatic,First Owner,50–75k,8,22.666666666666668,New
Maruti Ciaz VDI SHVS,2017,750000,55545,Diesel,Dealer,Manual,First Owner,50–75k,8,13.502565487442615,New
Honda Amaze EX i-Dtech,2014,409999,56541,Diesel,Dealer,Manual,First Owner,50–75k,11,7.251357422047717,Old
Hyundai EON Magna Plus,2016,220000,43700,Petrol,Individual,Manual,First Owner,25–50k,9,5.034324942791762,New
Tata Indica GLS BS IV,2009,68000,120000,Petrol,Individual,Manual,Second Owner,100–150k,16,0.5666666666666667,Old
Hyundai EON Era Plus,2017,290000,20000,Petrol,Individual,Manual,First Owner,0–25k,8,14.5,New
Honda City i DTec SV,2014,600000,27483,Diesel,Dealer,Manual,First Owner,25–50k,11,21.831677764436197,Old
Maruti Swift LXI,2019,470000,8000,Petrol,Individual,Manual,First Owner,0–25k,6,58.75,New
Hyundai i10 Sportz 1.2,2008,150000,30000,Petrol,Individual,Manual,First Owner,25–50k,17,5.0,Old
Maruti Alto 800 LXI,2014,180000,56207,Petrol,Dealer,Manual,Second Owner,50–75k,11,3.2024480936538153,Old
Maruti Zen LXI,2006,80000,70000,Petrol,Individual,Manual,First Owner,50–75k,19,1.1428571428571428,Old
Honda WR-V i-VTEC VX,2018,875000,1440,Petrol,Individual,Manual,First Owner,0–25k,7,607.6388888888889,New
Maruti Alto 800 LXI,2019,300000,50000,Petrol,Individual,Manual,First Owner,25–50k,6,6.0,New
Toyota Fortuner 2.8 2WD AT BSIV,2017,2800000,20000,Diesel,Individual,Automatic,First Owner,0–25k,8,140.0,New
Toyota Innova Crysta 2.4 ZX MT,2017,1330000,91195,Diesel,Dealer,Manual,First Owner,75–100k,8,14.584132902023137,New
Volkswagen Polo 1.5 TDI Trendline,2011,220000,63657,Diesel,Dealer,Manual,First Owner,50–75k,14,3.4560221185415587,Old
Mahindra Verito Vibe 1.5 dCi D4,2013,250000,60000,Diesel,Individual,Manual,First Owner,50–75k,12,4.166666666666667,Old
Toyota Innova 2.5 G (Diesel) 7 Seater,2016,919999,75000,Diesel,Dealer,Manual,First Owner,50–75k,9,12.266653333333334,New
Volkswagen Vento Magnific 1.6 Highline,2013,380000,97248,Petrol,Dealer,Manual,First Owner,75–100k,12,3.907535373478118,Old
Maruti Swift VDI,2012,450000,46000,Diesel,Individual,Manual,First Owner,25–50k,13,9.782608695652174,Old
Hyundai Verna 1.6 VTVT AT S Option,2016,770000,10000,Petrol,Individual,Automatic,First Owner,0–25k,9,77.0,New
Maruti Swift Dzire LDI,2018,550000,80000,Diesel,Individual,Manual,First Owner,75–100k,7,6.875,New
Tata New Safari DICOR 2.2 GX 4x2,2011,320000,100000,Diesel,Individual,Manual,Second Owner,75–100k,14,3.2,Old
Maruti SX4 Vxi BSIV,2013,400000,35000,Petrol,Individual,Manual,First Owner,25–50k,12,11.428571428571429,Old
Maruti Celerio VXI AT,2017,450000,50000,Petrol,Individual,Automatic,First Owner,25–50k,8,9.0,New
Maruti SX4 ZDI,2011,220000,90000,Diesel,Individual,Manual,Third Owner,75–100k,14,2.4444444444444446,Old
Mahindra XUV500 W8 2WD,2012,400000,150000,Diesel,Individual,Manual,Second Owner,100–150k,13,2.6666666666666665,Old
Hyundai Verna 1.6 SX VTVT (O),2013,530000,89000,Petrol,Individual,Manual,Second Owner,75–100k,12,5.955056179775281,Old
Maruti Swift Dzire VDI,2014,390000,60000,Diesel,Individual,Manual,Second Owner,50–75k,11,6.5,Old
Fiat Grande Punto 1.3 Dynamic (Diesel),2012,185000,100000,Diesel,Individual,Manual,Second Owner,75–100k,13,1.85,Old
Maruti SX4 Vxi BSIV,2012,300000,100000,Petrol,Individual,Manual,Second Owner,75–100k,13,3.0,Old
Maruti Swift VDI BSIV,2014,575000,90000,Diesel,Individual,Manual,Second Owner,75–100k,11,6.388888888888889,Old
Maruti Wagon R Stingray VXI,2014,300000,75000,Petrol,Individual,Manual,First Owner,50–75k,11,4.0,Old
Toyota Etios Liva 1.4 VD,2017,425000,36000,Diesel,Dealer,Manual,First Owner,25–50k,8,11.805555555555555,New
Hyundai Xcent 1.2 Kappa SX,2016,350000,12000,Petrol,Individual,Manual,First Owner,0–25k,9,29.166666666666668,New
Honda Amaze VX O iDTEC,2017,550000,12997,Diesel,Dealer,Manual,First Owner,0–25k,8,42.31745787489421,New
Maruti Ciaz 1.4 AT Zeta,2017,500000,40000,Petrol,Individual,Automatic,First Owner,25–50k,8,12.5,New
Mahindra Scorpio S4 4WD,2015,600000,60000,Diesel,Individual,Manual,First Owner,50–75k,10,10.0,Old
Mahindra Quanto C8,2013,300000,25000,Diesel,Individual,Manual,Second Owner,0–25k,12,12.0,Old
Hyundai Verna CRDi 1.6 SX Option,2018,1150000,26430,Diesel,Dealer,Manual,First Owner,25–50k,7,43.51116155883466,New
Maruti Swift 1.3 VXI ABS,2015,475000,24600,Petrol,Dealer,Manual,First Owner,0–25k,10,19.308943089430894,Old
Maruti Wagon R LXI,2011,260000,28481,Petrol,Dealer,Manual,First Owner,25–50k,14,9.128892946174643,Old
Ford Ecosport 1.0 Ecoboost Titanium Optional,2013,350000,100000,Petrol,Individual,Manual,First Owner,75–100k,12,3.5,Old
Mahindra XUV500 W8 2WD,2013,750000,41988,Diesel,Dealer,Manual,First Owner,25–50k,12,17.862246356101743,Old
Maruti Wagon R LXI,2009,180000,30375,Petrol,Dealer,Manual,First Owner,25–50k,16,5.925925925925926,Old
Renault KWID Climber 1.0 AMT BSIV,2017,350000,7658,Petrol,Dealer,Automatic,First Owner,0–25k,8,45.703839122486286,New
Maruti Swift Dzire VDI,2017,611000,34400,Diesel,Dealer,Manual,First Owner,25–50k,8,17.761627906976745,New
Renault KWID RXL BSIV,2017,325000,18500,Petrol,Dealer,Manual,First Owner,0–25k,8,17.56756756756757,New
Hyundai EON 1.0 Era Plus,2012,225000,48000,Petrol,Dealer,Manual,First Owner,25–50k,13,4.6875,Old
Maruti Wagon R AMT VXI,2014,300000,28942,Petrol,Dealer,Automatic,First Owner,25–50k,11,10.365558703614125,Old
Mahindra Bolero Power Plus SLX,2017,400000,50000,Diesel,Individual,Manual,Second Owner,25–50k,8,8.0,New
Mahindra XUV500 W8 2WD,2012,711000,53600,Diesel,Dealer,Manual,First Owner,50–75k,13,13.264925373134329,Old
Toyota Innova 2.5 G (Diesel) 8 Seater,2015,851000,53652,Diesel,Dealer,Manual,First Owner,50–75k,10,15.861477670916276,Old
Maruti Ertiga VXI,2014,500000,25000,Petrol,Individual,Manual,First Owner,0–25k,11,20.0,Old
Toyota Innova 2.5 G4 Diesel 8-seater,2007,250000,80000,Diesel,Individual,Manual,Second Owner,75–100k,18,3.125,Old
Maruti Alto 800 VXI,2017,150000,50000,Petrol,Individual,Manual,First Owner,25–50k,8,3.0,New
Mahindra Scorpio 1.99 S10,2016,610000,15000,Diesel,Individual,Manual,Second Owner,0–25k,9,40.666666666666664,New
Mahindra KUV 100 G80 K2,2018,450000,5000,Petrol,Individual,Manual,First Owner,0–25k,7,90.0,New
Hyundai i20 1.4 Asta Option,2017,744000,106000,Diesel,Individual,Manual,First Owner,100–150k,8,7.018867924528302,New
Chevrolet Spark 1.0,2008,120000,100000,Petrol,Individual,Manual,Third Owner,75–100k,17,1.2,Old
Renault KWID RXL,2016,220000,60000,Petrol,Individual,Manual,Third Owner,50–75k,9,3.6666666666666665,New
Maruti Ertiga ZDI,2012,480000,120000,Diesel,Individual,Manual,Fourth & Above Owner,100–150k,13,4.0,Old
Maruti Celerio ZXI Optional AMT BSIV,2017,370000,82000,Petrol,Individual,Automatic,First Owner,75–100k,8,4.512195121951219,New
Fiat Palio D 1.9 EL PS,2003,55000,35000,Diesel,Individual,Manual,Second Owner,25–50k,22,1.5714285714285714,Old
Hyundai EON Magna Plus,2013,125000,205000,Petrol,Individual,Manual,First Owner,200k+,12,0.6097560975609756,Old
Hyundai Verna 1.6 CRDI,2011,260000,125000,Diesel,Individual,Manual,Third Owner,100–150k,14,2.08,Old
Fiat Linea Classic 1.3 Multijet,2015,350000,130000,Diesel,Individual,Manual,First Owner,100–150k,10,2.6923076923076925,Old
Maruti Alto 800 CNG LXI,2012,170000,97000,CNG,Individual,Manual,Second Owner,75–100k,13,1.7525773195876289,Old
Hyundai Grand i10 Sportz,2015,350000,90000,Petrol,Individual,Manual,Second Owner,75–100k,10,3.888888888888889,Old
Maruti Swift Dzire VXi,2009,250000,60000,Petrol,Individual,Manual,Third Owner,50–75k,16,4.166666666666667,Old
Tata Indigo CR4,2013,170000,60000,Diesel,Individual,Manual,First Owner,50–75k,12,2.8333333333333335,Old
Mahindra Scorpio S11 BSIV,2018,1300000,35000,Diesel,Individual,Manual,First Owner,25–50k,7,37.142857142857146,New
Hyundai Grand i10 1.2 Kappa Sportz BSIV,2019,550000,25000,Petrol,Individual,Manual,First Owner,0–25k,6,22.0,New
Honda Brio 1.2 S MT,2017,400000,15000,Petrol,Individual,Manual,First Owner,0–25k,8,26.666666666666668,New
Tata Nano Lx,2011,120000,20000,Petrol,Individual,Manual,First Owner,0–25k,14,6.0,Old
Tata Nano Lx,2011,120000,20000,Petrol,Individual,Manual,First Owner,0–25k,14,6.0,Old
Ford Figo Petrol Titanium,2010,275000,70000,Petrol,Individual,Manual,First Owner,50–75k,15,3.9285714285714284,Old
Tata Zest Revotron 1.2T XE,2016,285000,90000,Petrol,Individual,Manual,First Owner,75–100k,9,3.1666666666666665,New
Hyundai Creta 1.4 CRDi Base,2016,900000,80000,Diesel,Individual,Manual,First Owner,75–100k,9,11.25,New
Mercedes-Benz M-Class ML 350 CDI,2014,2500000,79500,Diesel,Individual,Automatic,Second Owner,75–100k,11,31.446540880503143,Old
Hyundai Verna 1.6 SX CRDi (O),2013,620000,70000,Diesel,Individual,Manual,Second Owner,50–75k,12,8.857142857142858,Old
Toyota Innova Crysta 2.4 GX MT 8S BSIV,2018,1700000,5000,Diesel,Individual,Manual,First Owner,0–25k,7,340.0,New
Ford Figo Aspire 1.2 Ti-VCT Titanium Plus,2018,650000,15000,Petrol,Individual,Manual,First Owner,0–25k,7,43.333333333333336,New
Maruti Ertiga VXI,2014,500000,35000,Petrol,Individual,Manual,First Owner,25–50k,11,14.285714285714286,Old
Tata New Safari DICOR 2.2 EX 4x4,2009,250000,120000,Diesel,Individual,Manual,Second Owner,100–150k,16,2.0833333333333335,Old
Mahindra Marazzo M4,2018,950000,15000,Diesel,Individual,Manual,Second Owner,0–25k,7,63.333333333333336,New
Toyota Etios Cross 1.2L G,2015,320000,60000,Petrol,Individual,Manual,First Owner,50–75k,10,5.333333333333333,Old
Renault Duster 110PS Diesel RxZ,2013,450000,120000,Diesel,Individual,Manual,First Owner,100–150k,12,3.75,Old
Mahindra KUV 100 mFALCON D75 K8 AW,2016,350000,90000,Diesel,Individual,Manual,First Owner,75–100k,9,3.888888888888889,New
Maruti Swift Dzire VXI,2015,400000,90000,Petrol,Individual,Manual,First Owner,75–100k,10,4.444444444444445,Old
Maruti Omni MPI STD BSIV,2018,200000,10000,Petrol,Individual,Manual,First Owner,0–25k,7,20.0,New
Hyundai i20 Asta 1.4 CRDi (Diesel),2009,250000,72000,Diesel,Individual,Manual,Second Owner,50–75k,16,3.4722222222222223,Old
Toyota Innova 2.0 GX 8 STR BSIV,2011,550000,197000,Petrol,Individual,Manual,Second Owner,150–200k,14,2.7918781725888326,Old
Maruti Zen LXI,1999,85000,70000,Petrol,Individual,Manual,Second Owner,50–75k,26,1.2142857142857142,Old
Hyundai Santro LP zipPlus,2001,52000,50000,Petrol,Individual,Manual,Third Owner,25–50k,24,1.04,Old
Tata Hexa XTA,2017,1200000,50000,Diesel,Individual,Automatic,First Owner,25–50k,8,24.0,New
Hyundai Verna 1.6 SX VTVT AT,2011,450000,60000,Petrol,Individual,Automatic,Third Owner,50–75k,14,7.5,Old
Maruti Swift Dzire VXI 1.2 BS IV,2018,615000,40000,Petrol,Individual,Manual,First Owner,25–50k,7,15.375,New
Maruti SX4 ZDI Leather,2012,400000,60000,Diesel,Individual,Manual,Second Owner,50–75k,13,6.666666666666667,Old
Tata Nano LX,2013,60000,40000,Petrol,Individual,Manual,First Owner,25–50k,12,1.5,Old
Maruti Ignis 1.2 Alpha BSIV,2017,500000,9161,Petrol,Individual,Manual,First Owner,0–25k,8,54.57919441109049,New
Honda Mobilio V i VTEC,2015,600000,45000,Petrol,Individual,Manual,First Owner,25–50k,10,13.333333333333334,Old
Hyundai Getz 1.3 GVS,2010,110000,110000,Petrol,Individual,Manual,First Owner,100–150k,15,1.0,Old
Hyundai Santro Xing GL Plus,2013,175000,80000,Petrol,Individual,Manual,First Owner,75–100k,12,2.1875,Old
Ford Fiesta Titanium 1.5 TDCi,2011,325000,100000,Diesel,Individual,Manual,Second Owner,75–100k,14,3.25,Old
Maruti Swift Dzire LDI,2017,425000,90000,Diesel,Individual,Manual,First Owner,75–100k,8,4.722222222222222,New
Hyundai Accent GLE CNG,2009,160000,70000,CNG,Individual,Manual,Third Owner,50–75k,16,2.2857142857142856,Old
Maruti Zen Estilo LXI BSIII,2007,100000,80000,Petrol,Individual,Manual,Third Owner,75–100k,18,1.25,Old
Maruti Swift Dzire LDI,2014,390000,110000,Diesel,Individual,Manual,Second Owner,100–150k,11,3.5454545454545454,Old
Hyundai i20 1.2 Spotz,2017,400000,50000,Petrol,Individual,Manual,First Owner,25–50k,8,8.0,New
Tata Tigor 1.2 Revotron XM,2018,509999,5000,Petrol,Individual,Manual,First Owner,0–25k,7,101.9998,New
Hyundai i10 Magna 1.1,2008,150000,90000,Petrol,Individual,Manual,Third Owner,75–100k,17,1.6666666666666667,Old
Hyundai Santro Xing GLS,2009,110000,120000,Petrol,Individual,Manual,First Owner,100–150k,16,0.9166666666666666,Old
Nissan Sunny Diesel XV,2013,450000,80000,Diesel,Individual,Manual,First Owner,75–100k,12,5.625,Old
Hyundai i20 1.2 Spotz,2017,400000,38000,Petrol,Individual,Manual,Second Owner,25–50k,8,10.526315789473685,New
Hyundai Santro Xing GLS,2009,140000,120000,Petrol,Individual,Manual,First Owner,100–150k,16,1.1666666666666667,Old
Tata Indigo CR4,2011,130000,90000,Diesel,Individual,Manual,First Owner,75–100k,14,1.4444444444444444,Old
Maruti Alto 800 LXI,2017,160000,50000,Petrol,Individual,Manual,First Owner,25–50k,8,3.2,New
Maruti Alto 800 LXI,2016,150000,60000,Petrol,Individual,Manual,First Owner,50–75k,9,2.5,New
Mahindra XUV500 W8 2WD,2013,500000,100000,Diesel,Individual,Manual,Second Owner,75–100k,12,5.0,Old
Tata Nano Std,2011,40000,19000,Petrol,Individual,Manual,First Owner,0–25k,14,2.1052631578947367,Old
Chevrolet Tavera LT L1 7 Seats BSIII,2006,140000,200000,Diesel,Individual,Manual,Third Owner,150–200k,19,0.7,Old
Mahindra Verito 1.5 D2 BSIV,2015,227000,70000,Diesel,Individual,Manual,Second Owner,50–75k,10,3.242857142857143,Old
Maruti Swift VDI,2011,285000,50000,Diesel,Individual,Manual,Second Owner,25–50k,14,5.7,Old
Maruti Alto LX,2012,155000,19077,Petrol,Individual,Manual,Second Owner,0–25k,13,8.12496723803533,Old
Hyundai EON D Lite,2016,210000,30000,Petrol,Individual,Manual,First Owner,25–50k,9,7.0,New
Maruti Alto LXi,2009,140000,80000,Petrol,Individual,Manual,Second Owner,75–100k,16,1.75,Old
Toyota Innova 2.5 GX (Diesel) 7 Seater,2015,940000,128000,Diesel,Individual,Manual,First Owner,100–150k,10,7.34375,Old
Nissan Terrano XV Premium 110 PS,2013,750000,80000,Diesel,Individual,Manual,First Owner,75–100k,12,9.375,Old
Maruti Baleno Alpha 1.3,2016,610000,100000,Diesel,Individual,Manual,First Owner,75–100k,9,6.1,New
Nissan Sunny XV D Premium Leather,2015,450000,50000,Diesel,Individual,Manual,First Owner,25–50k,10,9.0,Old
Toyota Etios Liva GD,2012,409999,56000,Diesel,Individual,Manual,First Owner,50–75k,13,7.321410714285714,Old
Hyundai EON 1.0 Era Plus,2018,100000,21302,Petrol,Individual,Manual,First Owner,0–25k,7,4.694394892498357,New
Renault KWID 1.0 RXT Optional,2018,300000,10500,Petrol,Individual,Manual,First Owner,0–25k,7,28.571428571428573,New
Mahindra Bolero 2011-2019 SLX,2013,400000,107000,Diesel,Individual,Manual,First Owner,100–150k,12,3.7383177570093458,Old
Hyundai i10 Sportz 1.2,2010,210000,60000,Petrol,Individual,Manual,Second Owner,50–75k,15,3.5,Old
Hyundai Santro Xing XG eRLX Euro III,2006,90000,120000,Petrol,Individual,Manual,Second Owner,100–150k,19,0.75,Old
Maruti Wagon R LXI BS IV,2010,222000,70000,Petrol,Individual,Manual,First Owner,50–75k,15,3.1714285714285713,Old
Maruti Alto 800 LXI,2015,240000,50000,Petrol,Individual,Manual,Second Owner,25–50k,10,4.8,Old
Toyota Etios Liva GD,2013,450000,70000,Diesel,Individual,Manual,Second Owner,50–75k,12,6.428571428571429,Old
Renault Duster 85PS Diesel RxL,2013,450000,1000,Diesel,Dealer,Manual,Second Owner,0–25k,12,450.0,Old
Mercedes-Benz C-Class Progressive C 220d,2018,3800000,10000,Diesel,Dealer,Automatic,First Owner,0–25k,7,380.0,New
Audi A4 3.0 TDI Quattro,2013,1580000,86000,Diesel,Dealer,Automatic,First Owner,75–100k,12,18.372093023255815,Old
BMW X5 xDrive 30d xLine,2019,4950000,30000,Diesel,Dealer,Automatic,First Owner,25–50k,6,165.0,New
Hyundai Creta 1.6 CRDi SX,2016,535000,52600,Diesel,Individual,Manual,First Owner,50–75k,9,10.171102661596958,New
Maruti SX4 Vxi BSIV,2012,225000,110000,Petrol,Individual,Manual,Second Owner,100–150k,13,2.0454545454545454,Old
Hyundai Grand i10 1.2 Kappa Magna AT,2017,550000,19890,Petrol,Dealer,Automatic,First Owner,0–25k,8,27.65208647561589,New
Maruti Swift ZXI BSIV,2016,670000,7104,Petrol,Trustmark Dealer,Manual,First Owner,0–25k,9,94.31306306306307,New
Maruti Ertiga VXI,2015,625000,11918,Petrol,Trustmark Dealer,Manual,First Owner,0–25k,10,52.44168484645075,Old
Hyundai Grand i10 Magna AT,2017,520000,10510,Petrol,Dealer,Automatic,First Owner,0–25k,8,49.476688867745004,New
Chevrolet Beat LT Option,2016,239000,41000,Petrol,Dealer,Manual,First Owner,25–50k,9,5.829268292682927,New
Toyota Fortuner 4x2 AT,2017,2600000,47162,Diesel,Trustmark Dealer,Automatic,First Owner,25–50k,8,55.12912938382596,New
Maruti S-Cross Zeta DDiS 200 SH,2015,750000,45974,Diesel,Trustmark Dealer,Manual,First Owner,25–50k,10,16.313568538739286,Old
Hyundai i10 Magna,2012,229999,49824,Petrol,Dealer,Manual,First Owner,25–50k,13,4.616229126525369,Old
Audi A6 2.0 TDI Premium Plus,2013,1300000,58500,Diesel,Dealer,Automatic,First Owner,50–75k,12,22.22222222222222,Old
Hyundai Santro GS,2005,80000,56580,Petrol,Dealer,Manual,First Owner,50–75k,20,1.4139271827500883,Old
Skoda Laura Ambiente 2.0 TDI CR MT,2012,385000,52000,Diesel,Dealer,Manual,First Owner,50–75k,13,7.403846153846154,Old
Hyundai Verna 1.6 VTVT SX,2015,760000,55340,Petrol,Trustmark Dealer,Manual,First Owner,50–75k,10,13.733285146367907,Old
Maruti Swift Dzire VDI,2017,600000,46507,Diesel,Trustmark Dealer,Manual,First Owner,25–50k,8,12.901283677725933,New
Renault Duster 85PS Diesel RxL,2013,450000,1000,Diesel,Dealer,Manual,Second Owner,0–25k,12,450.0,Old
Mercedes-Benz C-Class Progressive C 220d,2018,3800000,10000,Diesel,Dealer,Automatic,First Owner,0–25k,7,380.0,New
Audi A4 3.0 TDI Quattro,2013,1580000,86000,Diesel,Dealer,Automatic,First Owner,75–100k,12,18.372093023255815,Old
BMW X5 xDrive 30d xLine,2019,4950000,30000,Diesel,Dealer,Automatic,First Owner,25–50k,6,165.0,New
Hyundai Creta 1.6 CRDi SX,2016,535000,52600,Diesel,Individual,Manual,First Owner,50–75k,9,10.171102661596958,New
Maruti SX4 Vxi BSIV,2012,225000,110000,Petrol,Individual,Manual,Second Owner,100–150k,13,2.0454545454545454,Old
Hyundai Grand i10 1.2 Kappa Magna AT,2017,550000,19890,Petrol,Dealer,Automatic,First Owner,0–25k,8,27.65208647561589,New
Maruti Swift ZXI BSIV,2016,670000,7104,Petrol,Trustmark Dealer,Manual,First Owner,0–25k,9,94.31306306306307,New
Maruti Ertiga VXI,2015,625000,11918,Petrol,Trustmark Dealer,Manual,First Owner,0–25k,10,52.44168484645075,Old
Hyundai Grand i10 Magna AT,2017,520000,10510,Petrol,Dealer,Automatic,First Owner,0–25k,8,49.476688867745004,New
Chevrolet Beat LT Option,2016,239000,41000,Petrol,Dealer,Manual,First Owner,25–50k,9,5.829268292682927,New
Toyota Fortuner 4x2 AT,2017,2600000,47162,Diesel,Trustmark Dealer,Automatic,First Owner,25–50k,8,55.12912938382596,New
Maruti S-Cross Zeta DDiS 200 SH,2015,750000,45974,Diesel,Trustmark Dealer,Manual,First Owner,25–50k,10,16.313568538739286,Old
Hyundai i10 Magna,2012,229999,49824,Petrol,Dealer,Manual,First Owner,25–50k,13,4.616229126525369,Old
Audi A6 2.0 TDI Premium Plus,2013,1300000,58500,Diesel,Dealer,Automatic,First Owner,50–75k,12,22.22222222222222,Old
Hyundai Santro GS,2005,80000,56580,Petrol,Dealer,Manual,First Owner,50–75k,20,1.4139271827500883,Old
Skoda Laura Ambiente 2.0 TDI CR MT,2012,385000,52000,Diesel,Dealer,Manual,First Owner,50–75k,13,7.403846153846154,Old
Hyundai Verna 1.6 VTVT SX,2015,760000,55340,Petrol,Trustmark Dealer,Manual,First Owner,50–75k,10,13.733285146367907,Old
Maruti Swift Dzire VDI,2017,600000,46507,Diesel,Trustmark Dealer,Manual,First Owner,25–50k,8,12.901283677725933,New
Volkswagen Jetta 2.0L TDI Highline AT,2012,735000,55300,Diesel,Dealer,Automatic,First Owner,50–75k,13,13.291139240506329,Old
Tata Indica Vista Quadrajet 90 VX,2012,285000,74300,Diesel,Dealer,Manual,First Owner,50–75k,13,3.8358008075370122,Old
Honda City VX MT,2010,350000,48781,Petrol,Dealer,Manual,First Owner,25–50k,15,7.174924663291035,Old
Volkswagen Jetta 1.9 Highline TDI,2010,290000,87620,Diesel,Dealer,Automatic,First Owner,75–100k,15,3.3097466331887695,Old
Volkswagen Vento 1.5 TDI Highline Plus AT,2017,890000,40219,Diesel,Dealer,Automatic,First Owner,25–50k,8,22.12884457594669,New
Honda Jazz VX,2011,385000,11473,Petrol,Dealer,Manual,First Owner,0–25k,14,33.557046979865774,Old
Maruti Eeco 5 Seater AC BSIV,2017,425000,8352,Petrol,Dealer,Manual,First Owner,0–25k,8,50.8860153256705,New
Maruti Wagon R VXI AMT1.2BSIV,2017,525000,9745,Petrol,Dealer,Automatic,First Owner,0–25k,8,53.873781426372496,New
Hyundai Grand i10 Asta,2017,550000,9748,Petrol,Dealer,Manual,First Owner,0–25k,8,56.42183011899877,New
Volkswagen Polo 1.0 MPI Trendline,2012,271000,49000,Petrol,Dealer,Manual,First Owner,25–50k,13,5.530612244897959,Old
Hyundai Creta 1.6 CRDi SX Option,2018,1490000,20694,Diesel,Dealer,Manual,First Owner,0–25k,7,72.00154634193485,New
Hyundai Grand i10 Asta Option,2015,490000,31080,Petrol,Dealer,Manual,First Owner,25–50k,10,15.765765765765765,Old
Hyundai EON Era Plus,2014,260000,37605,Petrol,Dealer,Manual,First Owner,25–50k,11,6.913974205557771,Old
Hyundai Xcent 1.1 CRDi SX Option,2014,455000,55850,Diesel,Dealer,Manual,First Owner,50–75k,11,8.146821844225604,Old
Tata Nano Lx BSIV,2010,75000,58850,Petrol,Dealer,Manual,First Owner,50–75k,15,1.274426508071368,Old
Toyota Etios Cross 1.2L G,2015,421000,23839,Petrol,Dealer,Manual,First Owner,0–25k,10,17.66013675070263,Old
Maruti Swift DDiS LDI,2016,550000,54000,Diesel,Dealer,Manual,First Owner,50–75k,9,10.185185185185185,New
Hyundai i10 Sportz 1.2 AT,2013,330000,38000,Petrol,Dealer,Automatic,First Owner,25–50k,12,8.68421052631579,Old
Volkswagen Vento 1.5 TDI Comfortline,2012,390000,45454,Diesel,Dealer,Manual,First Owner,25–50k,13,8.580102961235534,Old
Skoda Rapid 1.5 TDI AT Ambition,2015,599000,46957,Diesel,Dealer,Automatic,First Owner,25–50k,10,12.756351555678599,Old
Hyundai Getz GLE,2007,110000,60000,Petrol,Individual,Manual,Fourth & Above Owner,50–75k,18,1.8333333333333333,Old
Renault KWID RXT Optional,2016,250000,25000,Petrol,Individual,Manual,First Owner,0–25k,9,10.0,New
Mahindra Scorpio M2DI,2012,600000,110000,Diesel,Individual,Manual,Fourth & Above Owner,100–150k,13,5.454545454545454,Old
Ford Endeavour XLT TDCi 4X2,2008,280000,190000,Diesel,Individual,Manual,Second Owner,150–200k,17,1.4736842105263157,Old
Audi Q3 35 TDI Quattro Technology,2018,2700000,25000,Diesel,Individual,Automatic,First Owner,0–25k,7,108.0,New
Mahindra Renault Logan 1.4 GLX Petrol,2008,80000,90000,Petrol,Individual,Manual,First Owner,75–100k,17,0.8888888888888888,Old
Maruti Alto K10 VXI,2019,350000,5000,Petrol,Individual,Manual,First Owner,0–25k,6,70.0,New
Maruti Swift VDI BSIV,2015,475000,60000,Diesel,Individual,Manual,First Owner,50–75k,10,7.916666666666667,Old
Audi A5 Sportback,2020,4700000,1500,Diesel,Individual,Automatic,First Owner,0–25k,5,3133.3333333333335,New
Maruti Swift Dzire VDI,2018,500000,50000,Diesel,Individual,Manual,First Owner,25–50k,7,10.0,New
Chevrolet Sail Hatchback 1.3 TCDi LT ABS,2014,250000,120000,Diesel,Individual,Manual,First Owner,100–150k,11,2.0833333333333335,Old
Hyundai Accent CRDi,2005,100000,120000,Diesel,Individual,Manual,Second Owner,100–150k,20,0.8333333333333334,Old
Maruti Alto K10 VXI Airbag,2019,350000,5000,Petrol,Individual,Manual,First Owner,0–25k,6,70.0,New
BMW 7 Series Signature 730Ld,2014,4000000,47000,Diesel,Individual,Automatic,First Owner,25–50k,11,85.1063829787234,Old
Toyota Camry 2.5 Hybrid,2017,1900000,20000,Petrol,Individual,Automatic,First Owner,0–25k,8,95.0,New
Hyundai Santro Xing XG,2005,95000,120000,Petrol,Individual,Manual,Second Owner,100–150k,20,0.7916666666666666,Old
Hyundai Grand i10 CRDi Sportz,2015,409999,58000,Diesel,Individual,Manual,First Owner,50–75k,10,7.068948275862069,Old
Mahindra XUV500 W5 BSIV,2018,1050000,35000,Diesel,Individual,Manual,First Owner,25–50k,7,30.0,New
Maruti Alto K10 VXI,2017,320000,30000,Petrol,Individual,Manual,First Owner,25–50k,8,10.666666666666666,New
Mahindra XUV300 W8 Option Diesel BSIV,2019,1000000,10000,Diesel,Individual,Manual,First Owner,0–25k,6,100.0,New
Toyota Innova Crysta 2.4 VX MT BSIV,2017,1770000,25000,Diesel,Individual,Manual,First Owner,0–25k,8,70.8,New
Mahindra Thar CRDe,2018,950000,20000,Diesel,Individual,Manual,First Owner,0–25k,7,47.5,New
Maruti Swift Dzire ZDI,2018,750000,50000,Diesel,Individual,Manual,First Owner,25–50k,7,15.0,New
Hyundai EON Magna Plus,2014,220000,42000,Petrol,Individual,Manual,First Owner,25–50k,11,5.238095238095238,Old
Tata Hexa XM,2017,1000000,50000,Diesel,Individual,Manual,First Owner,25–50k,8,20.0,New
Honda Mobilio E i DTEC,2017,660000,116000,Diesel,Individual,Manual,First Owner,100–150k,8,5.689655172413793,New
Maruti Ertiga ZDI,2015,716000,100000,Diesel,Individual,Manual,First Owner,75–100k,10,7.16,Old
Maruti Ciaz ZXi Plus,2015,675000,66000,Petrol,Individual,Manual,First Owner,50–75k,10,10.227272727272727,Old
Mahindra Scorpio LX,2010,385000,110000,Diesel,Individual,Manual,Third Owner,100–150k,15,3.5,Old
Fiat Grande Punto EVO 1.3 Dynamic,2014,325000,70000,Diesel,Individual,Manual,First Owner,50–75k,11,4.642857142857143,Old
Hyundai Creta 1.6 CRDi SX Option,2015,950000,60000,Diesel,Individual,Manual,First Owner,50–75k,10,15.833333333333334,Old
Ford Endeavour Hurricane Limited Edition,2007,400000,110000,Diesel,Individual,Automatic,Fourth & Above Owner,100–150k,18,3.6363636363636362,Old
Tata Indica Vista TDI LS,2014,250000,25000,Diesel,Individual,Manual,First Owner,0–25k,11,10.0,Old
Land Rover Discovery S 2.0 SD4,2018,4000000,68000,Petrol,Individual,Automatic,First Owner,50–75k,7,58.8235294117647,New
Maruti Alto 800 LXI,2014,210000,20000,Petrol,Individual,Manual,First Owner,0–25k,11,10.5,Old
Hyundai i10 Era 1.1 iTech SE,2011,147000,110000,Petrol,Individual,Manual,Second Owner,100–150k,14,1.3363636363636364,Old
Maruti Vitara Brezza VDi Option,2018,725000,26350,Diesel,Individual,Manual,First Owner,25–50k,7,27.514231499051235,New
Mahindra Scorpio SLE BSIV,2012,550000,90000,Diesel,Individual,Manual,First Owner,75–100k,13,6.111111111111111,Old
Hyundai i20 Sportz Option 1.2,2016,475000,25000,Petrol,Individual,Manual,First Owner,0–25k,9,19.0,New
Hyundai Santro Xing GLS,2014,250000,50000,Petrol,Individual,Manual,Second Owner,25–50k,11,5.0,Old
Tata Indica LSI,2006,70000,60000,Petrol,Individual,Manual,Second Owner,50–75k,19,1.1666666666666667,Old
Hyundai EON Era Plus,2012,160000,70000,Petrol,Individual,Manual,Third Owner,50–75k,13,2.2857142857142856,Old
Ford Endeavour 3.0L 4X4 AT,2011,1000000,90000,Diesel,Individual,Automatic,Second Owner,75–100k,14,11.11111111111111,Old
Hyundai Santro LE zipPlus,2001,68000,70000,Petrol,Individual,Manual,First Owner,50–75k,24,0.9714285714285714,Old
Hyundai Grand i10 1.2 Kappa Asta,2017,500000,26500,Petrol,Individual,Manual,First Owner,25–50k,8,18.867924528301888,New
Tata Indigo CR4,2013,170000,60000,Diesel,Individual,Manual,First Owner,50–75k,12,2.8333333333333335,Old
Mahindra Scorpio S11 BSIV,2018,1300000,35000,Diesel,Individual,Manual,First Owner,25–50k,7,37.142857142857146,New
Hyundai Creta 1.4 EX Diesel,2020,1050000,10000,Diesel,Individual,Manual,First Owner,0–25k,5,105.0,New
Maruti Ritz LXI,2009,300000,15000,Petrol,Individual,Manual,First Owner,0–25k,16,20.0,Old
Hyundai i20 Magna 1.2,2016,600000,25000,Petrol,Individual,Manual,First Owner,0–25k,9,24.0,New
Hyundai Verna CRDi 1.6 SX,2017,900000,50000,Diesel,Individual,Manual,First Owner,25–50k,8,18.0,New
Hyundai Grand i10 1.2 Kappa Sportz BSIV,2019,550000,25000,Petrol,Individual,Manual,First Owner,0–25k,6,22.0,New
Maruti Alto LX,2007,100000,52000,Petrol,Individual,Manual,Second Owner,50–75k,18,1.9230769230769231,Old
Honda Brio 1.2 S MT,2017,400000,15000,Petrol,Individual,Manual,First Owner,0–25k,8,26.666666666666668,New
Tata Nano Lx,2011,120000,20000,Petrol,Individual,Manual,First Owner,0–25k,14,6.0,Old
Hyundai i20 Asta 1.4 CRDi,2013,300000,90000,Diesel,Individual,Manual,First Owner,75–100k,12,3.3333333333333335,Old
Tata Indigo LX,2011,140000,60000,Diesel,Individual,Manual,Second Owner,50–75k,14,2.3333333333333335,Old
Skoda Rapid 1.6 MPI Ambition With Alloy Wheel,2015,640000,23000,Petrol,Individual,Manual,First Owner,0–25k,10,27.82608695652174,Old
Maruti Alto K10 VXI,2018,380000,22155,Petrol,Individual,Manual,First Owner,0–25k,7,17.15188445046265,New
Tata Nano Lx,2011,120000,20000,Petrol,Individual,Manual,First Owner,0–25k,14,6.0,Old
Maruti Ciaz 1.4 Delta,2018,650000,70000,Petrol,Individual,Manual,First Owner,50–75k,7,9.285714285714286,New
Maruti Alto LX,2009,150000,60000,Petrol,Individual,Manual,Second Owner,50–75k,16,2.5,Old
Ford Figo Aspire 1.2 Ti-VCT Trend,2018,550000,35000,Petrol,Individual,Manual,First Owner,25–50k,7,15.714285714285714,New
Mahindra XUV500 W8 4WD,2012,650000,71042,Diesel,Dealer,Manual,First Owner,50–75k,13,9.149517187016132,Old
Mitsubishi Pajero Sport 4X4,2012,1025000,167870,Diesel,Dealer,Manual,Second Owner,150–200k,13,6.105915291594687,Old
Ford Fiesta 1.5 TDCi Titanium,2011,195000,133564,Diesel,Dealer,Manual,First Owner,100–150k,14,1.4599742445569166,Old
Mercedes-Benz C-Class Progressive C 220d,2018,3800000,10000,Diesel,Dealer,Automatic,First Owner,0–25k,7,380.0,New
BMW 3 Series 320d Sport,2013,1490000,40000,Diesel,Dealer,Automatic,First Owner,25–50k,12,37.25,Old
BMW X5 xDrive 30d xLine,2019,4950000,30000,Diesel,Dealer,Automatic,First Owner,25–50k,6,165.0,New
Honda City i-VTEC CVT ZX,2018,1140000,23038,Petrol,Trustmark Dealer,Automatic,First Owner,0–25k,7,49.4834621060856,New
Chevrolet Beat Diesel LS,2011,95000,70000,Diesel,Individual,Manual,First Owner,50–75k,14,1.3571428571428572,Old
BMW 3 Series GT Luxury Line,2017,3050000,30000,Diesel,Individual,Automatic,First Owner,25–50k,8,101.66666666666667,New
Hyundai Grand i10 1.2 Kappa Magna AT,2017,550000,19890,Petrol,Dealer,Automatic,First Owner,0–25k,8,27.65208647561589,New
Maruti Ertiga VXI,2015,625000,11918,Petrol,Trustmark Dealer,Manual,First Owner,0–25k,10,52.44168484645075,Old
Hyundai Grand i10 Magna AT,2017,520000,10510,Petrol,Dealer,Automatic,First Owner,0–25k,8,49.476688867745004,New
Chevrolet Beat LT Option,2016,239000,41000,Petrol,Dealer,Manual,First Owner,25–50k,9,5.829268292682927,New
Toyota Fortuner 4x2 AT,2017,2600000,47162,Diesel,Trustmark Dealer,Automatic,First Owner,25–50k,8,55.12912938382596,New
Hyundai i10 Magna,2012,229999,49824,Petrol,Dealer,Manual,First Owner,25–50k,13,4.616229126525369,Old
Audi A6 2.0 TDI Premium Plus,2013,1300000,58500,Diesel,Dealer,Automatic,First Owner,50–75k,12,22.22222222222222,Old
Maruti Baleno Delta 1.2,2017,585000,43608,Petrol,Trustmark Dealer,Manual,First Owner,25–50k,8,13.41496973032471,New
Maruti Baleno Alpha CVT,2018,825000,11212,Petrol,Trustmark Dealer,Automatic,First Owner,0–25k,7,73.58187656082768,New
Hyundai i20 1.4 Magna Executive,2013,280000,52000,Diesel,Dealer,Manual,First Owner,50–75k,12,5.384615384615385,Old
Maruti Baleno Zeta,2016,725000,49217,Petrol,Trustmark Dealer,Manual,First Owner,25–50k,9,14.730682487758294,New
Mahindra Verito 1.5 D4 BSIV,2015,300000,90000,Diesel,Individual,Manual,First Owner,75–100k,10,3.3333333333333335,Old
Hyundai Xcent 1.2 Kappa S,2015,375000,70000,Petrol,Individual,Manual,First Owner,50–75k,10,5.357142857142857,Old
Honda City VTEC,2003,310000,90000,Petrol,Individual,Manual,Fourth & Above Owner,75–100k,22,3.4444444444444446,Old
Maruti Swift Dzire VDi,2011,375000,190000,Diesel,Individual,Manual,Third Owner,150–200k,14,1.9736842105263157,Old
Ford Endeavour 3.2 Titanium AT 4X4,2016,1950000,106000,Diesel,Individual,Automatic,First Owner,100–150k,9,18.39622641509434,New
Tata Xenon XT EX 4X2,2012,400000,80000,Diesel,Individual,Manual,Second Owner,75–100k,13,5.0,Old
Nissan Terrano XL Plus 85 PS,2014,550000,80000,Diesel,Individual,Manual,Second Owner,75–100k,11,6.875,Old
Maruti Eeco 7 Seater Standard BSIV,2018,270000,20000,Petrol,Individual,Manual,First Owner,0–25k,7,13.5,New
Maruti Ertiga ZDI,2012,555000,110000,Diesel,Individual,Manual,Second Owner,100–150k,13,5.045454545454546,Old
Ford Ecosport 1.5 DV5 MT Ambiente,2013,500000,60000,Diesel,Individual,Manual,Second Owner,50–75k,12,8.333333333333334,Old
Skoda Laura Elegance 1.9 TDI  AT,2010,400000,130000,Diesel,Individual,Automatic,Second Owner,100–150k,15,3.076923076923077,Old
Hyundai EON 1.0 Era Plus,2017,280000,28838,Petrol,Individual,Manual,First Owner,25–50k,8,9.709411193564048,New
Tata Indica GLS BS IV,2008,80000,200000,Petrol,Individual,Manual,First Owner,150–200k,17,0.4,Old
Tata Indica DLS,2006,55000,100000,Diesel,Individual,Manual,First Owner,75–100k,19,0.55,Old
Maruti Alto 800 LXI Airbag,2014,250000,50000,Petrol,Individual,Manual,First Owner,25–50k,11,5.0,Old
Mahindra Bolero SLX 2WD,2010,250000,190000,Diesel,Individual,Manual,Fourth & Above Owner,150–200k,15,1.3157894736842106,Old
Mahindra Jeep MM 540,2007,95000,100000,Diesel,Individual,Manual,Second Owner,75–100k,18,0.95,Old
Mahindra Scorpio 1.99 S10,2014,725000,135000,Diesel,Individual,Manual,Second Owner,100–150k,11,5.37037037037037,Old
Mahindra Bolero Power Plus Plus AC BSIV PS,2015,320000,50000,Diesel,Individual,Manual,Third Owner,25–50k,10,6.4,Old
Skoda Octavia Elegance 2.0 TDI AT,2014,1200000,135000,Diesel,Individual,Automatic,Third Owner,100–150k,11,8.88888888888889,Old
Chevrolet Beat Diesel LS,2012,160000,50000,Diesel,Individual,Manual,First Owner,25–50k,13,3.2,Old
Honda Jazz 1.5 VX i DTEC,2018,790000,19571,Diesel,Dealer,Manual,First Owner,0–25k,7,40.36584742731593,New
Honda City i-VTEC ZX,2018,1200000,29600,Petrol,Dealer,Manual,First Owner,25–50k,7,40.54054054054054,New
Maruti Swift LXI,2011,175000,70000,Petrol,Individual,Manual,First Owner,50–75k,14,2.5,Old
Maruti Vitara Brezza ZDi Plus AMT Dual Tone,2018,950000,15000,Diesel,Individual,Automatic,First Owner,0–25k,7,63.333333333333336,New
Maruti Celerio LXI MT BSIV,2019,340000,50000,Petrol,Individual,Manual,First Owner,25–50k,6,6.8,New
Renault Captur 1.5 Diesel RXT,2017,825000,13500,Diesel,Individual,Manual,First Owner,0–25k,8,61.111111111111114,New
Audi A4 30 TFSI Technology,2018,3100000,22000,Petrol,Individual,Automatic,First Owner,0–25k,7,140.9090909090909,New
Honda Amaze VX Diesel BSIV,2018,780000,25000,Diesel,Dealer,Manual,First Owner,0–25k,7,31.2,New
Toyota Corolla Altis 1.8 VL AT,2010,350000,80000,Petrol,Individual,Automatic,Third Owner,75–100k,15,4.375,Old
Honda Amaze VX Petrol BSIV,2018,690000,39000,Petrol,Dealer,Manual,First Owner,25–50k,7,17.692307692307693,New
Maruti Alto 800 VXI,2016,245000,60000,Petrol,Individual,Manual,First Owner,50–75k,9,4.083333333333333,New
Honda Amaze VX Diesel BSIV,2018,790000,49000,Diesel,Dealer,Manual,First Owner,25–50k,7,16.122448979591837,New
Honda Amaze VX i-VTEC,2018,680000,48600,Petrol,Dealer,Manual,First Owner,25–50k,7,13.991769547325102,New
Hyundai Grand i10 Asta Option,2017,540000,20000,Petrol,Individual,Manual,Second Owner,0–25k,8,27.0,New
Mahindra KUV 100 mFALCON G80 K2,2016,425000,25000,Petrol,Individual,Manual,First Owner,0–25k,9,17.0,New
Maruti Zen Estilo Sports,2008,140000,120000,Petrol,Individual,Manual,First Owner,100–150k,17,1.1666666666666667,Old
Maruti Ertiga ZDI Plus,2019,1100000,30000,Diesel,Individual,Manual,First Owner,25–50k,6,36.666666666666664,New
Renault Lodgy 85PS RxL,2015,715000,35000,Diesel,Individual,Manual,First Owner,25–50k,10,20.428571428571427,Old
Audi A4 3.0 TDI Quattro,2013,1580000,86000,Diesel,Dealer,Automatic,First Owner,75–100k,12,18.372093023255815,Old
Audi Q3 2.0 TDI Quattro Premium Plus,2015,1750000,127643,Diesel,Dealer,Automatic,First Owner,100–150k,10,13.710113363051637,Old
Tata Zest Revotron 1.2T XMS,2018,400000,54000,Petrol,Dealer,Manual,Second Owner,50–75k,7,7.407407407407407,New
Audi A6 2.0 TDI  Design Edition,2014,1750000,102354,Diesel,Dealer,Automatic,First Owner,100–150k,11,17.097524278484475,Old
Audi Q5 2.0 TFSI Quattro Premium Plus,2014,1850000,62237,Petrol,Dealer,Automatic,First Owner,50–75k,11,29.725083149894758,Old
Hyundai Santro Xing XL eRLX Euro III,2005,114999,90000,Petrol,Dealer,Manual,Second Owner,75–100k,20,1.2777666666666667,Old
Ford EcoSport 1.5 TDCi Titanium BSIV,2018,950000,21394,Diesel,Dealer,Manual,First Owner,0–25k,7,44.40497335701598,New
Datsun GO T Petrol,2015,310000,32686,Petrol,Dealer,Manual,First Owner,25–50k,10,9.484182830569663,Old
Mahindra Jeep CJ 500 DI,2006,575000,1001,Diesel,Dealer,Manual,First Owner,0–25k,19,574.4255744255744,Old
Renault Pulse RxZ,2017,490000,22000,Diesel,Dealer,Manual,First Owner,0–25k,8,22.272727272727273,New
Hyundai Grand i10 Magna,2017,480000,53261,Petrol,Dealer,Manual,First Owner,50–75k,8,9.012222827209403,New
Land Rover Discovery Sport SD4 HSE Luxury,2016,3500000,53000,Diesel,Dealer,Automatic,First Owner,50–75k,9,66.0377358490566,New
Renault KWID 1.0 RXT Optional,2018,370000,10000,Petrol,Dealer,Manual,First Owner,0–25k,7,37.0,New
Maruti Baleno Alpha 1.3,2017,835000,14000,Diesel,Dealer,Manual,First Owner,0–25k,8,59.642857142857146,New
Volkswagen Polo 2015-2019 1.2 MPI Highline,2017,650000,44000,Petrol,Dealer,Manual,First Owner,25–50k,8,14.772727272727273,New
Toyota Etios VD,2014,670000,39895,Diesel,Dealer,Manual,First Owner,25–50k,11,16.794084471738312,Old
Chevrolet Cruze LTZ AT,2017,950000,73000,Diesel,Dealer,Automatic,First Owner,50–75k,8,13.013698630136986,New
Honda City i-VTEC SV,2014,690000,17000,Petrol,Dealer,Manual,First Owner,0–25k,11,40.588235294117645,Old
Volkswagen Polo 2015-2019 1.2 MPI Highline,2017,670000,18591,Petrol,Dealer,Manual,First Owner,0–25k,8,36.03894357484805,New
Tata Nexon 1.5 Revotorq XZ,2017,925000,26766,Diesel,Dealer,Manual,First Owner,25–50k,8,34.558768587013375,New
Hyundai EON Magna Plus,2015,250000,30000,Petrol,Individual,Manual,First Owner,25–50k,10,8.333333333333334,Old
Tata Sumo Gold EX,2016,509999,42000,Diesel,Individual,Manual,First Owner,25–50k,9,12.142833333333334,New
Honda City i DTEC VX,2014,520000,110000,Diesel,Individual,Manual,First Owner,100–150k,11,4.7272727272727275,Old
Tata Indica DLE,2005,100000,100000,Diesel,Individual,Manual,First Owner,75–100k,20,1.0,Old
Tata Indica DLS,2006,85000,300000,Diesel,Individual,Manual,Second Owner,200k+,19,0.2833333333333333,Old
Tata Indigo LX,2009,130000,110000,Diesel,Individual,Manual,Third Owner,100–150k,16,1.1818181818181819,Old
Ford EcoSport 1.5 TDCi Titanium BSIV,2018,950000,27620,Diesel,Dealer,Manual,First Owner,25–50k,7,34.39536567704562,New
Ford Figo Aspire 1.2 Ti-VCT Titanium Plus,2015,450000,70000,Petrol,Individual,Manual,First Owner,50–75k,10,6.428571428571429,Old
Honda City S,2012,320000,50000,Petrol,Individual,Manual,Second Owner,25–50k,13,6.4,Old
Maruti Swift Dzire VDI,2015,480000,50000,Diesel,Individual,Manual,First Owner,25–50k,10,9.6,Old
Mercedes-Benz New C-Class C 220 CDI Grand Edition,2014,2490000,46000,Diesel,Individual,Automatic,First Owner,25–50k,11,54.130434782608695,Old
Toyota Innova 2.5 VX 8 STR,2012,790000,82000,Diesel,Individual,Manual,First Owner,75–100k,13,9.634146341463415,Old
Maruti Omni MPI STD BSIV,2016,120000,120000,Petrol,Individual,Manual,First Owner,100–150k,9,1.0,New
Maruti Alto LXi,2006,75000,80000,Petrol,Individual,Manual,Third Owner,75–100k,19,0.9375,Old
Tata Indica GLS BS IV,2010,99000,70000,Petrol,Individual,Manual,First Owner,50–75k,15,1.4142857142857144,Old
Maruti S-Cross Zeta DDiS 200 SH,2018,1015000,20000,Diesel,Individual,Manual,First Owner,0–25k,7,50.75,New
Mahindra Xylo D4 BSIV,2013,250000,200000,Diesel,Individual,Manual,Second Owner,150–200k,12,1.25,Old
Toyota Innova Crysta 2.5 VX BS IV,2011,520000,120000,Diesel,Individual,Manual,First Owner,100–150k,14,4.333333333333333,Old
Hyundai Verna CRDi 1.6 AT SX Option,2018,1100000,30000,Diesel,Individual,Automatic,First Owner,25–50k,7,36.666666666666664,New
Toyota Innova 2.5 V Diesel 7-seater,2005,200000,223000,Diesel,Individual,Manual,First Owner,200k+,20,0.8968609865470852,Old
Maruti Swift Dzire VDI,2016,525000,60000,Diesel,Individual,Manual,First Owner,50–75k,9,8.75,New
Hyundai i20 Asta 1.2,2016,500000,40000,Petrol,Individual,Manual,First Owner,25–50k,9,12.5,New
Mahindra Scorpio S2 7 Seater,2016,675000,161327,Diesel,Individual,Manual,First Owner,150–200k,9,4.18404854736033,New
Hyundai i10 Magna 1.2 iTech SE,2009,150000,60000,Petrol,Individual,Manual,Third Owner,50–75k,16,2.5,Old
Mahindra Bolero DI,2007,250000,50000,Diesel,Individual,Manual,First Owner,25–50k,18,5.0,Old
Hyundai Grand i10 1.2 Kappa Sportz BSIV,2018,450000,6000,Petrol,Individual,Manual,First Owner,0–25k,7,75.0,New
Hyundai Santro Xing XS,2009,150000,68000,Petrol,Individual,Manual,Second Owner,50–75k,16,2.2058823529411766,Old
Chevrolet Beat Diesel LS,2012,200000,85000,Diesel,Individual,Manual,First Owner,75–100k,13,2.3529411764705883,Old
Mahindra Scorpio VLS AT 2.2 mHAWK,2011,525000,70000,Diesel,Individual,Automatic,First Owner,50–75k,14,7.5,Old
Maruti Esteem VX,1999,60000,35000,Petrol,Individual,Manual,Second Owner,25–50k,26,1.7142857142857142,Old
Maruti Swift Vdi BSIII,2010,180000,100000,Diesel,Individual,Manual,Second Owner,75–100k,15,1.8,Old
Honda Amaze S i-Dtech,2015,475000,110000,Diesel,Individual,Manual,First Owner,100–150k,10,4.318181818181818,Old
Mahindra Scorpio VLS AT 2.2 mHAWK,2010,380000,195000,Diesel,Individual,Automatic,Second Owner,150–200k,15,1.9487179487179487,Old
Maruti Alto 800 LXI,2015,285000,46000,Petrol,Individual,Manual,Second Owner,25–50k,10,6.195652173913044,Old
Maruti Alto LXi BSIII,2008,91200,60000,Petrol,Individual,Manual,Second Owner,50–75k,17,1.52,Old
Datsun RediGO T Option,2017,250000,46000,Petrol,Individual,Manual,First Owner,25–50k,8,5.434782608695652,New
Hyundai Grand i10 CRDi Sportz,2015,400000,42000,Diesel,Individual,Manual,First Owner,25–50k,10,9.523809523809524,Old
Hyundai Santro Xing XG AT,2006,160000,90000,Petrol,Individual,Automatic,Second Owner,75–100k,19,1.7777777777777777,Old
Skoda Yeti Ambition 4X2,2012,650000,85000,Diesel,Individual,Manual,Second Owner,75–100k,13,7.647058823529412,Old
Hyundai Verna 1.6 SX,2012,409999,120000,Diesel,Individual,Manual,Third Owner,100–150k,13,3.4166583333333334,Old
Ford Ecosport 1.5 DV5 MT Titanium,2013,425000,72000,Diesel,Individual,Manual,First Owner,50–75k,12,5.902777777777778,Old
Maruti Wagon R LXI CNG,2013,250000,71000,CNG,Individual,Manual,Second Owner,50–75k,12,3.5211267605633805,Old
Maruti Swift Dzire VXi,2009,200000,110000,Petrol,Individual,Manual,Fourth & Above Owner,100–150k,16,1.8181818181818181,Old
Maruti Wagon R LXI CNG,2013,250000,71000,CNG,Individual,Manual,Second Owner,50–75k,12,3.5211267605633805,Old
Volkswagen Polo Diesel Trendline 1.2L,2010,130000,144000,Diesel,Individual,Manual,Fourth & Above Owner,100–150k,15,0.9027777777777778,Old
Maruti Eeco 5 Seater AC BSIV,2017,260000,30000,Petrol,Dealer,Manual,First Owner,25–50k,8,8.666666666666666,New
Hyundai Verna SX,2007,155000,65000,Petrol,Dealer,Manual,First Owner,50–75k,18,2.3846153846153846,Old
Honda Jazz 1.5 VX i DTEC,2015,450000,38000,Diesel,Individual,Manual,First Owner,25–50k,10,11.842105263157896,Old
Maruti SX4 Celebration Petrol,2012,220000,90000,Petrol,Individual,Manual,Second Owner,75–100k,13,2.4444444444444446,Old
Hyundai i20 Active S Diesel,2018,650000,37000,Diesel,Dealer,Manual,First Owner,25–50k,7,17.56756756756757,New
Maruti Alto 800 LXI,2018,285000,30000,Petrol,Dealer,Manual,First Owner,25–50k,7,9.5,New
Honda Amaze V CVT Petrol BSIV,2018,725000,26000,Petrol,Dealer,Automatic,First Owner,25–50k,7,27.884615384615383,New
Maruti Ciaz ZXi,2016,625000,30000,Petrol,Dealer,Manual,First Owner,25–50k,9,20.833333333333332,New
Hyundai i20 Active SX Petrol,2016,550000,23000,Petrol,Dealer,Manual,First Owner,0–25k,9,23.91304347826087,New
Hyundai i10 Magna,2012,240000,40000,Petrol,Dealer,Manual,First Owner,25–50k,13,6.0,Old
Nissan Terrano XL 85 PS,2014,600000,27000,Diesel,Dealer,Manual,First Owner,25–50k,11,22.22222222222222,Old
Tata New Safari DICOR 2.2 EX 4x2,2012,350000,65000,Diesel,Dealer,Manual,First Owner,50–75k,13,5.384615384615385,Old
Hyundai EON Magna Plus,2015,245000,32000,Petrol,Dealer,Manual,First Owner,25–50k,10,7.65625,Old
Mahindra Bolero B6,2016,600000,56000,Diesel,Dealer,Manual,First Owner,50–75k,9,10.714285714285714,New
BMW X1 sDrive 20d xLine,2017,2400000,30000,Diesel,Individual,Automatic,First Owner,25–50k,8,80.0,New
Mahindra Scorpio SLE BS IV,2014,620000,80000,Diesel,Dealer,Manual,First Owner,75–100k,11,7.75,Old
Maruti Swift Dzire 1.2 Vxi BSIV,2014,395000,52000,Petrol,Dealer,Manual,Second Owner,50–75k,11,7.596153846153846,Old
Maruti Ertiga ZXI,2014,635000,13250,Petrol,Dealer,Manual,First Owner,0–25k,11,47.924528301886795,Old
Maruti Alto LX,2011,180000,36000,Petrol,Dealer,Manual,First Owner,25–50k,14,5.0,Old
Maruti Swift ZDI Plus,2015,484999,73000,Diesel,Dealer,Manual,Second Owner,50–75k,10,6.643821917808219,Old
Maruti Alto LX,2004,110000,60000,Petrol,Individual,Manual,First Owner,50–75k,21,1.8333333333333333,Old
Maruti Wagon R VXI BSIII,2006,150000,60000,Petrol,Individual,Manual,Second Owner,50–75k,19,2.5,Old
Chevrolet Tavera Neo 2 LT L 9 Str,2012,400000,110000,Diesel,Individual,Manual,First Owner,100–150k,13,3.6363636363636362,Old
Tata Indica Vista Aura Plus 1.3 Quadrajet,2012,200000,70000,Diesel,Individual,Manual,Second Owner,50–75k,13,2.857142857142857,Old
Renault Duster 85PS Diesel RxL Plus,2013,302000,60000,Diesel,Individual,Manual,Second Owner,50–75k,12,5.033333333333333,Old
Maruti Swift Dzire Vdi BSIV,2011,215000,90000,Diesel,Individual,Manual,Fourth & Above Owner,75–100k,14,2.388888888888889,Old
Maruti Wagon R VXI BSIII,2004,155000,80000,Petrol,Individual,Manual,Second Owner,75–100k,21,1.9375,Old
Toyota Innova 2.5 G (Diesel) 8 Seater,2014,1000000,101000,Diesel,Individual,Manual,Second Owner,100–150k,11,9.900990099009901,Old
Mahindra Bolero Power Plus SLX,2018,550000,44000,Diesel,Individual,Manual,First Owner,25–50k,7,12.5,New
Maruti Swift 1.3 VXi,2006,200000,45000,Petrol,Individual,Manual,First Owner,25–50k,19,4.444444444444445,Old
Mahindra Scorpio S2 7 Seater,2017,750000,120000,Diesel,Individual,Manual,First Owner,100–150k,8,6.25,New
Maruti Zen LXI,2005,90000,90000,Petrol,Individual,Manual,Second Owner,75–100k,20,1.0,Old
Maruti Wagon R LXI Minor,2007,80000,120000,Petrol,Individual,Manual,Second Owner,100–150k,18,0.6666666666666666,Old
Hyundai EON D Lite Plus,2013,229999,13500,Petrol,Individual,Manual,First Owner,0–25k,12,17.036962962962964,Old
Renault KWID 1.0 RXT Optional,2017,350000,10000,Petrol,Individual,Manual,First Owner,0–25k,8,35.0,New
Hyundai Grand i10 Magna,2015,325000,25000,Petrol,Individual,Manual,Third Owner,0–25k,10,13.0,Old
Tata Tigor 1.2 Revotron XT,2018,450000,8500,Petrol,Individual,Manual,First Owner,0–25k,7,52.94117647058823,New
Maruti SX4 Celebration Diesel,2012,250000,120000,Diesel,Individual,Manual,First Owner,100–150k,13,2.0833333333333335,Old
Volkswagen Polo Diesel Comfortline 1.2L,2012,225000,120000,Diesel,Individual,Manual,First Owner,100–150k,13,1.875,Old
Maruti Alto LXi,2009,150000,90246,Petrol,Individual,Manual,Third Owner,75–100k,16,1.6621235290206768,Old
Maruti Alto LX BSIII,2008,110000,90000,Petrol,Individual,Manual,Second Owner,75–100k,17,1.2222222222222223,Old
Maruti Alto LXi BSIII,2010,150000,40000,Petrol,Individual,Manual,Second Owner,25–50k,15,3.75,Old
Maruti Gypsy King Hard Top,2000,165000,60000,Petrol,Individual,Manual,Fourth & Above Owner,50–75k,25,2.75,Old
Renault Duster 85PS Diesel RxL,2017,610000,32000,Diesel,Individual,Manual,Second Owner,25–50k,8,19.0625,New
Tata Manza Club Class Quadrajet90 VX,2013,170000,60400,Diesel,Individual,Manual,First Owner,50–75k,12,2.814569536423841,Old
Hyundai Verna CRDi,2008,150000,70950,Diesel,Individual,Manual,Second Owner,50–75k,17,2.1141649048625792,Old
Hyundai i20 Asta 1.4 CRDi,2013,300000,90000,Diesel,Individual,Manual,First Owner,75–100k,12,3.3333333333333335,Old
Hyundai Xcent 1.1 CRDi Base,2015,375000,72000,Diesel,Individual,Manual,First Owner,50–75k,10,5.208333333333333,Old
Maruti Swift VDI,2013,390000,90000,Diesel,Individual,Manual,First Owner,75–100k,12,4.333333333333333,Old
Hyundai i20 Active 1.2 S,2017,600000,10000,Petrol,Individual,Manual,First Owner,0–25k,8,60.0,New
Maruti Alto 800 LXI,2014,204999,25000,Petrol,Individual,Manual,Second Owner,0–25k,11,8.19996,Old
Hyundai Verna CRDi,2009,270000,80000,Diesel,Individual,Manual,Second Owner,75–100k,16,3.375,Old
Hyundai Grand i10 Sportz,2017,375000,10000,Petrol,Individual,Manual,First Owner,0–25k,8,37.5,New
Maruti Baleno Zeta,2020,700000,1100,Petrol,Individual,Manual,First Owner,0–25k,5,636.3636363636364,New
Maruti Swift VXI Deca,2017,455000,40000,Petrol,Individual,Manual,First Owner,25–50k,8,11.375,New
Hyundai i10 Sportz 1.1L,2017,375000,10000,Petrol,Individual,Manual,First Owner,0–25k,8,37.5,New
Hyundai Grand i10 Asta,2014,341000,31491,Petrol,Individual,Manual,First Owner,25–50k,11,10.82849067987679,Old
Maruti Swift Dzire VDI,2014,200000,107143,Diesel,Individual,Manual,Second Owner,100–150k,11,1.8666641777810964,Old
Maruti Ignis 1.2 AMT Delta BSIV,2017,450000,15000,Petrol,Individual,Automatic,First Owner,0–25k,8,30.0,New
Hyundai Santro Xing GL Plus,2012,170000,50000,Petrol,Individual,Manual,Second Owner,25–50k,13,3.4,Old
Toyota Innova Crysta 2.4 VX MT 8S BSIV,2017,1900000,100000,Diesel,Individual,Manual,First Owner,75–100k,8,19.0,New
Mahindra Bolero Power Plus LX,2016,500000,60000,Diesel,Individual,Manual,First Owner,50–75k,9,8.333333333333334,New
Maruti Vitara Brezza ZDi Plus,2016,819999,85000,Diesel,Individual,Manual,First Owner,75–100k,9,9.64704705882353,New
Maruti Swift 1.2 DLX,2014,351000,40000,Petrol,Individual,Manual,Second Owner,25–50k,11,8.775,Old
Hyundai i10 Magna 1.2 iTech SE,2011,195000,80000,Petrol,Individual,Manual,Second Owner,75–100k,14,2.4375,Old
Maruti Swift Dzire VDi,2008,250000,82000,Diesel,Individual,Manual,Second Owner,75–100k,17,3.048780487804878,Old
Maruti Zen Estilo 1.1 VXI BSIII,2008,120000,70000,Petrol,Individual,Manual,Second Owner,50–75k,17,1.7142857142857142,Old
Maruti A-Star Vxi,2009,180000,70000,Petrol,Individual,Manual,Third Owner,50–75k,16,2.5714285714285716,Old
Mahindra KUV 100 mFALCON D75 K6,2016,430000,20000,Diesel,Individual,Manual,First Owner,0–25k,9,21.5,New
Tata Nano Cx BSIV,2012,75000,35000,Petrol,Individual,Manual,Second Owner,25–50k,13,2.142857142857143,Old
Mahindra Xylo D4,2017,750000,80000,Diesel,Individual,Manual,First Owner,75–100k,8,9.375,New
Tata Nano Lx,2011,60000,40000,Petrol,Individual,Manual,First Owner,25–50k,14,1.5,Old
Toyota Innova 2.5 VX (Diesel) 8 Seater,2015,1500000,46412,Diesel,Individual,Manual,First Owner,25–50k,10,32.319227785917434,Old
Mahindra Bolero SLX 2WD BSIII,2011,390000,150000,Diesel,Individual,Manual,Fourth & Above Owner,100–150k,14,2.6,Old
Mahindra TUV 300 T4,2016,630000,50000,Diesel,Individual,Manual,First Owner,25–50k,9,12.6,New
Tata Safari Storme VX Varicor 400,2018,1085000,15000,Diesel,Individual,Manual,First Owner,0–25k,7,72.33333333333333,New
Hyundai i10 Magna 1.2 iTech SE,2012,190000,60000,Petrol,Individual,Manual,Second Owner,50–75k,13,3.1666666666666665,Old
Maruti Baleno Delta Automatic,2018,550000,25000,Petrol,Individual,Automatic,First Owner,0–25k,7,22.0,New
Maruti Alto 800 LXI,2012,200000,90000,Petrol,Individual,Manual,Third Owner,75–100k,13,2.2222222222222223,Old
Chevrolet Spark 1.0 LT,2011,165000,60000,Petrol,Individual,Manual,First Owner,50–75k,14,2.75,Old
Ford Figo Diesel Celebration Edition,2013,260000,65000,Diesel,Individual,Manual,First Owner,50–75k,12,4.0,Old
Maruti Alto LX,2011,151000,40000,Petrol,Individual,Manual,First Owner,25–50k,14,3.775,Old
Maruti Vitara Brezza VDi,2018,780000,50000,Diesel,Individual,Manual,First Owner,25–50k,7,15.6,New
Tata Indica Vista Quadrajet LX,2012,175000,80000,Diesel,Individual,Manual,Third Owner,75–100k,13,2.1875,Old
Tata Indica Vista TDI LS,2010,170000,107500,Diesel,Dealer,Manual,First Owner,100–150k,15,1.5813953488372092,Old
Tata Indica Vista TDI LS,2013,210000,135000,Diesel,Dealer,Manual,Second Owner,100–150k,12,1.5555555555555556,Old
Maruti Alto LXi,2007,90000,43826,Petrol,Dealer,Manual,Second Owner,25–50k,18,2.053575503125998,Old
Hyundai i20 Active S Petrol,2016,535000,55838,Petrol,Dealer,Manual,First Owner,50–75k,9,9.581288728106308,New
Maruti Swift VDI BSIV,2007,195000,112880,Diesel,Dealer,Manual,First Owner,100–150k,18,1.7274982282069453,Old
Tata Indica Vista Terra Quadrajet 1.3L,2011,140000,90000,Diesel,Individual,Manual,Third Owner,75–100k,14,1.5555555555555556,Old
Nissan Sunny XL,2012,350000,40000,Petrol,Individual,Manual,First Owner,25–50k,13,8.75,Old
Hyundai Verna 1.6 SX VTVT (O),2013,425000,66000,Petrol,Individual,Manual,First Owner,50–75k,12,6.4393939393939394,Old
Renault KWID 1.0 RXT Optional,2017,300000,30300,Petrol,Individual,Manual,First Owner,25–50k,8,9.900990099009901,New
Volkswagen Vento Diesel Style Limited Edition,2013,340000,85000,Diesel,Individual,Manual,Second Owner,75–100k,12,4.0,Old
Maruti Swift Dzire VXi,2009,250000,80659,Petrol,Dealer,Manual,First Owner,75–100k,16,3.0994681312686745,Old
Chevrolet Aveo 1.4 LS,2008,170000,81324,Petrol,Dealer,Manual,First Owner,75–100k,17,2.0904038168314396,Old
Honda Amaze S i-Dtech,2013,315000,127884,Diesel,Dealer,Manual,First Owner,100–150k,12,2.463169747583748,Old
Chevrolet Beat PS,2015,200000,50000,Petrol,Individual,Manual,First Owner,25–50k,10,4.0,Old
Chevrolet Beat PS,2016,300000,25000,Petrol,Individual,Manual,First Owner,0–25k,9,12.0,New
Honda Amaze S i-Dtech,2015,300000,66755,Diesel,Dealer,Manual,First Owner,50–75k,10,4.494045389858438,Old
Honda City E,2013,380000,123084,Petrol,Dealer,Manual,First Owner,100–150k,12,3.08732247895746,Old
Maruti Swift VXI BSIII,2009,250000,806599,Petrol,Dealer,Manual,First Owner,,16,0.3099433547524854,Old
Honda Amaze S i-Dtech,2013,310000,95851,Diesel,Dealer,Manual,First Owner,75–100k,12,3.234186393464857,Old
Maruti Wagon R VXI Minor ABS,2010,260000,50000,Petrol,Individual,Manual,First Owner,25–50k,15,5.2,Old
Maruti Omni BSIII 8-STR W/ IMMOBILISER,2008,150000,50000,Petrol,Individual,Manual,Second Owner,25–50k,17,3.0,Old
Maruti Esteem Vxi - BSIII,2006,85000,60000,Petrol,Individual,Manual,Second Owner,50–75k,19,1.4166666666666667,Old
Maruti Alto 800 LXI,2015,280000,15000,Petrol,Individual,Manual,Second Owner,0–25k,10,18.666666666666668,Old
Mahindra Xylo H4 ABS,2016,850000,40000,Diesel,Individual,Manual,First Owner,25–50k,9,21.25,New
Datsun GO Plus T Option BSIV,2017,375000,20000,Petrol,Individual,Manual,Second Owner,0–25k,8,18.75,New
Hyundai Elantra CRDi (Leather Option),2006,125000,120000,Diesel,Individual,Manual,Third Owner,100–150k,19,1.0416666666666667,Old
Chevrolet Beat Diesel LT,2012,250000,110000,Diesel,Individual,Manual,First Owner,100–150k,13,2.272727272727273,Old
Toyota Corolla Altis D-4D J,2014,715000,234000,Diesel,Individual,Manual,First Owner,200k+,11,3.0555555555555554,Old
Hyundai i20 1.4 CRDi Era,2011,220000,70000,Diesel,Individual,Manual,First Owner,50–75k,14,3.142857142857143,Old
Tata Indica Vista Aqua 1.3 Quadrajet,2010,110000,110000,Diesel,Individual,Manual,Second Owner,100–150k,15,1.0,Old
Hyundai Verna XXi (Petrol),2007,150000,84000,Petrol,Individual,Manual,Second Owner,75–100k,18,1.7857142857142858,Old
Nissan Sunny Diesel XV,2012,300000,170000,Diesel,Individual,Manual,First Owner,150–200k,13,1.7647058823529411,Old
Datsun RediGO T Option,2017,220000,40000,Petrol,Individual,Manual,First Owner,25–50k,8,5.5,New
Maruti Wagon R LX,2006,75000,96000,Petrol,Individual,Manual,Second Owner,75–100k,19,0.78125,Old
Tata Indigo LS,2009,100000,20000,Diesel,Individual,Manual,First Owner,0–25k,16,5.0,Old
Ford Figo Aspire 1.2 Ti-VCT Trend,2016,380000,15000,Petrol,Individual,Manual,First Owner,0–25k,9,25.333333333333332,New
Hyundai Santro Xing XK (Non-AC),2007,100000,50000,Petrol,Individual,Manual,First Owner,25–50k,18,2.0,Old
Volkswagen Passat 1.8 TSI MT,2010,480000,80000,Petrol,Individual,Manual,Second Owner,75–100k,15,6.0,Old
Toyota Etios GD,2012,300000,124000,Diesel,Individual,Manual,First Owner,100–150k,13,2.4193548387096775,Old
Chevrolet Beat Diesel LS,2013,190000,70000,Diesel,Individual,Manual,First Owner,50–75k,12,2.7142857142857144,Old
Ford Figo Diesel LXI,2012,190000,130000,Diesel,Individual,Manual,Second Owner,100–150k,13,1.4615384615384615,Old
Ford EcoSport 1.5 Ti VCT MT Trend BSIV,2017,650000,19014,Petrol,Dealer,Manual,First Owner,0–25k,8,34.18533712001683,New
Toyota Corolla Executive (HE),2009,300000,23262,Petrol,Dealer,Manual,First Owner,0–25k,16,12.896569512509672,Old
Ford Freestyle Titanium Diesel BSIV,2016,700000,29600,Diesel,Dealer,Manual,First Owner,25–50k,9,23.64864864864865,New
Hyundai i10 Sportz 1.1L,2015,310000,35925,Petrol,Dealer,Manual,First Owner,25–50k,10,8.629088378566458,Old
Maruti Ignis 1.2 Zeta BSIV,2018,500000,12000,Petrol,Individual,Manual,First Owner,0–25k,7,41.666666666666664,New
Toyota Etios V,2013,415000,40771,Petrol,Dealer,Manual,First Owner,25–50k,12,10.178803561354885,Old
Maruti Celerio VXI AT,2015,395000,30500,Petrol,Dealer,Automatic,Second Owner,25–50k,10,12.950819672131148,Old
Toyota Etios Liva 1.2 G,2014,430000,42000,Petrol,Dealer,Manual,Second Owner,25–50k,11,10.238095238095237,Old
Toyota Corolla H6,2007,215000,55800,Petrol,Dealer,Manual,Second Owner,50–75k,18,3.8530465949820787,Old
Renault Duster RXL AWD,2014,550000,66569,Diesel,Dealer,Manual,First Owner,50–75k,11,8.26210398233412,Old
Volkswagen Polo 1.5 TDI Trendline,2014,415000,81358,Diesel,Dealer,Manual,First Owner,75–100k,11,5.100912018486197,Old
Volkswagen Polo 1.5 TDI Comfortline,2015,450000,82695,Diesel,Dealer,Manual,First Owner,75–100k,10,5.441683294032288,Old
Ford Figo Diesel EXI,2014,285000,68293,Diesel,Dealer,Manual,Second Owner,50–75k,11,4.1731949101664885,Old
Honda Jazz VX CVT,2016,580000,32000,Petrol,Dealer,Automatic,First Owner,25–50k,9,18.125,New
Maruti Swift Dzire Tour LDI,2014,300000,190621,Diesel,Dealer,Manual,First Owner,150–200k,11,1.5738035158770545,Old
Hyundai Verna CRDi 1.6 SX Option,2018,1200000,60000,Diesel,Individual,Manual,First Owner,50–75k,7,20.0,New
Maruti 800 Std MPFi,2006,78000,64700,Petrol,Individual,Manual,First Owner,50–75k,19,1.205564142194745,Old
Maruti 800 AC,2002,65000,100000,Petrol,Individual,Manual,Second Owner,75–100k,23,0.65,Old
Tata Zest Quadrajet 1.3 75PS XE,2016,400000,88470,Diesel,Individual,Manual,First Owner,75–100k,9,4.521306657624053,New
Hyundai Verna 1.6 CRDI SX Option,2016,850000,75000,Diesel,Individual,Manual,First Owner,50–75k,9,11.333333333333334,New
Volkswagen Vento Diesel Highline,2013,450000,120000,Diesel,Individual,Manual,Second Owner,100–150k,12,3.75,Old
Mercedes-Benz E-Class E250 CDI Blue Efficiency,2012,2500000,35000,Diesel,Individual,Automatic,First Owner,25–50k,13,71.42857142857143,Old
Toyota Etios 1.4 VXD,2017,780000,70000,Diesel,Individual,Manual,First Owner,50–75k,8,11.142857142857142,New
Toyota Fortuner 2.8 2WD AT BSIV,2017,3200000,57000,Diesel,Individual,Automatic,First Owner,50–75k,8,56.14035087719298,New
Maruti Alto 800 VXI,2020,350000,1000,Petrol,Individual,Manual,First Owner,0–25k,5,350.0,New
Mahindra Quanto C6,2013,285000,120000,Diesel,Individual,Manual,Second Owner,100–150k,12,2.375,Old
Volkswagen Vento 1.5 TDI Highline,2015,525000,98000,Diesel,Dealer,Manual,First Owner,75–100k,10,5.357142857142857,Old
Maruti Ciaz ZDi,2014,550000,90000,Diesel,Dealer,Manual,Second Owner,75–100k,11,6.111111111111111,Old
Volkswagen Ameo 1.5 TDI Comfortline,2018,580000,70000,Diesel,Individual,Manual,First Owner,50–75k,7,8.285714285714286,New
Tata Nano CX SE,2013,75000,25000,Petrol,Individual,Manual,Third Owner,0–25k,12,3.0,Old
Tata Manza Aura Quadrajet,2009,185000,60000,Diesel,Individual,Manual,Third Owner,50–75k,16,3.0833333333333335,Old
Maruti Omni E 8 Str STD,2007,110000,90000,Petrol,Individual,Manual,Fourth & Above Owner,75–100k,18,1.2222222222222223,Old
Honda City 1.5 EXI,2004,180000,200000,Petrol,Individual,Manual,Second Owner,150–200k,21,0.9,Old
Volkswagen Polo Diesel Comfortline 1.2L,2010,350000,110000,Diesel,Individual,Manual,Second Owner,100–150k,15,3.1818181818181817,Old
Chevrolet Optra 1.6 LS,2005,60000,126000,Petrol,Individual,Manual,Second Owner,100–150k,20,0.47619047619047616,Old
Mahindra TUV 300 T10,2018,695000,70000,Diesel,Individual,Manual,First Owner,50–75k,7,9.928571428571429,New
Mahindra Alturas G4 4X2 AT BSIV,2019,2700000,5000,Diesel,Individual,Automatic,First Owner,0–25k,6,540.0,New
Maruti Zen Estilo LX BSIII,2007,135000,74183,Petrol,Individual,Manual,Second Owner,50–75k,18,1.8198239488831673,Old
Mahindra Bolero Power Plus Plus AC BSIV PS,2015,640000,70000,Diesel,Individual,Manual,Second Owner,50–75k,10,9.142857142857142,Old
Maruti Alto 800 VXI,2014,160000,90000,Petrol,Individual,Manual,First Owner,75–100k,11,1.7777777777777777,Old
Tata Indica LXI,2004,80000,46000,Petrol,Individual,Manual,Second Owner,25–50k,21,1.7391304347826086,Old
Maruti Swift Dzire VDI,2013,340000,110000,Diesel,Individual,Manual,Second Owner,100–150k,12,3.090909090909091,Old
Maruti Ritz VDi,2012,110000,80000,Diesel,Individual,Manual,Second Owner,75–100k,13,1.375,Old
Tata Sumo Gold EX,2013,250000,90000,Diesel,Individual,Manual,Second Owner,75–100k,12,2.7777777777777777,Old
Toyota Innova Crysta 2.4 VX MT BSIV,2017,1300000,70000,Diesel,Individual,Manual,First Owner,50–75k,8,18.571428571428573,New
Mahindra Quanto C6,2014,250000,1,Diesel,Individual,Manual,Second Owner,0–25k,11,250000.0,Old
Toyota Innova 2.5 G (Diesel) 8 Seater BS IV,2009,450000,192000,Diesel,Individual,Manual,First Owner,150–200k,16,2.34375,Old
Maruti Wagon R LX Minor,2013,240000,70000,Petrol,Individual,Manual,Fourth & Above Owner,50–75k,12,3.4285714285714284,Old
Mahindra Bolero DI DX 7 Seater,2007,225000,120000,Diesel,Individual,Manual,Second Owner,100–150k,18,1.875,Old
Maruti Wagon R VXI Optional,2015,275000,60000,Petrol,Individual,Manual,Second Owner,50–75k,10,4.583333333333333,Old
Tata Sumo Victa CX 7/9 Str BSII,2012,320000,120000,Diesel,Individual,Manual,Second Owner,100–150k,13,2.6666666666666665,Old
Maruti Alto LX BSIII,2008,75000,120000,Petrol,Individual,Manual,First Owner,100–150k,17,0.625,Old
Tata Indica GLS BS IV,2007,85000,50000,Petrol,Individual,Manual,Second Owner,25–50k,18,1.7,Old
Tata Indica Vista Aqua TDI BSIII,2009,90000,120000,Diesel,Individual,Manual,First Owner,100–150k,16,0.75,Old
Maruti Wagon R LXI Minor,2007,85000,80000,Petrol,Individual,Manual,Second Owner,75–100k,18,1.0625,Old
Mahindra Scorpio M2DI,2008,350000,80000,Diesel,Individual,Manual,Second Owner,75–100k,17,4.375,Old
Skoda Superb Elegance 2.0 TDI CR AT,2009,355000,100000,Diesel,Individual,Automatic,Second Owner,75–100k,16,3.55,Old
Maruti Swift VXI,2020,619000,1500,Petrol,Individual,Manual,First Owner,0–25k,5,412.6666666666667,New
Jeep Compass 2.0 Longitude Option BSIV,2018,1700000,50000,Diesel,Individual,Manual,First Owner,25–50k,7,34.0,New
Tata Indica DL,2006,55000,100000,Diesel,Individual,Manual,Second Owner,75–100k,19,0.55,Old
Ford Fiesta 1.6 ZXi Leather,2006,95000,83411,Petrol,Individual,Manual,First Owner,75–100k,19,1.1389385093093236,Old
Volkswagen Vento Diesel Highline,2011,300000,120000,Diesel,Individual,Manual,Second Owner,100–150k,14,2.5,Old
Ford Fiesta 1.6 ZXi Leather,2006,81000,83411,Petrol,Individual,Manual,First Owner,75–100k,19,0.9710949395163707,Old
Skoda Superb Elegance 2.0 TDI CR AT,2015,1000000,80000,Diesel,Individual,Automatic,Second Owner,75–100k,10,12.5,Old
Maruti Ertiga VDI,2019,925000,50000,Diesel,Individual,Manual,First Owner,25–50k,6,18.5,New
Mahindra Bolero Power Plus Plus AC BSIV PS,2015,450000,40000,Diesel,Individual,Manual,First Owner,25–50k,10,11.25,Old
Mahindra Scorpio EX,2014,600000,13270,Diesel,Individual,Manual,First Owner,0–25k,11,45.214770158251696,Old
Hyundai Santro Xing XL AT eRLX Euro III,2006,85000,100000,Petrol,Individual,Automatic,Third Owner,75–100k,19,0.85,Old
Mahindra Thar DI 4X4 PS,2016,700000,50000,Diesel,Individual,Manual,First Owner,25–50k,9,14.0,New
Hyundai Grand i10 1.2 Kappa Magna BSIV,2017,486000,26500,Petrol,Individual,Manual,First Owner,25–50k,8,18.339622641509433,New
Maruti Swift VDI,2013,400000,90000,Diesel,Individual,Manual,First Owner,75–100k,12,4.444444444444445,Old
Ford Fiesta 1.4 Duratec ZXI,2008,120000,100000,Petrol,Individual,Manual,Third Owner,75–100k,17,1.2,Old
Maruti Alto 800 LXI,2018,275000,35000,Petrol,Individual,Manual,First Owner,25–50k,7,7.857142857142857,New
Hyundai i20 Asta Option 1.4 CRDi,2016,580000,57000,Diesel,Individual,Manual,First Owner,50–75k,9,10.175438596491228,New
Maruti Swift Dzire LXI,2015,375000,70000,Petrol,Individual,Manual,First Owner,50–75k,10,5.357142857142857,Old
Maruti Wagon R VXI BS IV with ABS,2015,229999,100000,Petrol,Individual,Manual,Third Owner,75–100k,10,2.29999,Old
Maruti Alto LX,2010,110000,88000,Petrol,Individual,Manual,Second Owner,75–100k,15,1.25,Old
Maruti Swift Dzire VDI,2017,600000,60000,Diesel,Individual,Manual,First Owner,50–75k,8,10.0,New
Maruti A-Star Vxi,2009,120000,76000,Petrol,Individual,Manual,Second Owner,75–100k,16,1.5789473684210527,Old
Ford Figo Diesel Titanium,2010,200000,100000,Diesel,Individual,Manual,Second Owner,75–100k,15,2.0,Old
Hyundai Verna 1.6 SX CRDi (O),2012,450000,110000,Diesel,Individual,Manual,Second Owner,100–150k,13,4.090909090909091,Old
Hyundai Verna 1.6 SX CRDi (O),2012,550000,80000,Diesel,Individual,Manual,Second Owner,75–100k,13,6.875,Old
Maruti Alto LX,2012,220000,80000,Petrol,Individual,Manual,Second Owner,75–100k,13,2.75,Old
Maruti 800 EX,2001,40000,30000,Petrol,Individual,Manual,First Owner,25–50k,24,1.3333333333333333,Old
Renault KWID Climber 1.0 AMT,2017,300000,20000,Petrol,Individual,Automatic,First Owner,0–25k,8,15.0,New
Mahindra Bolero Power Plus SLE,2018,630000,40000,Diesel,Individual,Manual,First Owner,25–50k,7,15.75,New
Maruti Swift Dzire VDI,2017,610000,40000,Diesel,Individual,Manual,Second Owner,25–50k,8,15.25,New
Hyundai Xcent 1.2 VTVT S,2019,660000,7000,Petrol,Individual,Manual,Second Owner,0–25k,6,94.28571428571429,New
Maruti Wagon R LXI LPG BSIV,2012,220000,80000,LPG,Individual,Manual,Second Owner,75–100k,13,2.75,Old
Nissan Micra Diesel XV Premium,2011,138000,90000,Diesel,Individual,Manual,Second Owner,75–100k,14,1.5333333333333334,Old
Nissan Micra Diesel XV Premium,2013,210000,13770,Diesel,Individual,Manual,First Owner,0–25k,12,15.250544662309368,Old
Maruti Zen LXi - BS III,2005,125000,34000,Petrol,Dealer,Manual,First Owner,25–50k,20,3.676470588235294,Old
Maruti Alto LXi BSIII,2008,125000,102000,Petrol,Dealer,Manual,First Owner,100–150k,17,1.2254901960784315,Old
Honda City i DTEC SV,2014,725000,110000,Diesel,Individual,Manual,First Owner,100–150k,11,6.590909090909091,Old
Maruti Alto K10 2010-2014 VXI,2011,170000,90000,Petrol,Individual,Manual,Second Owner,75–100k,14,1.8888888888888888,Old
Toyota Innova 2.5 VX (Diesel) 7 Seater,2015,1200000,70000,Diesel,Individual,Manual,Third Owner,50–75k,10,17.142857142857142,Old
Maruti Wagon R VXI BSIII,2003,70000,90000,Petrol,Individual,Manual,Second Owner,75–100k,22,0.7777777777777778,Old
Maruti Alto LXi,2007,100000,70000,Petrol,Individual,Manual,Second Owner,50–75k,18,1.4285714285714286,Old
Honda Civic 1.8 (E) MT,2006,300000,80000,Petrol,Individual,Manual,Second Owner,75–100k,19,3.75,Old
Maruti Swift VDI,2013,450000,100000,Diesel,Individual,Manual,Second Owner,75–100k,12,4.5,Old
Maruti Swift Dzire VDI,2015,530000,100000,Diesel,Individual,Manual,First Owner,75–100k,10,5.3,Old
Maruti Zen Estilo 1.1 LXI BSIII,2007,100000,143000,Petrol,Individual,Manual,Third Owner,100–150k,18,0.6993006993006993,Old
Honda City 1.5 V MT,2010,350000,115000,Petrol,Individual,Manual,Second Owner,100–150k,15,3.0434782608695654,Old
Tata Manza ELAN Quadrajet BS IV,2011,165000,100000,Diesel,Individual,Manual,Second Owner,75–100k,14,1.65,Old
Maruti Swift Dzire ZDI,2019,475000,120000,Diesel,Individual,Manual,Second Owner,100–150k,6,3.9583333333333335,New
Mahindra Xylo E4 ABS BS IV,2013,350000,42000,Diesel,Individual,Manual,First Owner,25–50k,12,8.333333333333334,Old
Renault KWID RXL,2016,229999,38000,Petrol,Individual,Manual,First Owner,25–50k,9,6.052605263157894,New
Honda WR-V i-DTEC VX,2018,800000,35000,Diesel,Individual,Manual,First Owner,25–50k,7,22.857142857142858,New
Maruti Swift Dzire ZDI,2014,475000,120000,Diesel,Individual,Manual,Second Owner,100–150k,11,3.9583333333333335,Old
Nissan Terrano XL 110 PS,2014,425000,136906,Diesel,Individual,Manual,First Owner,100–150k,11,3.104319752238762,Old
Maruti Ciaz VDi Plus,2015,660000,97000,Diesel,Individual,Manual,Second Owner,75–100k,10,6.804123711340206,Old
Honda Amaze S CVT Petrol,2019,610000,10000,Petrol,Individual,Automatic,First Owner,0–25k,6,61.0,New
Honda Brio S MT,2013,240000,50000,Petrol,Individual,Manual,Third Owner,25–50k,12,4.8,Old
Maruti Esteem Lxi,2005,70000,60000,Petrol,Individual,Manual,Second Owner,50–75k,20,1.1666666666666667,Old
Toyota Corolla Altis Diesel D4DGL,2011,550000,120000,Diesel,Individual,Manual,First Owner,100–150k,14,4.583333333333333,Old
Tata Indica Vista Aura 1.2 Safire,2010,100000,120000,Petrol,Individual,Manual,Second Owner,100–150k,15,0.8333333333333334,Old
Mahindra Bolero SLE,2010,350000,90000,Diesel,Individual,Manual,Second Owner,75–100k,15,3.888888888888889,Old
Hyundai EON Era Plus,2013,200000,120000,Petrol,Individual,Manual,First Owner,100–150k,12,1.6666666666666667,Old
Hyundai Elite i20 Asta Option CVT BSIV,2019,720000,3000,Petrol,Individual,Automatic,First Owner,0–25k,6,240.0,New
Maruti Ritz VDi,2014,350000,133000,Diesel,Individual,Manual,First Owner,100–150k,11,2.6315789473684212,Old
Maruti Wagon R VXI BS IV,2016,400000,25000,Petrol,Individual,Manual,First Owner,0–25k,9,16.0,New
Hyundai i20 Active 1.2 S,2017,570000,35000,Petrol,Individual,Manual,First Owner,25–50k,8,16.285714285714285,New
Maruti Omni MPI STD BSIV,2015,130000,70000,Petrol,Individual,Manual,First Owner,50–75k,10,1.8571428571428572,Old
Maruti Alto 800 LXI,2016,210000,52000,Petrol,Individual,Manual,First Owner,50–75k,9,4.038461538461538,New
Hyundai Creta 1.4 E Plus,2018,800000,52000,Diesel,Individual,Manual,First Owner,50–75k,7,15.384615384615385,New
Honda Jazz 1.5 E i DTEC,2017,700000,39000,Diesel,Individual,Manual,First Owner,25–50k,8,17.94871794871795,New
Tata Indica Vista Quadrajet VX,2011,200000,28689,Diesel,Individual,Manual,First Owner,25–50k,14,6.971313046812367,Old
Tata Aria Pure LX 4x2,2014,495000,90000,Diesel,Individual,Manual,Second Owner,75–100k,11,5.5,Old
Ford Fiesta Classic 1.4 Duratorq CLXI,2014,325000,80322,Diesel,Dealer,Manual,First Owner,75–100k,11,4.0462139886955,Old
Ford Freestyle Trend Petrol BSIV,2019,650000,8000,Petrol,Individual,Manual,First Owner,0–25k,6,81.25,New
Mahindra Jeep MM 775 XDB,2000,155000,50000,Diesel,Individual,Manual,Second Owner,25–50k,25,3.1,Old
Maruti 800 AC BSIII,2007,75000,90000,Petrol,Individual,Manual,Second Owner,75–100k,18,0.8333333333333334,Old
Hyundai Grand i10 1.2 CRDi Magna,2015,350000,61658,Diesel,Dealer,Manual,First Owner,50–75k,10,5.676473450322748,Old
Maruti Zen Estilo LX BSIV,2010,90000,50000,Petrol,Individual,Manual,Third Owner,25–50k,15,1.8,Old
Maruti Ertiga SHVS VDI,2016,600000,80000,Diesel,Individual,Manual,First Owner,75–100k,9,7.5,New
Mahindra Scorpio SLE BSIII,2010,400000,185000,Diesel,Individual,Manual,First Owner,150–200k,15,2.1621621621621623,Old
Maruti Swift VDI BSIV,2014,370000,57000,Diesel,Individual,Manual,Second Owner,50–75k,11,6.491228070175438,Old
Maruti 800 DX,2000,50000,60000,Petrol,Individual,Manual,First Owner,50–75k,25,0.8333333333333334,Old
Honda City 1.5 GXI,2004,125000,120000,Petrol,Individual,Manual,Second Owner,100–150k,21,1.0416666666666667,Old
Honda CR-V Diesel 4WD,2018,1800000,26000,Diesel,Individual,Automatic,First Owner,25–50k,7,69.23076923076923,New
Hyundai Grand i10 1.2 Kappa Magna AT,2019,650000,20000,Petrol,Individual,Automatic,First Owner,0–25k,6,32.5,New
Maruti Ertiga BSIV VXI AT,2017,800000,30600,Petrol,Individual,Automatic,First Owner,25–50k,8,26.143790849673202,New
Volkswagen Polo 1.0 TSI Highline Plus,2020,802000,5000,Petrol,Individual,Manual,First Owner,0–25k,5,160.4,New
Audi A4 35 TDI Premium,2015,2300000,35000,Diesel,Individual,Automatic,Third Owner,25–50k,10,65.71428571428571,Old
Hyundai Xcent 1.1 CRDi SX,2016,430000,35000,Diesel,Individual,Manual,First Owner,25–50k,9,12.285714285714286,New
Hyundai Verna 1.6 SX VTVT,2017,650000,23000,Petrol,Individual,Manual,First Owner,0–25k,8,28.26086956521739,New
Mahindra Scorpio 2.6 SLX Turbo 7 Seater,2004,170000,120000,Diesel,Individual,Manual,First Owner,100–150k,21,1.4166666666666667,Old
Skoda Superb Elegance 2.0 TDI CR AT,2011,450000,235000,Diesel,Individual,Automatic,First Owner,200k+,14,1.9148936170212767,Old
Maruti Alto 800 LXI,2013,250000,87000,Petrol,Individual,Manual,First Owner,75–100k,12,2.8735632183908044,Old
Ford Ecosport 1.0 Ecoboost Titanium,2014,550000,72000,Petrol,Individual,Manual,Second Owner,50–75k,11,7.638888888888889,Old
Jaguar XF 3.0 Litre S Premium Luxury,2013,2000000,64000,Diesel,Individual,Automatic,Second Owner,50–75k,12,31.25,Old
Maruti Zen Estilo VXI BSIII,2007,140000,100000,Petrol,Individual,Manual,Second Owner,75–100k,18,1.4,Old
Chevrolet Beat LT,2012,155000,12000,Petrol,Individual,Manual,First Owner,0–25k,13,12.916666666666666,Old
Hyundai Accent Executive,2010,120000,67000,Petrol,Individual,Manual,Third Owner,50–75k,15,1.791044776119403,Old
Toyota Innova 2.5 E 8 STR,2012,287000,70000,Diesel,Individual,Manual,First Owner,50–75k,13,4.1,Old
Maruti Baleno Alpha 1.3,2016,675000,60000,Diesel,Individual,Manual,First Owner,50–75k,9,11.25,New
Hyundai i10 Magna 1.2 iTech SE,2011,235000,74500,Petrol,Individual,Manual,Second Owner,50–75k,14,3.1543624161073827,Old
Hyundai i20 1.4 CRDi Asta,2011,300000,118700,Diesel,Individual,Manual,Second Owner,100–150k,14,2.527379949452401,Old
Nissan Micra XL CVT,2015,434999,40000,Petrol,Individual,Automatic,Second Owner,25–50k,10,10.874975,Old
Mahindra Scorpio VLX AT 2WD BSIII,2004,225000,223660,Diesel,Individual,Automatic,Third Owner,200k+,21,1.0059912366985604,Old
Toyota Corolla AE,2006,160000,140000,Petrol,Individual,Manual,Second Owner,100–150k,19,1.1428571428571428,Old
Hyundai Grand i10 Nios Sportz,2020,600000,5000,Petrol,Individual,Manual,First Owner,0–25k,5,120.0,New
Chevrolet Tavera Neo 3 LT 9 Seats BSIII,2016,470000,100000,Diesel,Individual,Manual,Second Owner,75–100k,9,4.7,New
Maruti Swift Dzire VXi,2011,300000,100000,Petrol,Individual,Manual,Second Owner,75–100k,14,3.0,Old
Maruti Baleno Delta 1.2,2018,600000,2000,Petrol,Individual,Manual,First Owner,0–25k,7,300.0,New
Hyundai Grand i10 Nios AMT Magna,2020,640000,4000,Petrol,Individual,Automatic,First Owner,0–25k,5,160.0,New
Tata Indica DLS,2006,50000,120000,Diesel,Individual,Manual,Fourth & Above Owner,100–150k,19,0.4166666666666667,Old
Hyundai Verna 1.6 VTVT S,2015,600000,35000,Petrol,Individual,Manual,First Owner,25–50k,10,17.142857142857142,Old
Hyundai i10 Magna LPG,2014,290000,29000,LPG,Individual,Manual,First Owner,25–50k,11,10.0,Old
Hyundai Verna 1.6 VTVT S,2015,600000,30000,Petrol,Individual,Manual,First Owner,25–50k,10,20.0,Old
Tata Manza Aqua Quadrajet BS IV,2012,190000,120000,Diesel,Individual,Manual,First Owner,100–150k,13,1.5833333333333333,Old
Hyundai i10 Era 1.1,2008,160000,110000,Petrol,Individual,Manual,Third Owner,100–150k,17,1.4545454545454546,Old
Maruti Alto K10 VXI,2017,325000,15000,Petrol,Individual,Manual,First Owner,0–25k,8,21.666666666666668,New
Mahindra Bolero DI,2006,200000,73756,Diesel,Individual,Manual,First Owner,50–75k,19,2.7116437984706327,Old
Toyota Fortuner 2.8 2WD AT BSIV,2018,2800000,40000,Diesel,Individual,Automatic,First Owner,25–50k,7,70.0,New
Chevrolet Spark 1.0 LS,2011,125000,60000,Petrol,Individual,Manual,Third Owner,50–75k,14,2.0833333333333335,Old
Hyundai i10 Magna 1.1,2008,155000,60000,Petrol,Individual,Manual,Fourth & Above Owner,50–75k,17,2.5833333333333335,Old
Hyundai i20 Asta 1.4 CRDi,2015,550000,90000,Diesel,Individual,Manual,First Owner,75–100k,10,6.111111111111111,Old
Maruti Wagon R LX BSIII,2009,130000,70000,Petrol,Individual,Manual,Fourth & Above Owner,50–75k,16,1.8571428571428572,Old
Maruti 800 AC,2002,80000,70000,Petrol,Individual,Manual,Second Owner,50–75k,23,1.1428571428571428,Old
Toyota Etios Cross 1.4L GD,2015,500000,80000,Diesel,Individual,Manual,Second Owner,75–100k,10,6.25,Old
Renault KWID RXT BSIV,2019,250000,27000,Petrol,Individual,Manual,First Owner,25–50k,6,9.25925925925926,New
Mahindra XUV500 W8 2WD,2012,580000,70000,Diesel,Individual,Manual,First Owner,50–75k,13,8.285714285714286,Old
Daewoo Matiz SD,2002,60000,50000,Petrol,Individual,Manual,First Owner,25–50k,23,1.2,Old
Toyota Etios GD,2012,300000,185000,Diesel,Individual,Manual,First Owner,150–200k,13,1.6216216216216217,Old
Ford Figo Diesel Titanium,2014,200000,90000,Diesel,Individual,Manual,Second Owner,75–100k,11,2.2222222222222223,Old
Tata Hexa XT,2017,1200000,16400,Diesel,Individual,Manual,First Owner,0–25k,8,73.17073170731707,New
Toyota Etios Cross 1.4L GD,2015,350000,80000,Diesel,Individual,Manual,Second Owner,75–100k,10,4.375,Old
Mahindra XUV500 W8 4WD,2012,600000,80000,Diesel,Individual,Manual,Second Owner,75–100k,13,7.5,Old
Honda Jazz V,2019,650000,4000,Petrol,Individual,Manual,First Owner,0–25k,6,162.5,New
Maruti A-Star Lxi,2008,120000,40000,Petrol,Individual,Manual,First Owner,25–50k,17,3.0,Old
Tata New Safari DICOR 2.2 EX 4x2,2010,180000,120000,Diesel,Individual,Manual,Second Owner,100–150k,15,1.5,Old
Hyundai Verna VTVT 1.6 AT SX Option,2018,950000,41395,Petrol,Individual,Automatic,First Owner,25–50k,7,22.949631598019085,New
Tata Manza Aura Quadrajet BS IV,2012,250999,35000,Diesel,Individual,Manual,Second Owner,25–50k,13,7.1714,Old
Skoda Laura Ambiente 2.0 TDI CR MT,2012,385000,52000,Diesel,Dealer,Manual,First Owner,50–75k,13,7.403846153846154,Old
Audi A8 L 3.0 TDI quattro,2009,1250000,47000,Diesel,Dealer,Automatic,Second Owner,25–50k,16,26.595744680851062,Old
Chevrolet Beat LT,2013,165000,50000,Petrol,Individual,Manual,First Owner,25–50k,12,3.3,Old
Hyundai Elantra SX,2015,700000,48000,Petrol,Dealer,Manual,First Owner,25–50k,10,14.583333333333334,Old
Mahindra XUV500 W8 4WD,2015,750000,53000,Diesel,Dealer,Manual,First Owner,50–75k,10,14.150943396226415,Old
Mahindra Renault Logan 1.5 DLS,2008,89999,213000,Diesel,Individual,Manual,First Owner,200k+,17,0.4225305164319249,Old
Datsun redi-GO AMT 1.0 T Option,2018,290000,15000,Petrol,Dealer,Automatic,First Owner,0–25k,7,19.333333333333332,New
Tata Nano Cx BSIII,2014,45000,7000,Petrol,Individual,Manual,Second Owner,0–25k,11,6.428571428571429,Old
Skoda Superb Ambition 2.0 TDI CR AT,2013,675000,88000,Diesel,Dealer,Automatic,First Owner,75–100k,12,7.670454545454546,Old
Nissan Terrano XL Plus 85 PS,2015,530000,55000,Diesel,Dealer,Manual,First Owner,50–75k,10,9.636363636363637,Old
BMW X1 sDrive20d M Sport,2014,1485000,48000,Diesel,Dealer,Automatic,First Owner,25–50k,11,30.9375,Old
Chevrolet Enjoy TCDi LT 7 Seater,2014,325000,71014,Diesel,Dealer,Manual,First Owner,50–75k,11,4.576562367983778,Old
Honda Amaze S Diesel,2015,400000,60000,Diesel,Dealer,Manual,First Owner,50–75k,10,6.666666666666667,Old
Mahindra KUV 100 D75 K6 Plus,2017,380000,71000,Diesel,Dealer,Manual,First Owner,50–75k,8,5.352112676056338,New
Honda City i-VTEC CVT VX,2016,750000,45000,Petrol,Dealer,Automatic,First Owner,25–50k,9,16.666666666666668,New
Honda Brio VX,2017,390000,45000,Petrol,Dealer,Manual,First Owner,25–50k,8,8.666666666666666,New
Maruti Alto LXi,2009,110000,20000,Petrol,Individual,Manual,First Owner,0–25k,16,5.5,Old
MG Hector Sharp Diesel MT BSIV,2019,1825000,14000,Diesel,Dealer,Manual,First Owner,0–25k,6,130.35714285714286,New
Audi A4 35 TDI Premium Plus,2019,3256000,17000,Diesel,Dealer,Automatic,First Owner,0–25k,6,191.52941176470588,New
Renault Scala Diesel RxL,2015,370000,60000,Diesel,Dealer,Manual,First Owner,50–75k,10,6.166666666666667,Old
Chevrolet Beat Diesel LT,2013,210000,80000,Diesel,Individual,Manual,Second Owner,75–100k,12,2.625,Old
Skoda Laura Ambiente 1.9 PD,2007,175000,181000,Diesel,Individual,Manual,Fourth & Above Owner,150–200k,18,0.9668508287292817,Old
Hyundai Verna 1.6 SX CRDi (O),2012,575000,89550,Diesel,Individual,Manual,Second Owner,75–100k,13,6.420993858179788,Old
Mahindra Xylo D4,2010,320000,90000,Diesel,Individual,Manual,Third Owner,75–100k,15,3.5555555555555554,Old
Maruti Swift Ldi BSIV,2010,280000,149500,Diesel,Individual,Manual,Third Owner,100–150k,15,1.8729096989966556,Old
Renault Duster 85PS Diesel RxL Optional,2013,500000,190000,Diesel,Individual,Manual,Second Owner,150–200k,12,2.6315789473684212,Old
Ford Fiesta Diesel Style,2013,380000,83000,Diesel,Dealer,Manual,First Owner,75–100k,12,4.578313253012048,Old
Maruti 800 AC BSIII,2005,120000,20000,Petrol,Individual,Manual,Second Owner,0–25k,20,6.0,Old
Maruti Eeco 5 Seater AC BSIV,2018,395000,20000,Petrol,Individual,Manual,First Owner,0–25k,7,19.75,New
Skoda Laura 1.9 TDI MT Ambiente,2010,360000,160000,Diesel,Individual,Manual,First Owner,150–200k,15,2.25,Old
Nissan Terrano XL Plus 85 PS,2015,451000,100000,Diesel,Individual,Manual,First Owner,75–100k,10,4.51,Old
Chevrolet Spark 1.0 LS,2010,175000,45000,Petrol,Individual,Manual,Second Owner,25–50k,15,3.888888888888889,Old
Chevrolet Spark 1.0 LS,2009,170000,44800,Petrol,Individual,Manual,Second Owner,25–50k,16,3.794642857142857,Old
Hyundai Santro Xing XL eRLX Euro III,2006,100000,40000,Petrol,Individual,Manual,Second Owner,25–50k,19,2.5,Old
Maruti Omni MPI STD BSIV,2014,150000,120000,Petrol,Individual,Manual,Third Owner,100–150k,11,1.25,Old
Tata Indica Vista Quadrajet LX,2011,149000,10000,Diesel,Individual,Manual,Second Owner,0–25k,14,14.9,Old
Tata Indica Vista Aqua 1.3 Quadrajet,2011,160000,80000,Diesel,Individual,Manual,Second Owner,75–100k,14,2.0,Old
Datsun GO Plus T Option Petrol,2018,434999,10000,Petrol,Individual,Manual,First Owner,0–25k,7,43.4999,New
Mahindra XUV500 W8 4WD,2014,800000,156000,Diesel,Individual,Manual,First Owner,150–200k,11,5.128205128205129,Old
Toyota Innova 2.5 VX (Diesel) 7 Seater BS IV,2010,819999,120000,Diesel,Individual,Manual,Second Owner,100–150k,15,6.833325,Old
Maruti Baleno Vxi,2007,163000,100000,Petrol,Individual,Manual,Second Owner,75–100k,18,1.63,Old
Mercedes-Benz E-Class 220 CDI,2001,350000,100000,Diesel,Individual,Manual,Second Owner,75–100k,24,3.5,Old
Tata Indica GLS BS IV,2006,75000,100000,Petrol,Individual,Manual,Second Owner,75–100k,19,0.75,Old
Maruti Alto LXi,2012,180000,60000,Petrol,Individual,Manual,Second Owner,50–75k,13,3.0,Old
Ford Figo Aspire 1.5 TDCi Trend,2017,675000,30000,Diesel,Individual,Manual,First Owner,25–50k,8,22.5,New
Maruti Swift VDI,2013,400000,170000,Diesel,Individual,Manual,First Owner,150–200k,12,2.3529411764705883,Old
Volkswagen Polo Diesel Highline 1.2L,2013,434999,100000,Diesel,Individual,Manual,Second Owner,75–100k,12,4.34999,Old
Tata Indigo GLX,2006,100000,110000,Petrol,Individual,Manual,Second Owner,100–150k,19,0.9090909090909091,Old
Maruti Swift Dzire LDI Optional,2015,419000,170000,Diesel,Individual,Manual,Second Owner,150–200k,10,2.4647058823529413,Old
Tata Indica GLS BS IV,2009,200000,100000,Petrol,Individual,Manual,First Owner,75–100k,16,2.0,Old
Renault Scala Diesel RxL,2014,400000,35000,Diesel,Individual,Manual,First Owner,25–50k,11,11.428571428571429,Old
Ford EcoSport 1.5 Diesel Ambiente BSIV,2018,790000,40000,Diesel,Individual,Manual,Second Owner,25–50k,7,19.75,New
Renault Duster 85PS Diesel RxL Plus,2015,500000,90000,Diesel,Individual,Manual,Second Owner,75–100k,10,5.555555555555555,Old
Skoda Rapid 1.6 TDI Elegance,2012,275000,120000,Diesel,Individual,Manual,Second Owner,100–150k,13,2.2916666666666665,Old
Hyundai i20 1.4 CRDi Sportz,2012,450000,120000,Diesel,Individual,Manual,Second Owner,100–150k,13,3.75,Old
Mahindra XUV500 W11 Option AWD,2020,1400000,25000,Diesel,Dealer,Manual,First Owner,0–25k,5,56.0,New
Renault Duster 110PS Diesel RxL,2015,800000,15000,Diesel,Individual,Manual,First Owner,0–25k,10,53.333333333333336,Old
Maruti Wagon R VXI,2014,315000,41000,Petrol,Dealer,Manual,First Owner,25–50k,11,7.682926829268292,Old
Maruti Baleno Alpha,2019,700000,16000,Petrol,Individual,Manual,First Owner,0–25k,6,43.75,New
Mahindra Bolero SLX,2016,585000,51000,Diesel,Dealer,Manual,First Owner,50–75k,9,11.470588235294118,New
Chevrolet Sail 1.2 LT ABS,2014,350000,30000,Petrol,Individual,Manual,First Owner,25–50k,11,11.666666666666666,Old
Honda City i-DTEC SV,2014,495000,80000,Diesel,Dealer,Manual,First Owner,75–100k,11,6.1875,Old
Hyundai Grand i10 1.2 Kappa Asta,2017,500000,50000,Petrol,Individual,Manual,First Owner,25–50k,8,10.0,New
Hyundai Grand i10 1.2 Kappa Sportz Option,2013,345000,44000,Petrol,Dealer,Manual,First Owner,25–50k,12,7.840909090909091,Old
Maruti Baleno Sigma 1.2,2015,500000,10000,Petrol,Individual,Manual,First Owner,0–25k,10,50.0,Old
Maruti Wagon R VXI,2016,360000,33000,Petrol,Dealer,Manual,First Owner,25–50k,9,10.909090909090908,New
Maruti Alto LXi BSIII,2010,210000,25000,Petrol,Individual,Manual,First Owner,0–25k,15,8.4,Old
Maruti Alto K10 LXI,2014,220000,66000,Petrol,Dealer,Manual,First Owner,50–75k,11,3.3333333333333335,Old
Chevrolet Aveo 1.4 LT BSIV,2009,250000,48000,Petrol,Individual,Manual,First Owner,25–50k,16,5.208333333333333,Old
Toyota Innova 2.5 G (Diesel) 8 Seater,2016,990000,146000,Diesel,Dealer,Manual,First Owner,100–150k,9,6.780821917808219,New
Mahindra Quanto C4,2013,220000,100000,Diesel,Individual,Manual,Fourth & Above Owner,75–100k,12,2.2,Old
Jaguar XF 3.0 Litre S Premium Luxury,2012,1800000,50000,Diesel,Individual,Automatic,Second Owner,25–50k,13,36.0,Old
Honda City i VTEC V,2014,530000,50000,Petrol,Individual,Manual,First Owner,25–50k,11,10.6,Old
Maruti Baleno Alpha 1.3,2016,575000,50000,Diesel,Individual,Manual,First Owner,25–50k,9,11.5,New
Mahindra Xylo E4,2012,400000,99000,Diesel,Dealer,Manual,First Owner,75–100k,13,4.040404040404041,Old
Honda Mobilio S i DTEC,2016,680000,50000,Diesel,Individual,Manual,First Owner,25–50k,9,13.6,New
Hyundai Santa Fe 4WD AT,2014,1000000,80000,Diesel,Individual,Automatic,First Owner,75–100k,11,12.5,Old
Maruti Alto 800 LXI,2016,260000,45000,Petrol,Individual,Manual,Second Owner,25–50k,9,5.777777777777778,New
Tata Manza Aura (ABS) Safire BS IV,2010,150000,50000,Petrol,Individual,Manual,Second Owner,25–50k,15,3.0,Old
Maruti Alto LXi BSIII,2008,180000,70000,Petrol,Individual,Manual,Third Owner,50–75k,17,2.5714285714285716,Old
Force One EX,2014,346000,37516,Diesel,Individual,Manual,First Owner,25–50k,11,9.222731634502612,Old
Mahindra Xylo D2 BS IV,2015,450000,20000,Diesel,Individual,Manual,First Owner,0–25k,10,22.5,Old
Hyundai Grand i10 1.2 Kappa Sportz BSIV,2019,500000,5000,Petrol,Individual,Manual,First Owner,0–25k,6,100.0,New
Hyundai Grand i10 1.2 CRDi Asta,2019,700000,8000,Diesel,Individual,Manual,First Owner,0–25k,6,87.5,New
Maruti Alto 800 LXI,2019,280000,25880,Petrol,Individual,Manual,First Owner,25–50k,6,10.819165378670789,New
Hyundai Santro Magna AMT BSIV,2019,475000,10000,Petrol,Individual,Automatic,First Owner,0–25k,6,47.5,New
Maruti Swift Dzire VDi,2009,300000,50000,Diesel,Individual,Manual,First Owner,25–50k,16,6.0,Old
Maruti Alto K10 LXI,2014,200999,40000,Petrol,Individual,Manual,First Owner,25–50k,11,5.024975,Old
Skoda Laura 1.9 TDI MT Ambiente,2009,200000,100000,Diesel,Individual,Manual,Third Owner,75–100k,16,2.0,Old
Chevrolet Aveo U-VA 1.2 LS,2009,210000,80000,Petrol,Individual,Manual,Second Owner,75–100k,16,2.625,Old
Tata Indigo LS BSII,2012,160000,110000,Diesel,Individual,Manual,First Owner,100–150k,13,1.4545454545454546,Old
Hyundai Verna CRDi SX ABS,2009,175000,136000,Diesel,Individual,Manual,Second Owner,100–150k,16,1.286764705882353,Old
Tata New Safari DICOR 2.2 GX 4x2 BS IV,2012,320000,80000,Diesel,Individual,Manual,First Owner,75–100k,13,4.0,Old
Maruti Alto LXi,2009,110000,50000,Petrol,Individual,Manual,Second Owner,25–50k,16,2.2,Old
Maruti Wagon R LXI Minor,2008,300000,30000,Petrol,Individual,Manual,First Owner,25–50k,17,10.0,Old
Honda City V MT,2012,700000,10000,Petrol,Individual,Manual,First Owner,0–25k,13,70.0,Old
Tata Indica Vista Aura 1.3 Quadrajet,2009,135000,90000,Diesel,Individual,Manual,Fourth & Above Owner,75–100k,16,1.5,Old
Mahindra Bolero Power Plus Plus Non AC BSIV PS,2015,500000,110000,Diesel,Individual,Manual,First Owner,100–150k,10,4.545454545454546,Old
Mahindra Scorpio VLX 2WD AIRBAG BSIV,2012,550000,120000,Diesel,Individual,Manual,Second Owner,100–150k,13,4.583333333333333,Old
Toyota Innova 2.5 Z Diesel 7 Seater BS IV,2014,1050000,90000,Diesel,Individual,Manual,Third Owner,75–100k,11,11.666666666666666,Old
Honda City i VTEC V,2016,500000,20000,Petrol,Individual,Manual,First Owner,0–25k,9,25.0,New
Maruti Ritz VDi,2011,180000,90000,Diesel,Individual,Manual,Second Owner,75–100k,14,2.0,Old
Hyundai Santro Xing GLS,2010,170000,50000,Petrol,Individual,Manual,Second Owner,25–50k,15,3.4,Old
Honda Brio 1.2 S Option MT,2019,484999,9000,Petrol,Individual,Manual,First Owner,0–25k,6,53.888777777777776,New
Maruti A-Star Vxi,2011,150000,70000,Petrol,Individual,Manual,Second Owner,50–75k,14,2.142857142857143,Old
Maruti Alto K10 VXI Airbag,2018,380000,25000,Petrol,Individual,Manual,First Owner,0–25k,7,15.2,New
Hyundai Santro Sportz BSIV,2019,480000,10000,Petrol,Individual,Manual,First Owner,0–25k,6,48.0,New
Tata Indica Vista Aura 1.3 Quadrajet,2009,135000,90000,Diesel,Individual,Manual,Fourth & Above Owner,75–100k,16,1.5,Old
Volkswagen Polo Diesel Highline 1.2L,2011,290000,60000,Diesel,Individual,Manual,Second Owner,50–75k,14,4.833333333333333,Old
Fiat Linea Dynamic,2013,350000,70000,Petrol,Individual,Manual,First Owner,50–75k,12,5.0,Old
Maruti Alto 800 LXI,2014,110000,25000,Petrol,Individual,Manual,First Owner,0–25k,11,4.4,Old
Hyundai Santro LE zipPlus,2003,70000,80000,Petrol,Individual,Manual,Third Owner,75–100k,22,0.875,Old
Volkswagen Vento Petrol Highline AT,2011,300000,70000,Petrol,Individual,Automatic,Third Owner,50–75k,14,4.285714285714286,Old
Maruti Alto 800 LX,2017,180000,60000,Petrol,Individual,Manual,First Owner,50–75k,8,3.0,New
Renault KWID RXL,2020,300000,20000,Petrol,Individual,Manual,First Owner,0–25k,5,15.0,New
Maruti Baleno Delta 1.2,2017,509000,60000,Petrol,Individual,Manual,First Owner,50–75k,8,8.483333333333333,New
Maruti SX4 S Cross DDiS 320 Zeta,2016,650000,80000,Diesel,Individual,Manual,First Owner,75–100k,9,8.125,New
Maruti Swift VDI BSIV,2015,450000,70000,Diesel,Individual,Manual,Third Owner,50–75k,10,6.428571428571429,Old
Mahindra Jeep Classic,1999,170000,2020,Diesel,Individual,Manual,Second Owner,0–25k,26,84.15841584158416,Old
Mahindra Scorpio 2.6 Turbo 7 Str,2007,210000,100000,Diesel,Individual,Manual,Second Owner,75–100k,18,2.1,Old
Hyundai i20 Asta 1.4 CRDi,2013,360000,80000,Diesel,Individual,Manual,Second Owner,75–100k,12,4.5,Old
Toyota Innova 2.5 GX (Diesel) 7 Seater BS IV,2011,495000,120000,Diesel,Individual,Manual,Second Owner,100–150k,14,4.125,Old
Maruti Alto LX,2006,105000,100000,Petrol,Individual,Manual,Third Owner,75–100k,19,1.05,Old
Hyundai i20 Magna,2010,270000,60000,Petrol,Individual,Manual,Third Owner,50–75k,15,4.5,Old
Ford Figo Petrol LXI,2010,130000,110000,Petrol,Individual,Manual,First Owner,100–150k,15,1.1818181818181819,Old
Honda City i DTEC S,2014,700000,90000,Diesel,Individual,Manual,Second Owner,75–100k,11,7.777777777777778,Old
Chevrolet Cruze LTZ,2012,400000,40000,Diesel,Individual,Manual,First Owner,25–50k,13,10.0,Old
Maruti Swift ZXI ABS,2009,250000,60000,Petrol,Individual,Manual,Second Owner,50–75k,16,4.166666666666667,Old
Honda Amaze VX i-DTEC,2013,325000,94000,Diesel,Individual,Manual,Second Owner,75–100k,12,3.4574468085106385,Old
Maruti Alto LXi,2008,69000,100000,Petrol,Individual,Manual,First Owner,75–100k,17,0.69,Old
Mahindra Scorpio S11 BSIV,2018,1380000,25000,Diesel,Individual,Manual,First Owner,0–25k,7,55.2,New
Maruti Zen Estilo VXI BSIII,2007,90000,90000,Petrol,Individual,Manual,First Owner,75–100k,18,1.0,Old
Mahindra XUV500 W6 1.99 mHawk,2016,1000000,40000,Diesel,Individual,Manual,First Owner,25–50k,9,25.0,New
Hyundai Accent GLE CNG,2010,145000,90000,CNG,Individual,Manual,Second Owner,75–100k,15,1.6111111111111112,Old
Maruti Alto K10 LX,2020,250000,1100,Petrol,Individual,Manual,Fourth & Above Owner,0–25k,5,227.27272727272728,New
Maruti Swift VDI,2011,256000,70000,Diesel,Individual,Manual,Third Owner,50–75k,14,3.657142857142857,Old
Tata Indica DLS,2005,70000,120000,Diesel,Individual,Manual,First Owner,100–150k,20,0.5833333333333334,Old
Maruti Wagon R VX,2000,50000,88500,Petrol,Individual,Manual,Fourth & Above Owner,75–100k,25,0.5649717514124294,Old
Renault KWID RXT,2016,240000,70000,Petrol,Individual,Manual,Second Owner,50–75k,9,3.4285714285714284,New
Tata Indica Vista Aqua 1.2 Safire BSIV,2010,97000,128000,Petrol,Individual,Manual,First Owner,100–150k,15,0.7578125,Old
Tata Indigo CR4,2012,130000,120000,Diesel,Individual,Manual,First Owner,100–150k,13,1.0833333333333333,Old
Maruti Swift 1.3 VXi,2009,199000,52536,Petrol,Individual,Manual,First Owner,50–75k,16,3.787878787878788,Old
Honda Civic 1.8 S AT,2006,125000,70000,Petrol,Individual,Automatic,First Owner,50–75k,19,1.7857142857142858,Old
Hyundai Xcent 1.1 CRDi Base,2015,420000,60000,Diesel,Individual,Manual,First Owner,50–75k,10,7.0,Old
Mahindra NuvoSport N8,2016,525000,110000,Diesel,Individual,Manual,First Owner,100–150k,9,4.7727272727272725,New
Hyundai Santro Xing GLS,2008,125000,85000,Petrol,Individual,Manual,First Owner,75–100k,17,1.4705882352941178,Old
Hyundai Verna Transform CRDi VGT SX ABS,2010,325000,135000,Diesel,Individual,Manual,First Owner,100–150k,15,2.4074074074074074,Old
Volkswagen Vento New Diesel Highline,2012,330000,86000,Diesel,Individual,Manual,Fourth & Above Owner,75–100k,13,3.8372093023255816,Old
Maruti Wagon R LXI BS IV,2010,110000,50000,Petrol,Individual,Manual,First Owner,25–50k,15,2.2,Old
Maruti S-Presso VXI Plus,2019,450000,1950,Petrol,Individual,Manual,First Owner,0–25k,6,230.76923076923077,New
Maruti Swift 1.3 VXi,2005,85000,118400,Petrol,Individual,Manual,First Owner,100–150k,20,0.7179054054054054,Old
Honda Civic 1.8 S MT,2007,229999,70000,Petrol,Individual,Manual,Second Owner,50–75k,18,3.2857,Old
Hyundai i10 Magna,2012,250000,60000,Petrol,Individual,Manual,Second Owner,50–75k,13,4.166666666666667,Old
Ford Ecosport 1.5 DV5 MT Titanium,2015,650000,68000,Diesel,Individual,Manual,First Owner,50–75k,10,9.558823529411764,Old
Maruti Swift Dzire VDI,2017,600000,46507,Diesel,Trustmark Dealer,Manual,First Owner,25–50k,8,12.901283677725933,New
Toyota Etios Liva 1.2 VX,2017,650000,6480,Petrol,Trustmark Dealer,Manual,First Owner,0–25k,8,100.30864197530865,New
Maruti Vitara Brezza VDi,2017,750000,32077,Diesel,Trustmark Dealer,Manual,First Owner,25–50k,8,23.381238893911526,New
Toyota Yaris G,2018,850000,19107,Petrol,Trustmark Dealer,Manual,First Owner,0–25k,7,44.48631391636573,New
Hyundai EON Era Plus Option,2017,315000,18469,Petrol,Trustmark Dealer,Manual,First Owner,0–25k,8,17.055606692295196,New
Maruti Swift LXI Option,2015,415000,28217,Petrol,Trustmark Dealer,Manual,First Owner,25–50k,10,14.707445865967324,Old
Maruti Ciaz ZDi Plus,2016,640000,72787,Diesel,Trustmark Dealer,Manual,First Owner,50–75k,9,8.792778930303488,New
Maruti Ciaz 1.4 Alpha,2017,780000,31063,Petrol,Trustmark Dealer,Manual,First Owner,25–50k,8,25.11025979461095,New
Toyota Fortuner 4x2 AT,2017,2595000,79641,Diesel,Trustmark Dealer,Automatic,First Owner,75–100k,8,32.58371944099145,New
Hyundai Creta 1.6 CRDi SX,2015,850000,58692,Diesel,Trustmark Dealer,Manual,First Owner,50–75k,10,14.482382607510393,Old
Hyundai Creta 1.6 CRDi SX,2015,900000,54784,Diesel,Trustmark Dealer,Manual,First Owner,50–75k,10,16.428154205607477,Old
Toyota Corolla Altis GL MT,2016,1150000,64156,Petrol,Trustmark Dealer,Manual,First Owner,50–75k,9,17.925057671924684,New
Maruti Esteem Lxi - BSIII,2007,75000,54000,Petrol,Individual,Manual,First Owner,50–75k,18,1.3888888888888888,Old
Volkswagen Vento Diesel Comfortline,2012,215000,97000,Diesel,Individual,Manual,First Owner,75–100k,13,2.216494845360825,Old
Maruti SX4 ZXI AT,2009,130000,120000,Petrol,Individual,Automatic,Second Owner,100–150k,16,1.0833333333333333,Old
Hyundai Santro Magna AMT BSIV,2019,400000,16000,Petrol,Individual,Automatic,First Owner,0–25k,6,25.0,New
Maruti Swift Dzire AMT ZXI,2019,550000,60000,Petrol,Individual,Automatic,First Owner,50–75k,6,9.166666666666666,New
Chevrolet Beat LT,2016,245000,52000,Petrol,Dealer,Manual,First Owner,50–75k,9,4.711538461538462,New
Maruti Swift VDI BSIV,2010,320000,110000,Diesel,Individual,Manual,Fourth & Above Owner,100–150k,15,2.909090909090909,Old
Mahindra TUV 300 T8 AMT,2016,730000,60000,Diesel,Individual,Automatic,Second Owner,50–75k,9,12.166666666666666,New
Ford Fusion 1.6 Duratec Petrol,2005,120000,100000,Petrol,Individual,Manual,Third Owner,75–100k,20,1.2,Old
Honda City i-VTEC VX,2017,950000,35000,Petrol,Individual,Manual,First Owner,25–50k,8,27.142857142857142,New
Maruti Wagon R VXI BS IV,2017,350000,48000,Petrol,Individual,Manual,Third Owner,25–50k,8,7.291666666666667,New
Maruti Esteem Vxi,2005,100000,20000,Petrol,Individual,Manual,Second Owner,0–25k,20,5.0,Old
Maruti Wagon R VXI BS IV,2017,350000,30000,Petrol,Individual,Manual,First Owner,25–50k,8,11.666666666666666,New
Maruti Wagon R VXI BSIII,2005,80000,40000,Petrol,Individual,Manual,Second Owner,25–50k,20,2.0,Old
Hyundai Verna 1.6 VTVT,2013,370000,60000,Petrol,Individual,Manual,First Owner,50–75k,12,6.166666666666667,Old
Hyundai EON D Lite Plus,2012,160000,70000,Petrol,Individual,Manual,Second Owner,50–75k,13,2.2857142857142856,Old
Tata Sumo Victa EX 7/9 Str BSII,2009,130000,120000,Diesel,Individual,Manual,First Owner,100–150k,16,1.0833333333333333,Old
Chevrolet Sail Hatchback 1.2 LS,2016,250000,30000,Petrol,Individual,Manual,First Owner,25–50k,9,8.333333333333334,New
Tata New Safari DICOR 2.2 GX 4x2 BS IV,2012,270000,80000,Diesel,Individual,Manual,Second Owner,75–100k,13,3.375,Old
BMW X1 sDrive 20d xLine,2019,2600000,9500,Diesel,Individual,Automatic,First Owner,0–25k,6,273.6842105263158,New
Hyundai EON Era Plus,2013,160000,80000,Petrol,Individual,Manual,First Owner,75–100k,12,2.0,Old
Hyundai EON Magna Plus,2016,229999,80000,Petrol,Individual,Manual,First Owner,75–100k,9,2.8749875,New
Mahindra Bolero Power Plus ZLX,2017,750000,29000,Diesel,Individual,Manual,First Owner,25–50k,8,25.862068965517242,New
Chevrolet Optra Magnum 2.0 LS,2011,195000,120000,Diesel,Individual,Manual,First Owner,100–150k,14,1.625,Old
Toyota Etios Cross 1.2L G,2015,320000,60000,Petrol,Individual,Manual,First Owner,50–75k,10,5.333333333333333,Old
Mahindra Scorpio S7 140 BSIV,2018,1100000,20000,Diesel,Individual,Manual,First Owner,0–25k,7,55.0,New
Datsun RediGO S,2016,270000,22000,Petrol,Individual,Manual,First Owner,0–25k,9,12.272727272727273,New
Skoda Fabia 1.2 MPI Ambition Plus,2012,300000,50000,Petrol,Individual,Manual,First Owner,25–50k,13,6.0,Old
Chevrolet Beat Diesel LT,2012,200000,50000,Diesel,Individual,Manual,First Owner,25–50k,13,4.0,Old
Maruti Zen Estilo 1.1 LXI BSIII,2007,120000,81366,Petrol,Individual,Manual,First Owner,75–100k,18,1.4748174913354473,Old
Maruti Esteem Vxi - BSIII,2006,95000,110000,Petrol,Individual,Manual,First Owner,100–150k,19,0.8636363636363636,Old
Volkswagen Polo Petrol Comfortline 1.2L,2013,400000,100000,Petrol,Individual,Manual,First Owner,75–100k,12,4.0,Old
Toyota Innova 2.5 G (Diesel) 8 Seater BS IV,2006,229999,300000,Diesel,Individual,Manual,First Owner,200k+,19,0.7666633333333334,Old
Mahindra KUV 100 mFALCON D75 K6,2016,430000,20000,Diesel,Individual,Manual,First Owner,0–25k,9,21.5,New
Renault Fluence 1.5,2012,300000,90000,Diesel,Individual,Manual,First Owner,75–100k,13,3.3333333333333335,Old
Fiat Linea Dynamic,2013,350000,70000,Petrol,Individual,Manual,First Owner,50–75k,12,5.0,Old
Renault Duster 110PS Diesel RxZ,2013,450000,120000,Diesel,Individual,Manual,First Owner,100–150k,12,3.75,Old
Renault KWID RXT,2016,200000,53000,Petrol,Individual,Manual,Second Owner,50–75k,9,3.7735849056603774,New
Maruti Alto 800 LXI,2017,250000,30000,Petrol,Individual,Manual,First Owner,25–50k,8,8.333333333333334,New
Maruti Swift Dzire 1.2 Vxi BSIV,2012,368000,90000,Petrol,Individual,Manual,Second Owner,75–100k,13,4.088888888888889,Old
Maruti Swift Dzire 1.2 Vxi BSIV,2012,368000,90000,Petrol,Individual,Manual,Second Owner,75–100k,13,4.088888888888889,Old
Toyota Innova 2.5 GX (Diesel) 7 Seater,2014,650000,244000,Diesel,Individual,Manual,First Owner,200k+,11,2.6639344262295084,Old
Mahindra Jeep CL 500 MDI,1997,150000,120000,Diesel,Individual,Manual,Third Owner,100–150k,28,1.25,Old
Maruti Wagon R LXI DUO BS IV,2012,180000,60000,LPG,Individual,Manual,First Owner,50–75k,13,3.0,Old
Hyundai Grand i10 1.2 Kappa Sportz Option,2017,525000,15000,Petrol,Individual,Manual,First Owner,0–25k,8,35.0,New
Ford Endeavour 4x4 XLT,2005,350000,150000,Diesel,Individual,Manual,Second Owner,100–150k,20,2.3333333333333335,Old
Mahindra TUV 300 Plus P4,2018,850000,30000,Diesel,Individual,Manual,Second Owner,25–50k,7,28.333333333333332,New
Volkswagen Jetta 2.0 TDI Comfortline,2011,350000,312000,Diesel,Individual,Manual,Third Owner,,14,1.1217948717948718,Old
Maruti Esteem Lxi - BSIII,2007,75000,54000,Petrol,Individual,Manual,First Owner,50–75k,18,1.3888888888888888,Old
Maruti Swift 1.3 VXi,2005,160000,67000,Petrol,Individual,Manual,First Owner,50–75k,20,2.388059701492537,Old
Maruti Swift LDI Optional,2017,500000,40000,Diesel,Individual,Manual,First Owner,25–50k,8,12.5,New
Hyundai Santro Xing GLS,2008,130000,100000,Petrol,Individual,Manual,First Owner,75–100k,17,1.3,Old
Tata Zest Quadrajet 1.3 75PS XE,2015,350000,100000,Diesel,Individual,Manual,Second Owner,75–100k,10,3.5,Old
Maruti Wagon R LXI,2005,70000,80000,Petrol,Individual,Manual,First Owner,75–100k,20,0.875,Old
Toyota Innova 2.5 G (Diesel) 7 Seater,2014,750000,145000,Diesel,Individual,Manual,Second Owner,100–150k,11,5.172413793103448,Old
Honda Amaze VX i-DTEC,2013,450000,53000,Diesel,Individual,Manual,First Owner,50–75k,12,8.49056603773585,Old
Maruti Swift Dzire LDI,2015,430000,73000,Diesel,Individual,Manual,Third Owner,50–75k,10,5.890410958904109,Old
Maruti SX4 VDI,2011,260000,90000,Diesel,Individual,Manual,Third Owner,75–100k,14,2.888888888888889,Old
Maruti Swift VDI,2013,370000,80000,Diesel,Individual,Manual,Third Owner,75–100k,12,4.625,Old
Chevrolet Aveo 1.4 CNG,2011,229999,100000,CNG,Individual,Manual,First Owner,75–100k,14,2.29999,Old
Ford Figo Diesel EXI,2011,140000,90000,Diesel,Individual,Manual,Third Owner,75–100k,14,1.5555555555555556,Old
Toyota Innova 2.5 G (Diesel) 7 Seater,2013,700000,200000,Diesel,Individual,Manual,First Owner,150–200k,12,3.5,Old
Hyundai Elite i20 Magna Plus BSIV,2020,545000,7300,Petrol,Individual,Manual,First Owner,0–25k,5,74.65753424657534,New
Datsun RediGO T Option,2017,200000,30000,Petrol,Individual,Manual,First Owner,25–50k,8,6.666666666666667,New
Tata Safari Storme VX,2015,500000,120000,Diesel,Individual,Manual,First Owner,100–150k,10,4.166666666666667,Old
Maruti Alto LXi,2008,70000,90000,Petrol,Individual,Manual,Second Owner,75–100k,17,0.7777777777777778,Old
Mahindra Thar 4X4,2013,580000,25000,Diesel,Individual,Manual,Third Owner,0–25k,12,23.2,Old
Maruti Eeco 5 STR With AC Plus HTR CNG,2012,160000,70000,CNG,Individual,Manual,Second Owner,50–75k,13,2.2857142857142856,Old
Hyundai Grand i10 1.2 Kappa Sportz BSIV,2018,450000,6000,Petrol,Individual,Manual,First Owner,0–25k,7,75.0,New
Maruti Alto LXi,2010,160000,36000,Petrol,Individual,Manual,First Owner,25–50k,15,4.444444444444445,Old
Maruti Ertiga SHVS ZDI Plus,2016,760000,49000,Diesel,Individual,Manual,First Owner,25–50k,9,15.510204081632653,New
Hyundai EON Magna Optional,2015,300000,22000,Petrol,Individual,Manual,First Owner,0–25k,10,13.636363636363637,Old
Maruti Omni 5 Str STD LPG,1998,50000,35000,LPG,Individual,Manual,Second Owner,25–50k,27,1.4285714285714286,Old
Mahindra Bolero 2011-2019 SLX,2019,800000,24000,Diesel,Individual,Manual,First Owner,0–25k,6,33.333333333333336,New
Maruti Swift Dzire VDI,2018,680000,20000,Diesel,Individual,Manual,First Owner,0–25k,7,34.0,New
Maruti 800 DUO AC LPG,2009,85000,50000,LPG,Individual,Manual,Second Owner,25–50k,16,1.7,Old
Toyota Innova Crysta 2.4 G MT BSIV,2016,1300000,70000,Diesel,Individual,Manual,First Owner,50–75k,9,18.571428571428573,New
Maruti Swift VXI BSIV,2016,500000,60000,Petrol,Individual,Manual,First Owner,50–75k,9,8.333333333333334,New
Audi Q5 2.0 TDI,2015,3500000,35000,Diesel,Individual,Automatic,First Owner,25–50k,10,100.0,Old
Hyundai Accent GLX,2008,145000,60000,Petrol,Individual,Manual,First Owner,50–75k,17,2.4166666666666665,Old
Mahindra Quanto C6,2013,300000,60000,Diesel,Individual,Manual,First Owner,50–75k,12,5.0,Old
Maruti Swift VDI Optional,2017,600000,60000,Diesel,Individual,Manual,Second Owner,50–75k,8,10.0,New
Maruti Swift Dzire VXI,2015,400000,70000,Petrol,Individual,Manual,Second Owner,50–75k,10,5.714285714285714,Old
Hyundai Santro Xing XK eRLX EuroIII,2007,130000,135000,Petrol,Individual,Manual,Second Owner,100–150k,18,0.9629629629629629,Old
Maruti 800 AC BSII,2001,45000,72539,Petrol,Individual,Manual,Second Owner,50–75k,24,0.620355946456389,Old
Maruti Baleno Zeta 1.2,2017,641000,25000,Petrol,Individual,Manual,First Owner,0–25k,8,25.64,New
Maruti Swift Dzire VDI,2015,650000,50000,Diesel,Individual,Manual,First Owner,25–50k,10,13.0,Old
Ford Freestyle Titanium Diesel,2020,784000,101,Diesel,Dealer,Manual,Test Drive Car,0–25k,5,7762.376237623763,New
Ford Figo Titanium,2020,635000,101,Petrol,Dealer,Manual,Test Drive Car,0–25k,5,6287.1287128712875,New
Ford Ecosport 1.5 Diesel Titanium,2020,1000000,101,Diesel,Dealer,Manual,Test Drive Car,0–25k,5,9900.990099009901,New
Ford Figo 1.5D Titanium Opt MT,2015,495000,52328,Diesel,Dealer,Manual,First Owner,50–75k,10,9.459562757988076,Old
Hyundai Santro Xing GLS,2013,324000,30000,Petrol,Individual,Manual,First Owner,25–50k,12,10.8,Old
Ford Endeavour 3.2 Titanium AT 4X4,2016,2100000,91505,Diesel,Dealer,Automatic,First Owner,75–100k,9,22.949565597508332,New
Maruti Alto 800 LXI,2018,200000,35000,Petrol,Individual,Manual,First Owner,25–50k,7,5.714285714285714,New
Maruti Swift Dzire VDI,2015,320000,60000,Diesel,Individual,Manual,First Owner,50–75k,10,5.333333333333333,Old
Hyundai EON Magna Optional,2015,300000,20500,Petrol,Individual,Manual,First Owner,0–25k,10,14.634146341463415,Old
Tata Indica Vista Quadrajet LX,2013,180000,200000,Diesel,Individual,Manual,First Owner,150–200k,12,0.9,Old
Toyota Innova 2.5 V Diesel 8-seater,2008,500000,154000,Diesel,Individual,Manual,Third Owner,150–200k,17,3.2467532467532467,Old
Toyota Etios VX,2011,305000,120000,Petrol,Individual,Manual,Second Owner,100–150k,14,2.5416666666666665,Old
Maruti 800 AC,2009,125000,50000,Petrol,Individual,Manual,Fourth & Above Owner,25–50k,16,2.5,Old
Maruti Swift Dzire ZDI,2015,800000,135000,Diesel,Individual,Manual,First Owner,100–150k,10,5.925925925925926,Old
Mahindra Scorpio SLE BSIV,2009,420000,100000,Diesel,Individual,Manual,First Owner,75–100k,16,4.2,Old
Maruti Vitara Brezza ZDi Plus,2017,875000,40000,Diesel,Individual,Manual,First Owner,25–50k,8,21.875,New
Maruti Swift Dzire ZDI,2014,580000,70000,Diesel,Individual,Manual,First Owner,50–75k,11,8.285714285714286,Old
Maruti Swift Ldi BSIV,2011,350000,133000,Diesel,Individual,Manual,Second Owner,100–150k,14,2.6315789473684212,Old
Hyundai Accent GLS,2004,120000,110000,Petrol,Individual,Manual,Second Owner,100–150k,21,1.0909090909090908,Old
Tata Indica Vista TDI LS,2013,150000,180000,Diesel,Individual,Manual,Third Owner,150–200k,12,0.8333333333333334,Old
Renault Duster 110PS Diesel RxZ,2013,650000,120000,Diesel,Individual,Manual,First Owner,100–150k,12,5.416666666666667,Old
Maruti Alto K10 2010-2014 VXI,2010,225000,80000,Petrol,Individual,Manual,Second Owner,75–100k,15,2.8125,Old
Honda Amaze S AT i-Vtech,2014,400000,15000,Petrol,Individual,Automatic,First Owner,0–25k,11,26.666666666666668,Old
Hyundai Getz GLS,2005,250000,70000,Petrol,Individual,Manual,First Owner,50–75k,20,3.5714285714285716,Old
Hyundai Santro Xing GL Plus,2008,120000,41723,Petrol,Individual,Manual,Second Owner,25–50k,17,2.8761114972557102,Old
Maruti SX4 Vxi BSIV,2010,250000,70000,Petrol,Individual,Manual,First Owner,50–75k,15,3.5714285714285716,Old
Maruti Alto K10 LXI,2012,175000,20000,Petrol,Individual,Manual,Second Owner,0–25k,13,8.75,Old
Renault Duster 85PS Diesel RxL,2013,450000,1000,Diesel,Dealer,Manual,Second Owner,0–25k,12,450.0,Old
Maruti Ignis 1.3 Delta,2018,590000,26350,Diesel,Dealer,Manual,First Owner,25–50k,7,22.39089184060721,New
Tata Indigo CS LX (TDI) BS-III,2015,225000,68745,Diesel,Dealer,Manual,First Owner,50–75k,10,3.2729653065677504,Old
Mahindra XUV500 W6 2WD,2016,900000,47000,Diesel,Individual,Manual,First Owner,25–50k,9,19.148936170212767,New
Maruti Alto K10 VXI AGS,2017,375000,27289,Petrol,Dealer,Automatic,First Owner,25–50k,8,13.741800725567078,New
Hyundai EON Era Plus,2016,320000,24662,Petrol,Dealer,Manual,First Owner,0–25k,9,12.975427783634741,New
Maruti Swift Dzire VDI,2013,525000,37000,Diesel,Dealer,Manual,First Owner,25–50k,12,14.18918918918919,Old
Nissan Evalia XV,2014,650000,28245,Diesel,Dealer,Manual,First Owner,25–50k,11,23.01292264117543,Old
Hyundai Grand i10 1.2 CRDi Sportz Option,2017,575000,27005,Diesel,Dealer,Manual,First Owner,25–50k,8,21.29235326791335,New
Hyundai i10 Magna,2014,355000,39227,Petrol,Dealer,Manual,First Owner,25–50k,11,9.049889106992632,Old
Mahindra KUV 100 D75 K4 Plus 5Str,2016,470000,31367,Diesel,Dealer,Manual,First Owner,25–50k,9,14.983900277361558,New
Maruti Wagon R LXI,2008,221000,35008,Petrol,Dealer,Manual,First Owner,25–50k,17,6.312842778793419,Old
Hyundai Santro Xing GLS,2009,195000,27005,Petrol,Dealer,Manual,First Owner,25–50k,16,7.220885021292354,Old
Hyundai Santro Xing XG,2004,90000,100005,Petrol,Dealer,Manual,Second Owner,100–150k,21,0.8999550022498876,Old
Hyundai Verna SX Diesel,2013,580000,45264,Diesel,Dealer,Manual,First Owner,25–50k,12,12.813715093672675,Old
Maruti Eeco 7 Seater Standard BSIV,2014,325000,39093,Petrol,Dealer,Manual,First Owner,25–50k,11,8.313508812319341,Old
Honda City Corporate Edition,2013,495000,45241,Petrol,Dealer,Manual,First Owner,25–50k,12,10.941402709931257,Old
Hyundai EON Era,2014,290000,12000,Petrol,Dealer,Manual,First Owner,0–25k,11,24.166666666666668,Old
Datsun RediGO 1.0 T Option,2018,375000,2769,Petrol,Dealer,Manual,First Owner,0–25k,7,135.42795232936078,New
Tata Indica Vista TDI LS,2011,211000,43128,Diesel,Dealer,Manual,First Owner,25–50k,14,4.8924132813949175,Old
Hyundai i20 Asta,2010,270000,110000,Petrol,Individual,Manual,Second Owner,100–150k,15,2.4545454545454546,Old
Maruti Alto LXI,2004,70000,50000,Petrol,Individual,Manual,Second Owner,25–50k,21,1.4,Old
Hyundai i10 Magna 1.2,2010,225000,60000,Petrol,Individual,Manual,Second Owner,50–75k,15,3.75,Old
Mahindra Scorpio LX,2014,420000,70000,Diesel,Individual,Manual,Third Owner,50–75k,11,6.0,Old
Chevrolet Sail Hatchback 1.2 LS,2015,280000,22255,Petrol,Individual,Manual,First Owner,0–25k,10,12.581442372500561,Old
Hyundai i20 Sportz 1.2,2013,400000,59213,Petrol,Individual,Manual,First Owner,50–75k,12,6.7552733352473275,Old
Mahindra XUV500 W6 2WD,2015,850000,55000,Diesel,Individual,Manual,First Owner,50–75k,10,15.454545454545455,Old
Ford Fiesta Titanium 1.5 TDCi,2011,550000,80000,Diesel,Individual,Manual,First Owner,75–100k,14,6.875,Old
Ford Fiesta Titanium 1.5 TDCi,2011,550000,80000,Diesel,Individual,Manual,First Owner,75–100k,14,6.875,Old
Renault Captur 1.5 Diesel RXT Mono,2018,1000000,40000,Diesel,Individual,Manual,First Owner,25–50k,7,25.0,New
Mahindra Xylo D2 Maxx,2014,350000,170000,Diesel,Individual,Manual,First Owner,150–200k,11,2.0588235294117645,Old
Tata New Safari DICOR 2.2 EX 4x2,2011,350000,170000,Diesel,Individual,Manual,Second Owner,150–200k,14,2.0588235294117645,Old
Honda Civic 1.8 S MT,2007,170000,70000,Petrol,Individual,Manual,Third Owner,50–75k,18,2.4285714285714284,Old
Ford Aspire Titanium BSIV,2020,828999,1010,Petrol,Dealer,Manual,Test Drive Car,0–25k,5,820.7910891089109,New
Ford EcoSport 1.5 Ti VCT MT Titanium BE BSIV,2020,1119000,1010,Petrol,Dealer,Manual,Test Drive Car,0–25k,5,1107.920792079208,New
Ford Figo Titanium,2020,746000,1111,Petrol,Dealer,Manual,Test Drive Car,0–25k,5,671.4671467146715,New
Ford Ecosport 1.5 Petrol Trend,2020,1030000,1010,Petrol,Dealer,Manual,Test Drive Car,0–25k,5,1019.8019801980198,New
Ford EcoSport 1.5 TDCi Titanium Plus BSIV,2020,1334000,1010,Diesel,Dealer,Manual,Test Drive Car,0–25k,5,1320.7920792079208,New
Ford Freestyle Titanium,2020,811999,1010,Petrol,Dealer,Manual,Test Drive Car,0–25k,5,803.959405940594,New
Ford Ecosport Thunder Edition Diesel,2020,1331000,1010,Diesel,Dealer,Manual,Test Drive Car,0–25k,5,1317.8217821782177,New
Ford Freestyle Titanium Plus,2020,852000,1010,Petrol,Dealer,Manual,Test Drive Car,0–25k,5,843.5643564356436,New
Tata Indica DLE,2006,45000,120000,Diesel,Individual,Manual,Second Owner,100–150k,19,0.375,Old
Renault Duster 85PS Diesel RxL Optional,2013,430000,70000,Diesel,Individual,Manual,Third Owner,50–75k,12,6.142857142857143,Old
Tata Indigo LX,2011,140000,60000,Diesel,Individual,Manual,Second Owner,50–75k,14,2.3333333333333335,Old
Mahindra Scorpio S2 9 Seater,2015,830000,70000,Diesel,Individual,Manual,First Owner,50–75k,10,11.857142857142858,Old
Mahindra Scorpio VLS 2.2 mHawk,2009,409999,110000,Diesel,Individual,Manual,Second Owner,100–150k,16,3.7272636363636362,Old
Maruti Swift VDI,2012,190000,80000,Diesel,Individual,Manual,Third Owner,75–100k,13,2.375,Old
Honda Accord VTi-L (MT),2007,200000,80000,Petrol,Individual,Manual,Second Owner,75–100k,18,2.5,Old
Hyundai Accent GLX,2006,120000,110000,Petrol,Individual,Manual,Second Owner,100–150k,19,1.0909090909090908,Old
Mahindra Bolero Power Plus Plus AC BSIV PS,2019,850000,50000,Diesel,Individual,Manual,First Owner,25–50k,6,17.0,New
Tata Indigo CS LE (TDI) BS-III,2011,95000,115000,Diesel,Individual,Manual,Fourth & Above Owner,100–150k,14,0.8260869565217391,Old
Maruti Wagon R LXI BS IV,2013,213000,80000,Petrol,Individual,Manual,First Owner,75–100k,12,2.6625,Old
Volkswagen Ameo 1.5 TDI Highline Plus 16,2018,660000,25000,Diesel,Individual,Manual,First Owner,0–25k,7,26.4,New
Nissan Micra XL,2017,415000,48965,Petrol,Dealer,Manual,First Owner,25–50k,8,8.475441641989176,New
Ford Ecosport 1.5 Petrol Titanium Plus,2019,1100000,5166,Petrol,Dealer,Manual,Test Drive Car,0–25k,6,212.9307007355788,New
Mahindra XUV500 W8 4WD,2012,650000,76290,Diesel,Dealer,Manual,First Owner,75–100k,13,8.520120592476077,Old
Mahindra XUV500 AT W10 AWD,2016,969999,70000,Diesel,Individual,Automatic,Second Owner,50–75k,9,13.857128571428571,New
Mahindra XUV500 W10 2WD,2016,1250000,35000,Diesel,Individual,Manual,First Owner,25–50k,9,35.714285714285715,New
Maruti Swift Dzire AMT VDI,2017,715000,25000,Diesel,Individual,Automatic,First Owner,0–25k,8,28.6,New
Maruti Swift Dzire AMT VDI,2017,715000,25000,Diesel,Individual,Automatic,First Owner,0–25k,8,28.6,New
Maruti Swift VDI,2016,565000,47000,Diesel,Dealer,Manual,First Owner,25–50k,9,12.02127659574468,New
Mahindra Thar 4X4,2013,615000,45766,Diesel,Individual,Manual,Second Owner,25–50k,12,13.437923349211205,Old
Tata New Safari 4X4,2007,199000,78771,Diesel,Dealer,Manual,Second Owner,75–100k,18,2.5263104441990074,Old
Maruti Swift Vdi BSIII,2010,325000,79357,Diesel,Dealer,Manual,First Owner,75–100k,15,4.095416913441788,Old
Ford Figo Diesel EXI,2012,409999,28000,Diesel,Individual,Manual,First Owner,25–50k,13,14.642821428571429,Old
Hyundai Verna SX CRDi AT,2012,500000,72000,Diesel,Dealer,Automatic,Second Owner,50–75k,13,6.944444444444445,Old
Ford Figo Diesel LXI,2011,225000,76736,Diesel,Dealer,Manual,Second Owner,75–100k,14,2.9321309424520434,Old
Maruti Alto LX BSIII,2007,135000,70000,Petrol,Individual,Manual,Second Owner,50–75k,18,1.9285714285714286,Old
Renault Koleos 2.0 Diesel,2012,750000,80000,Diesel,Individual,Automatic,Second Owner,75–100k,13,9.375,Old
Maruti Wagon R LXI DUO BSIII,2009,155000,60000,LPG,Individual,Manual,Second Owner,50–75k,16,2.5833333333333335,Old
Volkswagen Polo Diesel Highline 1.2L,2012,335000,77000,Diesel,Dealer,Manual,Third Owner,75–100k,13,4.35064935064935,Old
Ford Ikon 1.8 D,2005,114999,92645,Diesel,Dealer,Manual,Fourth & Above Owner,75–100k,20,1.2412866317664202,Old
Mercedes-Benz New C-Class 200 CDI Classic,2007,699000,101849,Diesel,Dealer,Manual,Second Owner,100–150k,18,6.863101257744308,Old
Mahindra Bolero DI,2004,110000,120000,Diesel,Individual,Manual,Fourth & Above Owner,100–150k,21,0.9166666666666666,Old
Hyundai i20 Asta 1.2,2012,300000,80000,Petrol,Individual,Manual,First Owner,75–100k,13,3.75,Old
Mahindra Scorpio S4 4WD,2014,700000,70000,Diesel,Individual,Manual,Second Owner,50–75k,11,10.0,Old
Maruti Ertiga SHVS LDI Option,2017,700000,120000,Diesel,Individual,Manual,First Owner,100–150k,8,5.833333333333333,New
Maruti Alto 800 LXI,2013,210000,42000,Petrol,Individual,Manual,Third Owner,25–50k,12,5.0,Old
Maruti Ertiga VDI,2012,600000,120000,Diesel,Individual,Manual,Third Owner,100–150k,13,5.0,Old
Tata Manza Aura (ABS) Quadrajet BS IV,2012,180000,155836,Diesel,Individual,Manual,Second Owner,150–200k,13,1.1550604481634539,Old
Maruti Wagon R VXi BSII,2011,220000,59000,Petrol,Individual,Manual,Second Owner,50–75k,14,3.7288135593220337,Old
Chevrolet Spark 1.0 LT,2009,70000,60000,Petrol,Individual,Manual,First Owner,50–75k,16,1.1666666666666667,Old
Hyundai Creta 1.4 CRDi Base,2018,950000,70000,Diesel,Individual,Manual,Second Owner,50–75k,7,13.571428571428571,New
Ford Fiesta 1.5 TDCi Ambiente,2014,800000,20000,Diesel,Individual,Manual,First Owner,0–25k,11,40.0,Old
Mahindra XUV500 W8 4WD,2012,700000,120000,Diesel,Individual,Manual,Third Owner,100–150k,13,5.833333333333333,Old
Renault KWID 1.0,2016,265000,40000,Petrol,Individual,Manual,First Owner,25–50k,9,6.625,New
Volkswagen Polo Diesel Trendline 1.2L,2011,175000,90000,Diesel,Individual,Manual,Third Owner,75–100k,14,1.9444444444444444,Old
Mahindra Quanto C6,2012,260000,89000,Diesel,Individual,Manual,Second Owner,75–100k,13,2.9213483146067416,Old
Toyota Innova 2.5 VX (Diesel) 7 Seater,2013,950000,80000,Diesel,Individual,Manual,Third Owner,75–100k,12,11.875,Old
Maruti Swift Vdi BSIII,2009,250000,200000,Diesel,Individual,Manual,Fourth & Above Owner,150–200k,16,1.25,Old
Mahindra Scorpio S10 7 Seater,2015,630000,50000,Diesel,Individual,Manual,First Owner,25–50k,10,12.6,Old
Tata Nano LX SE,2012,35000,35000,Petrol,Individual,Manual,Third Owner,25–50k,13,1.0,Old
Renault Duster 85PS Diesel RxL,2013,450000,1000,Diesel,Dealer,Manual,Second Owner,0–25k,12,450.0,Old
Mercedes-Benz C-Class Progressive C 220d,2018,3800000,10000,Diesel,Dealer,Automatic,First Owner,0–25k,7,380.0,New
Audi A4 3.0 TDI Quattro,2013,1580000,86000,Diesel,Dealer,Automatic,First Owner,75–100k,12,18.372093023255815,Old
BMW X5 xDrive 30d xLine,2019,4950000,30000,Diesel,Dealer,Automatic,First Owner,25–50k,6,165.0,New
Hyundai Creta 1.6 CRDi SX,2016,535000,52600,Diesel,Individual,Manual,First Owner,50–75k,9,10.171102661596958,New
Maruti SX4 Vxi BSIV,2012,225000,110000,Petrol,Individual,Manual,Second Owner,100–150k,13,2.0454545454545454,Old
Hyundai Grand i10 1.2 Kappa Magna AT,2017,550000,19890,Petrol,Dealer,Automatic,First Owner,0–25k,8,27.65208647561589,New
Maruti Swift ZXI BSIV,2016,670000,7104,Petrol,Trustmark Dealer,Manual,First Owner,0–25k,9,94.31306306306307,New
Maruti Ertiga VXI,2015,625000,11918,Petrol,Trustmark Dealer,Manual,First Owner,0–25k,10,52.44168484645075,Old
Hyundai Grand i10 Magna AT,2017,520000,10510,Petrol,Dealer,Automatic,First Owner,0–25k,8,49.476688867745004,New
Chevrolet Beat LT Option,2016,239000,41000,Petrol,Dealer,Manual,First Owner,25–50k,9,5.829268292682927,New
Toyota Fortuner 4x2 AT,2017,2600000,47162,Diesel,Trustmark Dealer,Automatic,First Owner,25–50k,8,55.12912938382596,New
Maruti S-Cross Zeta DDiS 200 SH,2015,750000,45974,Diesel,Trustmark Dealer,Manual,First Owner,25–50k,10,16.313568538739286,Old
Hyundai i10 Magna,2012,229999,49824,Petrol,Dealer,Manual,First Owner,25–50k,13,4.616229126525369,Old
Audi A6 2.0 TDI Premium Plus,2013,1300000,58500,Diesel,Dealer,Automatic,First Owner,50–75k,12,22.22222222222222,Old
Hyundai Santro GS,2005,80000,56580,Petrol,Dealer,Manual,First Owner,50–75k,20,1.4139271827500883,Old
Skoda Laura Ambiente 2.0 TDI CR MT,2012,385000,52000,Diesel,Dealer,Manual,First Owner,50–75k,13,7.403846153846154,Old
Hyundai Verna 1.6 VTVT SX,2015,760000,55340,Petrol,Trustmark Dealer,Manual,First Owner,50–75k,10,13.733285146367907,Old
Maruti Swift Dzire VDI,2017,600000,46507,Diesel,Trustmark Dealer,Manual,First Owner,25–50k,8,12.901283677725933,New
Chevrolet Enjoy TCDi LS 8 Seater,2014,330000,200000,Diesel,Individual,Manual,Third Owner,150–200k,11,1.65,Old
Maruti Alto LXi,2009,150000,120000,Petrol,Individual,Manual,First Owner,100–150k,16,1.25,Old
Tata Indigo LS,2008,105000,90000,Diesel,Individual,Manual,First Owner,75–100k,17,1.1666666666666667,Old
Tata Indica Vista TDI LX,2013,185000,65000,Diesel,Individual,Manual,First Owner,50–75k,12,2.8461538461538463,Old
Fiat Grande Punto EVO 1.3 Active,2014,260000,50000,Diesel,Individual,Manual,First Owner,25–50k,11,5.2,Old
Maruti Swift Dzire VDi,2012,450000,33000,Diesel,Individual,Manual,First Owner,25–50k,13,13.636363636363637,Old
Maruti Swift VXI Deca,2016,500000,38000,Petrol,Individual,Manual,First Owner,25–50k,9,13.157894736842104,New
Maruti Alto K10 2010-2014 VXI,2012,260000,40000,Petrol,Individual,Manual,First Owner,25–50k,13,6.5,Old
Volkswagen Polo Diesel Trendline 1.2L,2012,265000,55000,Diesel,Individual,Manual,Second Owner,50–75k,13,4.818181818181818,Old
Mahindra Thar CRDe,2017,800000,26000,Diesel,Individual,Manual,Second Owner,25–50k,8,30.76923076923077,New
Tata Safari Storme VX Varicor 400,2016,869999,80000,Diesel,Individual,Manual,First Owner,75–100k,9,10.8749875,New
Maruti Baleno Alpha 1.2,2018,690000,40000,Petrol,Individual,Manual,First Owner,25–50k,7,17.25,New
Mitsubishi Pajero 2.8 SFX BSIV Dual Tone,2011,825000,120000,Diesel,Individual,Manual,First Owner,100–150k,14,6.875,Old
Maruti Alto LX BSIII,2006,160000,63230,Petrol,Individual,Manual,Second Owner,50–75k,19,2.5304444092993834,Old
Mahindra Scorpio 2.6 SLX CRDe,2006,300000,120000,Diesel,Individual,Manual,Second Owner,100–150k,19,2.5,Old
Maruti Wagon R VXI,2005,100000,100000,Petrol,Individual,Manual,Third Owner,75–100k,20,1.0,Old
Hyundai i20 Asta 1.4 CRDi,2015,530000,77000,Diesel,Individual,Manual,Second Owner,75–100k,10,6.883116883116883,Old
Maruti Swift VXI Optional,2016,360000,30000,Petrol,Individual,Manual,First Owner,25–50k,9,12.0,New
Maruti Swift 1.2 DLX,2015,220000,40000,Petrol,Individual,Manual,First Owner,25–50k,10,5.5,Old
Maruti Alto 800 LXI,2017,178000,35000,Petrol,Individual,Manual,First Owner,25–50k,8,5.085714285714285,New
Mahindra Thar DI 4X2,2018,515000,5000,Diesel,Individual,Manual,First Owner,0–25k,7,103.0,New
Maruti Ritz VXi,2014,300000,35000,Petrol,Individual,Manual,First Owner,25–50k,11,8.571428571428571,Old
Tata Indigo LS,2008,105000,90000,Diesel,Individual,Manual,First Owner,75–100k,17,1.1666666666666667,Old
Tata Indica Vista TDI LX,2013,185000,65000,Diesel,Individual,Manual,First Owner,50–75k,12,2.8461538461538463,Old
Tata Indica Vista Quadrajet LS,2012,150000,80000,Diesel,Individual,Manual,Second Owner,75–100k,13,1.875,Old
Fiat Grande Punto EVO 1.3 Active,2014,260000,50000,Diesel,Individual,Manual,First Owner,25–50k,11,5.2,Old
Maruti Swift Dzire VDi,2012,450000,33000,Diesel,Individual,Manual,First Owner,25–50k,13,13.636363636363637,Old
Maruti Swift VXI Deca,2016,500000,38000,Petrol,Individual,Manual,First Owner,25–50k,9,13.157894736842104,New
Maruti Alto K10 2010-2014 VXI,2012,260000,40000,Petrol,Individual,Manual,First Owner,25–50k,13,6.5,Old
Volkswagen Polo Diesel Trendline 1.2L,2012,265000,55000,Diesel,Individual,Manual,Second Owner,50–75k,13,4.818181818181818,Old
Tata Nexon 1.2 Revotron XZ Plus Dual Tone,2017,750000,15000,Petrol,Individual,Manual,First Owner,0–25k,8,50.0,New
Mahindra Thar CRDe,2017,800000,26000,Diesel,Individual,Manual,Second Owner,25–50k,8,30.76923076923077,New
Tata Safari Storme VX Varicor 400,2016,869999,80000,Diesel,Individual,Manual,First Owner,75–100k,9,10.8749875,New
Toyota Innova 2.5 G1 BSIV,2012,950000,80000,Diesel,Individual,Manual,First Owner,75–100k,13,11.875,Old
Maruti Baleno Alpha 1.2,2018,690000,40000,Petrol,Individual,Manual,First Owner,25–50k,7,17.25,New
Mitsubishi Pajero 2.8 SFX BSIV Dual Tone,2011,825000,120000,Diesel,Individual,Manual,First Owner,100–150k,14,6.875,Old
Maruti 800 Std,2013,170000,70000,Petrol,Individual,Manual,First Owner,50–75k,12,2.4285714285714284,Old
Maruti Alto LX BSIII,2006,160000,63230,Petrol,Individual,Manual,Second Owner,50–75k,19,2.5304444092993834,Old
Mahindra Scorpio 2.6 SLX CRDe,2006,300000,120000,Diesel,Individual,Manual,Second Owner,100–150k,19,2.5,Old
Datsun GO Plus A,2015,315000,45000,Petrol,Individual,Manual,Second Owner,25–50k,10,7.0,Old
Maruti 800 Std BSII,2006,90000,40000,Petrol,Individual,Manual,Second Owner,25–50k,19,2.25,Old
Maruti Wagon R VXI,2005,100000,100000,Petrol,Individual,Manual,Third Owner,75–100k,20,1.0,Old
Tata Indica GLS BS IV,2008,65000,110000,Petrol,Individual,Manual,Third Owner,100–150k,17,0.5909090909090909,Old
Hyundai Verna 1.6 CRDI,2012,312000,90000,Diesel,Individual,Manual,Second Owner,75–100k,13,3.466666666666667,Old
Maruti Vitara Brezza LDi,2018,700000,25000,Diesel,Individual,Manual,First Owner,0–25k,7,28.0,New
Hyundai Santro Xing XL eRLX Euro III,2005,150000,47000,Petrol,Individual,Manual,First Owner,25–50k,20,3.1914893617021276,Old
Renault Fluence 1.5,2013,450000,60000,Diesel,Individual,Manual,First Owner,50–75k,12,7.5,Old
Hyundai Verna Transform CRDi VGT ABS,2010,229999,120000,Diesel,Individual,Manual,Second Owner,100–150k,15,1.9166583333333334,Old
Maruti Swift Ldi BSIII,2008,111000,120000,Diesel,Individual,Manual,First Owner,100–150k,17,0.925,Old
Maruti Swift Dzire VDi,2012,250000,140000,Diesel,Individual,Manual,Second Owner,100–150k,13,1.7857142857142858,Old
Ford Freestyle Titanium Plus Diesel,2019,750000,1001,Diesel,Dealer,Manual,First Owner,0–25k,6,749.2507492507492,New
Ford Figo 1.5P Titanium AT,2017,774000,1758,Petrol,Dealer,Automatic,First Owner,0–25k,8,440.2730375426621,New
Ford Figo 1.5P Titanium AT,2018,711000,1452,Petrol,Dealer,Automatic,First Owner,0–25k,7,489.6694214876033,New
Ford Figo 1.5D Titanium MT,2017,600000,35122,Diesel,Dealer,Manual,First Owner,25–50k,8,17.083309606514437,New
Maruti Swift Dzire VDI,2015,455000,92621,Diesel,Dealer,Manual,First Owner,75–100k,10,4.912492847194481,Old
Datsun GO T Petrol,2015,225000,92198,Petrol,Dealer,Manual,Second Owner,75–100k,10,2.4404000086769777,Old
Maruti Swift Dzire VDI,2019,650000,5000,Diesel,Individual,Manual,First Owner,0–25k,6,130.0,New
Chevrolet Beat LT,2013,200000,50000,Petrol,Individual,Manual,First Owner,25–50k,12,4.0,Old
Hyundai Creta 1.6 CRDi AT SX Plus,2016,875000,74000,Diesel,Individual,Automatic,First Owner,50–75k,9,11.824324324324325,New
Skoda Rapid 1.5 TDI AT Ambition BSIV,2017,750000,40000,Diesel,Individual,Automatic,First Owner,25–50k,8,18.75,New
Maruti Swift Dzire AMT VDI,2019,725000,22000,Diesel,Individual,Automatic,First Owner,0–25k,6,32.95454545454545,New
Maruti Alto LXi,2007,100000,100000,Petrol,Individual,Manual,Second Owner,75–100k,18,1.0,Old
Tata Hexa XT,2019,1100000,40000,Diesel,Individual,Manual,First Owner,25–50k,6,27.5,New
Ford Endeavour 3.2 Titanium AT 4X4,2017,2700000,30000,Diesel,Individual,Automatic,First Owner,25–50k,8,90.0,New
Renault KWID RXT Optional,2016,280000,23000,Petrol,Individual,Manual,First Owner,0–25k,9,12.173913043478262,New
Tata Indica Vista Aqua TDI BSIII,2009,150000,30000,Diesel,Individual,Manual,First Owner,25–50k,16,5.0,Old
Tata Manza Aura Safire,2010,200000,50000,Petrol,Individual,Manual,First Owner,25–50k,15,4.0,Old
Maruti Ritz VDi,2010,148000,100000,Diesel,Individual,Manual,Second Owner,75–100k,15,1.48,Old
Maruti Swift Dzire VXi,2011,254999,70000,Petrol,Individual,Manual,Second Owner,50–75k,14,3.642842857142857,Old
Maruti Swift Dzire ZXI,2013,360000,60000,Petrol,Individual,Manual,Second Owner,50–75k,12,6.0,Old
Maruti Alto LX,2006,95000,90000,Petrol,Individual,Manual,Second Owner,75–100k,19,1.0555555555555556,Old
Mahindra Bolero SLE BSIII,2007,185000,230000,Diesel,Individual,Manual,Second Owner,200k+,18,0.8043478260869565,Old
Tata Indica Vista Quadrajet VX,2012,185000,40000,Diesel,Individual,Manual,First Owner,25–50k,13,4.625,Old
Renault KWID RXL,2019,300000,15000,Petrol,Individual,Manual,First Owner,0–25k,6,20.0,New
Hyundai Verna VTVT 1.6 SX,2018,800000,40000,Petrol,Individual,Manual,First Owner,25–50k,7,20.0,New
Maruti Zen LX,2000,60000,50000,Petrol,Individual,Manual,First Owner,25–50k,25,1.2,Old
Fiat Punto 1.2 Active,2010,80000,50000,Petrol,Individual,Manual,Second Owner,25–50k,15,1.6,Old
Hyundai Xcent 1.2 VTVT S,2018,500000,8000,Petrol,Individual,Manual,First Owner,0–25k,7,62.5,New
Hyundai EON Era Plus,2013,250000,35000,Petrol,Individual,Manual,First Owner,25–50k,12,7.142857142857143,Old
Tata New Safari DICOR 2.2 EX 4x2,2010,250000,80000,Diesel,Individual,Manual,First Owner,75–100k,15,3.125,Old
Maruti Wagon R LXI BSIII,2005,125000,50000,Petrol,Individual,Manual,Second Owner,25–50k,20,2.5,Old
Maruti Alto LXi BSII,2002,100000,80000,Petrol,Individual,Manual,Fourth & Above Owner,75–100k,23,1.25,Old
Mahindra Scorpio M2DI,2010,480000,90000,Diesel,Individual,Manual,First Owner,75–100k,15,5.333333333333333,Old
Mahindra KUV 100 G80 K2,2018,320000,30000,Petrol,Individual,Manual,Second Owner,25–50k,7,10.666666666666666,New
Maruti A-Star Vxi,2010,130000,70000,Petrol,Individual,Manual,Second Owner,50–75k,15,1.8571428571428572,Old
Tata Indica DLS,2006,57000,80000,Diesel,Individual,Manual,Second Owner,75–100k,19,0.7125,Old
Hyundai Santro GLS I - Euro I,2005,75000,60000,Petrol,Individual,Manual,First Owner,50–75k,20,1.25,Old
Maruti 800 DX,2003,60000,35000,Petrol,Individual,Manual,First Owner,25–50k,22,1.7142857142857142,Old
Maruti Alto LXi BSIII,2008,125000,70000,Petrol,Individual,Manual,First Owner,50–75k,17,1.7857142857142858,Old
Honda City 1.5 EXI S,2004,105000,100000,Petrol,Individual,Manual,Third Owner,75–100k,21,1.05,Old
Maruti Wagon R LXI DUO BSIII,2008,125000,152000,LPG,Individual,Manual,Second Owner,150–200k,17,0.8223684210526315,Old
Maruti Zen LXI,1998,69000,70000,Petrol,Individual,Manual,Second Owner,50–75k,27,0.9857142857142858,Old
Tata Indigo LX,2012,130000,90000,Diesel,Individual,Manual,Second Owner,75–100k,13,1.4444444444444444,Old
Maruti Baleno Zeta 1.2,2019,630000,40000,Petrol,Individual,Manual,First Owner,25–50k,6,15.75,New
Honda Amaze E i-VTEC,2016,330000,50000,Petrol,Individual,Manual,Second Owner,25–50k,9,6.6,New
Maruti Wagon R VXI BS IV,2014,340000,15000,Petrol,Individual,Manual,Second Owner,0–25k,11,22.666666666666668,Old
Hyundai Santro Xing XG eRLX Euro III,2006,60000,120000,Petrol,Individual,Manual,Third Owner,100–150k,19,0.5,Old
Tata Safari Storme EX,2014,550000,78322,Diesel,Individual,Manual,First Owner,75–100k,11,7.022292587012589,Old
Maruti Ertiga VDI,2014,480000,110000,Diesel,Individual,Manual,Second Owner,100–150k,11,4.363636363636363,Old
Hyundai Verna 1.6 SX CRDi (O),2013,315000,80000,Diesel,Individual,Manual,Second Owner,75–100k,12,3.9375,Old
Ford Fiesta Titanium 1.5 TDCi,2012,165000,120000,Diesel,Individual,Manual,First Owner,100–150k,13,1.375,Old
Chevrolet Beat LS,2016,170000,125000,Petrol,Individual,Manual,First Owner,100–150k,9,1.36,New
Maruti Baleno Delta 1.2,2018,550000,8000,Petrol,Individual,Manual,First Owner,0–25k,7,68.75,New
Volkswagen Ameo 1.2 MPI Trendline,2018,465000,13000,Petrol,Individual,Manual,First Owner,0–25k,7,35.76923076923077,New
Tata Indica Vista Quadrajet LX,2012,120000,80000,Diesel,Individual,Manual,Third Owner,75–100k,13,1.5,Old
Hyundai Verna 1.6 Xi ABS,2008,220000,54309,Petrol,Individual,Manual,First Owner,50–75k,17,4.050893958644055,Old
Ford Figo Diesel LXI,2011,180000,70000,Diesel,Individual,Manual,Second Owner,50–75k,14,2.5714285714285716,Old
Chevrolet Aveo 1.6 LT,2006,150000,34600,Petrol,Individual,Manual,Third Owner,25–50k,19,4.335260115606936,Old
Tata Zest Revotron 1.2T XMS,2016,520000,25000,Petrol,Individual,Manual,First Owner,0–25k,9,20.8,New
Tata Safari Storme EX,2013,430000,80000,Diesel,Individual,Manual,Third Owner,75–100k,12,5.375,Old
Mahindra Bolero DI DX 8 Seater,2009,300000,55000,Diesel,Individual,Manual,Second Owner,50–75k,16,5.454545454545454,Old
Hyundai Venue SX Opt Diesel,2020,1000000,5000,Diesel,Individual,Manual,First Owner,0–25k,5,200.0,New
Honda WR-V i-DTEC VX,2017,725000,30000,Diesel,Individual,Manual,First Owner,25–50k,8,24.166666666666668,New
Hyundai Verna 1.4 EX,2011,500000,31000,Diesel,Individual,Manual,First Owner,25–50k,14,16.129032258064516,Old
Maruti Wagon R LXI BS IV,2011,250000,50000,Petrol,Individual,Manual,First Owner,25–50k,14,5.0,Old
Maruti Swift Dzire VDI,2018,700000,38217,Diesel,Individual,Manual,First Owner,25–50k,7,18.31645602742235,New
Ford Figo Petrol ZXI,2011,185000,50000,Petrol,Individual,Manual,Third Owner,25–50k,14,3.7,Old
Maruti Ritz VDi,2011,200000,120000,Diesel,Individual,Manual,First Owner,100–150k,14,1.6666666666666667,Old
Mahindra Bolero DI,2004,315000,110000,Diesel,Individual,Manual,Third Owner,100–150k,21,2.8636363636363638,Old
Tata Hexa XT,2019,1100000,40000,Diesel,Individual,Manual,First Owner,25–50k,6,27.5,New
Hyundai Santro LP zipPlus,2001,52000,50000,Petrol,Individual,Manual,Third Owner,25–50k,24,1.04,Old
Hyundai i20 Active 1.2 S,2017,600000,10000,Petrol,Individual,Manual,First Owner,0–25k,8,60.0,New
Tata Harrier XZ BSIV,2019,1700000,10000,Diesel,Individual,Manual,First Owner,0–25k,6,170.0,New
Nissan Terrano XL Plus 85 PS,2015,451000,100000,Diesel,Individual,Manual,First Owner,75–100k,10,4.51,Old
Mahindra KUV 100 mFALCON G80 K8 5str,2016,370000,60000,Petrol,Individual,Manual,First Owner,50–75k,9,6.166666666666667,New
Ford Endeavour 3.2 Titanium AT 4X4,2017,2700000,30000,Diesel,Individual,Automatic,First Owner,25–50k,8,90.0,New
Renault KWID RXT Optional,2016,280000,23000,Petrol,Individual,Manual,First Owner,0–25k,9,12.173913043478262,New
Maruti Wagon R VXI BS IV,2017,350000,30000,Petrol,Individual,Manual,First Owner,25–50k,8,11.666666666666666,New
Hyundai i10 Sportz,2011,250000,50000,Petrol,Individual,Manual,First Owner,25–50k,14,5.0,Old
Maruti Alto 800 LXI,2014,204999,25000,Petrol,Individual,Manual,Second Owner,0–25k,11,8.19996,Old
Maruti Ignis 1.2 Delta BSIV,2019,500000,15000,Petrol,Individual,Manual,First Owner,0–25k,6,33.333333333333336,New
Tata Indica Vista Aqua TDI BSIII,2009,150000,30000,Diesel,Individual,Manual,First Owner,25–50k,16,5.0,Old
Chevrolet Spark 1.0 LS,2010,175000,45000,Petrol,Individual,Manual,Second Owner,25–50k,15,3.888888888888889,Old
Chevrolet Spark 1.0 LS,2009,170000,44800,Petrol,Individual,Manual,Second Owner,25–50k,16,3.794642857142857,Old
Tata Manza Aura Safire,2010,200000,50000,Petrol,Individual,Manual,First Owner,25–50k,15,4.0,Old
Hyundai Creta 1.4 E Plus,2018,800000,52000,Diesel,Individual,Manual,First Owner,50–75k,7,15.384615384615385,New
Tata Hexa XTA,2017,1200000,50000,Diesel,Individual,Automatic,First Owner,25–50k,8,24.0,New
Toyota Corolla Altis 1.8 J,2008,400000,35000,Petrol,Individual,Manual,Second Owner,25–50k,17,11.428571428571429,Old
Maruti Ritz VDi,2010,148000,100000,Diesel,Individual,Manual,Second Owner,75–100k,15,1.48,Old
Tata Manza Club Class Quadrajet90 LS,2014,200000,100000,Diesel,Individual,Manual,First Owner,75–100k,11,2.0,Old
Maruti Swift Dzire VDI,2016,284000,40000,Diesel,Individual,Manual,Second Owner,25–50k,9,7.1,New
Maruti Wagon R VXI Minor,2007,80000,60000,Petrol,Individual,Manual,Third Owner,50–75k,18,1.3333333333333333,Old
Chevrolet Beat PS,2014,170000,77000,Petrol,Individual,Manual,First Owner,75–100k,11,2.207792207792208,Old
Hyundai Accent Executive,2011,150000,60000,Petrol,Individual,Manual,First Owner,50–75k,14,2.5,Old
Tata Manza Aura (ABS) Safire BS IV,2010,110000,77073,Petrol,Individual,Manual,Second Owner,75–100k,15,1.427218351433057,Old
Ford Figo Aspire 1.5 TDCi Titanium,2016,400000,70000,Diesel,Individual,Manual,First Owner,50–75k,9,5.714285714285714,New
Hyundai i10 Magna LPG,2013,275000,90000,LPG,Individual,Manual,Second Owner,75–100k,12,3.0555555555555554,Old
Toyota Innova 2.5 G (Diesel) 7 Seater,2013,800000,186000,Diesel,Individual,Manual,Third Owner,150–200k,12,4.301075268817204,Old
Mahindra Scorpio M2DI,2014,550000,90000,Diesel,Individual,Manual,First Owner,75–100k,11,6.111111111111111,Old
Maruti Alto LX BSIII,2007,125000,100000,Petrol,Individual,Manual,Second Owner,75–100k,18,1.25,Old
Chevrolet Beat LT,2010,135000,80000,Petrol,Individual,Manual,Second Owner,75–100k,15,1.6875,Old
Mahindra Scorpio LX BSIV,2012,349000,150000,Diesel,Individual,Manual,First Owner,100–150k,13,2.3266666666666667,Old
Maruti Swift VDI BSIV,2014,458000,80000,Diesel,Individual,Manual,First Owner,75–100k,11,5.725,Old
Maruti Alto K10 VXI,2018,300000,35000,Petrol,Individual,Manual,First Owner,25–50k,7,8.571428571428571,New
Maruti Alto LXi,2008,95000,70000,Petrol,Individual,Manual,First Owner,50–75k,17,1.3571428571428572,Old
Maruti S-Cross Zeta DDiS 200 SH,2018,850000,50000,Diesel,Individual,Manual,First Owner,25–50k,7,17.0,New
Ford Freestyle Titanium Diesel,2019,750000,25000,Diesel,Individual,Manual,First Owner,0–25k,6,30.0,New
Ford Figo Diesel Celebration Edition,2013,190000,120000,Diesel,Individual,Manual,First Owner,100–150k,12,1.5833333333333333,Old
Maruti Wagon R LXI Minor,2009,150000,70000,Petrol,Individual,Manual,First Owner,50–75k,16,2.142857142857143,Old
Hyundai Accent GLE,2009,114999,106000,Petrol,Individual,Manual,Third Owner,100–150k,16,1.0848962264150943,Old
Toyota Innova 2.0 VX 7 Seater,2010,320000,120000,Petrol,Individual,Manual,Third Owner,100–150k,15,2.6666666666666665,Old
Maruti Alto 800 CNG LXI Optional,2019,300000,120000,CNG,Individual,Manual,First Owner,100–150k,6,2.5,New
Maruti Ritz LXi,2016,275000,160000,Petrol,Individual,Manual,First Owner,150–200k,9,1.71875,New
Chevrolet Aveo 1.6 LT with ABS,2010,140000,120000,Petrol,Individual,Manual,Second Owner,100–150k,15,1.1666666666666667,Old
Tata Altroz XZ,2020,830000,10000,Petrol,Individual,Manual,First Owner,0–25k,5,83.0,New
Volkswagen Polo SR Petrol 1.2L,2013,380000,50000,Petrol,Individual,Manual,First Owner,25–50k,12,7.6,Old
Hyundai i10 Magna 1.2,2010,150000,90000,Petrol,Individual,Manual,Second Owner,75–100k,15,1.6666666666666667,Old
Chevrolet Spark 1.0 LS,2008,50000,70000,Petrol,Individual,Manual,First Owner,50–75k,17,0.7142857142857143,Old
Mahindra Bolero SLX,2008,155000,100000,Diesel,Individual,Manual,First Owner,75–100k,17,1.55,Old
Mahindra Bolero SLX,2008,155000,100000,Diesel,Individual,Manual,First Owner,75–100k,17,1.55,Old
Skoda Superb 1.8 TFSI MT,2010,300000,80000,Petrol,Individual,Manual,First Owner,75–100k,15,3.75,Old
Maruti Alto 800 LXI,2018,300000,16584,Petrol,Dealer,Manual,First Owner,0–25k,7,18.08972503617945,New
Tata Tiago 2019-2020 XE Diesel,2016,385000,38000,Diesel,Dealer,Manual,First Owner,25–50k,9,10.131578947368421,New
Maruti Wagon R LXI,2010,221000,51000,Petrol,Dealer,Manual,First Owner,50–75k,15,4.333333333333333,Old
Tata Tiago 1.05 Revotorq XE,2016,381000,38000,Diesel,Dealer,Manual,First Owner,25–50k,9,10.026315789473685,New
Maruti Alto 800 LXI,2015,250999,35000,Petrol,Dealer,Manual,First Owner,25–50k,10,7.1714,Old
Hyundai Santro LS zipPlus,2002,60000,120000,Petrol,Individual,Manual,Third Owner,100–150k,23,0.5,Old
Tata Tiago 1.05 Revotorq XE,2016,380000,38000,Diesel,Dealer,Manual,First Owner,25–50k,9,10.0,New
Skoda Laura L n K 1.9 PD,2008,180000,144000,Diesel,Individual,Manual,Third Owner,100–150k,17,1.25,Old
Maruti Ciaz ZDi Plus,2017,751000,64000,Diesel,Dealer,Manual,First Owner,50–75k,8,11.734375,New
Mahindra XUV500 AT W10 FWD,2015,1250000,60000,Diesel,Dealer,Automatic,First Owner,50–75k,10,20.833333333333332,Old
Hyundai EON 1.0 Era Plus,2014,229999,65000,Petrol,Dealer,Manual,First Owner,50–75k,11,3.538446153846154,Old
Tata Safari Storme EX,2019,1250000,24000,Diesel,Individual,Manual,First Owner,0–25k,6,52.083333333333336,New
Mahindra Scorpio VLX 2WD BSIV,2014,782000,58000,Diesel,Dealer,Manual,Second Owner,50–75k,11,13.482758620689655,Old
Mahindra Scorpio VLX 2.2 mHawk Airbag BSIV,2014,780000,58000,Diesel,Dealer,Manual,Second Owner,50–75k,11,13.448275862068966,Old
Maruti Alto 800 LXI,2016,245000,68000,Petrol,Dealer,Manual,First Owner,50–75k,9,3.6029411764705883,New
Hyundai i20 1.4 CRDi Sportz,2011,321000,81257,Diesel,Dealer,Manual,First Owner,75–100k,14,3.950428886126734,Old
Hyundai Grand i10 1.2 CRDi Sportz Option,2017,509999,44000,Diesel,Dealer,Manual,First Owner,25–50k,8,11.590886363636363,New
Tata Nano CX SE,2015,110000,45000,Petrol,Dealer,Manual,First Owner,25–50k,10,2.4444444444444446,Old
Volkswagen Polo Diesel Highline 1.2L,2013,400000,75000,Diesel,Dealer,Manual,First Owner,50–75k,12,5.333333333333333,Old
Maruti Swift VXI,2013,370000,90000,Petrol,Individual,Manual,First Owner,75–100k,12,4.111111111111111,Old
Hyundai Verna CRDi ABS,2007,175000,80000,Diesel,Individual,Manual,Second Owner,75–100k,18,2.1875,Old
Mercedes-Benz E-Class 230,1998,1000000,35000,Petrol,Individual,Automatic,Second Owner,25–50k,27,28.571428571428573,Old
Maruti Alto 800 LXI,2013,92800,25000,Petrol,Individual,Manual,Second Owner,0–25k,12,3.712,Old
Tata Xenon XT EX 4X2,2014,291000,90000,Diesel,Individual,Manual,First Owner,75–100k,11,3.2333333333333334,Old
Maruti Alto 800 LXI,2013,92800,25000,Petrol,Individual,Manual,Second Owner,0–25k,12,3.712,Old
Hyundai Verna 1.6 SX CRDi (O),2013,335000,110000,Diesel,Individual,Manual,Third Owner,100–150k,12,3.0454545454545454,Old
Maruti Omni 8 Seater BSIV,2013,170000,35000,Petrol,Individual,Manual,First Owner,25–50k,12,4.857142857142857,Old
Maruti Alto 800 LXI,2019,295000,10000,Petrol,Individual,Manual,First Owner,0–25k,6,29.5,New
Renault KWID RXL,2019,375000,10000,Petrol,Individual,Manual,First Owner,0–25k,6,37.5,New
Hyundai EON Era Plus,2012,215000,70000,Petrol,Individual,Manual,Second Owner,50–75k,13,3.0714285714285716,Old
Ford Fiesta 1.4 ZXi TDCi ABS,2009,150000,110000,Diesel,Individual,Manual,Second Owner,100–150k,16,1.3636363636363635,Old
Maruti Alto LXI,2003,60000,5000,Petrol,Individual,Manual,Second Owner,0–25k,22,12.0,Old
Maruti Alto LX,2006,52000,120000,Petrol,Individual,Manual,Third Owner,100–150k,19,0.43333333333333335,Old
Maruti Omni LPG CARGO BSIII W IMMOBILISER,2009,80000,90000,LPG,Individual,Manual,Second Owner,75–100k,16,0.8888888888888888,Old
Maruti Alto LX,2012,140000,70000,Petrol,Individual,Manual,Second Owner,50–75k,13,2.0,Old
Hyundai Verna i (Petrol),2008,120000,90000,Petrol,Individual,Manual,Second Owner,75–100k,17,1.3333333333333333,Old
Ford Fiesta Classic 1.4 SXI Duratorq,2006,110000,120000,Diesel,Individual,Manual,Third Owner,100–150k,19,0.9166666666666666,Old
Tata New Safari Dicor EX 4X2 BS IV,2012,280000,110000,Diesel,Individual,Manual,Fourth & Above Owner,100–150k,13,2.5454545454545454,Old
Toyota Etios VD,2016,450000,50000,Diesel,Individual,Manual,Second Owner,25–50k,9,9.0,New
Mahindra XUV500 W7,2018,1150000,58000,Diesel,Individual,Manual,First Owner,50–75k,7,19.82758620689655,New
Maruti Baleno Delta 1.3,2018,650000,15000,Diesel,Individual,Manual,First Owner,0–25k,7,43.333333333333336,New
Tata Zest Revotron 1.2T XE,2015,300000,60000,Petrol,Individual,Manual,Second Owner,50–75k,10,5.0,Old
Tata Nano Twist XT,2015,73000,57000,Petrol,Individual,Manual,First Owner,50–75k,10,1.280701754385965,Old
Maruti Swift VDI BSIV,2015,400000,87000,Diesel,Individual,Manual,Third Owner,75–100k,10,4.597701149425287,Old
Renault KWID 1.0 RXT Optional,2017,300000,70000,Petrol,Individual,Manual,First Owner,50–75k,8,4.285714285714286,New
Maruti Wagon R AX,2012,300000,30000,Petrol,Individual,Automatic,Second Owner,25–50k,13,10.0,Old
Maruti Swift Dzire VDI,2012,450000,80000,Diesel,Individual,Manual,First Owner,75–100k,13,5.625,Old
Hyundai Santro Xing GLS,2009,200000,100000,Petrol,Individual,Manual,Second Owner,75–100k,16,2.0,Old
Maruti Swift VXI,2019,580000,40000,Petrol,Individual,Manual,First Owner,25–50k,6,14.5,New
Hyundai Grand i10 1.2 Kappa Asta,2017,550000,3917,Petrol,Individual,Manual,First Owner,0–25k,8,140.4135818228236,New
Mahindra Scorpio SLX 2.6 Turbo 8 Str,2007,190000,160000,Diesel,Individual,Manual,Second Owner,150–200k,18,1.1875,Old
Tata Tiago 1.05 Revotorq XT Option,2017,450000,35000,Diesel,Individual,Manual,First Owner,25–50k,8,12.857142857142858,New
Chevrolet Spark 1.0 LS,2014,220000,70000,Petrol,Individual,Manual,First Owner,50–75k,11,3.142857142857143,Old
Maruti SX4 ZXI MT BSIV,2012,310000,69069,Petrol,Dealer,Manual,First Owner,50–75k,13,4.488265357830575,Old
Hyundai Elite i20 Sportz Plus BSIV,2019,650000,13500,Petrol,Individual,Manual,First Owner,0–25k,6,48.148148148148145,New
Maruti Wagon R Stingray VXI,2014,300000,59059,Petrol,Dealer,Manual,First Owner,50–75k,11,5.07966609661525,Old
Hyundai Accent Executive,2013,200000,70000,Petrol,Individual,Manual,First Owner,50–75k,12,2.857142857142857,Old
Honda Brio S MT,2012,285000,39039,Petrol,Dealer,Manual,First Owner,25–50k,13,7.300391915776531,Old
Honda Brio Exclusive Edition,2014,335000,33033,Petrol,Dealer,Manual,First Owner,25–50k,11,10.141373777737414,Old
Hyundai Verna Transform SX VTVT,2011,370000,55168,Petrol,Individual,Manual,Second Owner,50–75k,14,6.7067865429234335,Old
Hyundai i20 1.2 Sportz,2013,375000,41041,Petrol,Dealer,Manual,First Owner,25–50k,12,9.137204259155478,Old
Hyundai i10 Magna,2009,235000,67067,Petrol,Dealer,Manual,First Owner,50–75k,16,3.5039587278393247,Old
Hyundai i10 Sportz 1.2 AT,2013,345000,66066,Petrol,Dealer,Automatic,First Owner,50–75k,12,5.222050676596131,Old
Mahindra Quanto C8,2013,365000,82082,Diesel,Dealer,Manual,First Owner,75–100k,12,4.446772739455667,Old
Hyundai Grand i10 Sportz,2014,400000,48000,Petrol,Individual,Manual,First Owner,25–50k,11,8.333333333333334,Old
Hyundai EON D Lite Plus,2015,250000,30000,Petrol,Individual,Manual,First Owner,25–50k,10,8.333333333333334,Old
Hyundai Verna SX CRDi AT,2012,465000,70070,Diesel,Dealer,Automatic,First Owner,50–75k,13,6.636220921935208,Old
Renault KWID RXT,2017,300000,10000,Petrol,Individual,Manual,First Owner,0–25k,8,30.0,New
Maruti Swift Dzire ZXI 1.2 BS IV,2018,655000,25000,Petrol,Individual,Manual,First Owner,0–25k,7,26.2,New
Maruti Wagon R LXI CNG,2016,350000,30000,CNG,Individual,Manual,Second Owner,25–50k,9,11.666666666666666,New
Hyundai i10 Sportz 1.2 AT,2015,500000,50000,Petrol,Dealer,Automatic,First Owner,25–50k,10,10.0,Old
Hyundai Grand i10 AT Asta,2015,465000,63063,Petrol,Dealer,Automatic,First Owner,50–75k,10,7.373578802150231,Old
Maruti Swift VDi BSIII W/ ABS,2008,263000,70000,Diesel,Individual,Manual,First Owner,50–75k,17,3.757142857142857,Old
Maruti Omni MPI STD BSIV,2012,250000,90000,Petrol,Individual,Manual,First Owner,75–100k,13,2.7777777777777777,Old
Hyundai Accent GLE 1,1999,60000,90000,Petrol,Individual,Manual,Fourth & Above Owner,75–100k,26,0.6666666666666666,Old
Hyundai Getz GLX,2005,70000,90000,Petrol,Individual,Manual,Third Owner,75–100k,20,0.7777777777777778,Old
Chevrolet Sail Hatchback 1.2 LS,2016,250000,30000,Petrol,Individual,Manual,First Owner,25–50k,9,8.333333333333334,New
Hyundai EON Magna Plus,2016,229999,80000,Petrol,Individual,Manual,First Owner,75–100k,9,2.8749875,New
Chevrolet Optra Magnum 2.0 LS,2011,195000,120000,Diesel,Individual,Manual,First Owner,100–150k,14,1.625,Old
Datsun RediGO S,2016,270000,22000,Petrol,Individual,Manual,First Owner,0–25k,9,12.272727272727273,New
Honda WR-V i-DTEC VX,2017,650000,140000,Diesel,Individual,Manual,First Owner,100–150k,8,4.642857142857143,New
Hyundai i20 Asta 1.4 CRDi,2014,370000,80000,Diesel,Individual,Manual,Second Owner,75–100k,11,4.625,Old
Maruti Swift VDI Optional,2016,509999,40000,Diesel,Individual,Manual,First Owner,25–50k,9,12.749975,New
Maruti Zen Estilo VXI BSIV,2011,280000,33000,Petrol,Individual,Manual,First Owner,25–50k,14,8.484848484848484,Old
Maruti A-Star Vxi,2010,180000,40000,Petrol,Individual,Manual,First Owner,25–50k,15,4.5,Old
Renault KWID 1.0 RXT Optional,2018,300000,10500,Petrol,Individual,Manual,First Owner,0–25k,7,28.571428571428573,New
Mahindra Bolero 2011-2019 SLX,2013,400000,107000,Diesel,Individual,Manual,First Owner,100–150k,12,3.7383177570093458,Old
Hyundai i10 Sportz 1.2,2010,210000,60000,Petrol,Individual,Manual,Second Owner,50–75k,15,3.5,Old
Hyundai Santro Xing XG eRLX Euro III,2006,90000,120000,Petrol,Individual,Manual,Second Owner,100–150k,19,0.75,Old
Maruti Wagon R LXI BS IV,2010,222000,70000,Petrol,Individual,Manual,First Owner,50–75k,15,3.1714285714285713,Old
Maruti Alto 800 LXI,2015,240000,50000,Petrol,Individual,Manual,Second Owner,25–50k,10,4.8,Old
Toyota Etios Liva GD,2013,450000,70000,Diesel,Individual,Manual,Second Owner,50–75k,12,6.428571428571429,Old
Ford Ecosport 1.5 Petrol Ambiente,2017,650000,6000,Petrol,Individual,Manual,First Owner,0–25k,8,108.33333333333333,New
Hyundai Verna SX Diesel,2010,200000,78000,Diesel,Dealer,Manual,Second Owner,75–100k,15,2.5641025641025643,Old
Hyundai Verna SX Diesel,2011,210000,72000,Diesel,Dealer,Manual,Third Owner,50–75k,14,2.9166666666666665,Old
Tata Nano Cx BSIV,2011,75000,9528,Petrol,Dealer,Manual,First Owner,0–25k,14,7.871536523929471,Old
Toyota Innova 2.5 G (Diesel) 8 Seater,2011,450000,135200,Diesel,Dealer,Manual,First Owner,100–150k,14,3.328402366863905,Old
Hyundai i20 1.2 Sportz,2011,220000,58000,Petrol,Dealer,Manual,Second Owner,50–75k,14,3.793103448275862,Old
Hyundai i20 Magna 1.4 CRDi (Diesel),2013,325000,78000,Diesel,Dealer,Manual,Second Owner,75–100k,12,4.166666666666667,Old
Tata Zest Revotron 1.2T XE,2018,450000,45000,Petrol,Individual,Manual,First Owner,25–50k,7,10.0,New
Ford EcoSport 1.5 Diesel Titanium Plus BSIV,2017,825000,35000,Diesel,Individual,Manual,First Owner,25–50k,8,23.571428571428573,New
Hyundai Accent GLS,2007,125000,76000,Petrol,Dealer,Manual,Third Owner,75–100k,18,1.644736842105263,Old
Mahindra Xylo D2 BS IV,2015,434999,100000,Diesel,Individual,Manual,Third Owner,75–100k,10,4.34999,Old
Mahindra Scorpio SLE BSIV,2011,484999,99000,Diesel,Individual,Manual,Second Owner,75–100k,14,4.8989797979797975,Old
Maruti Ritz VDi,2009,175000,80000,Diesel,Individual,Manual,Third Owner,75–100k,16,2.1875,Old
Honda Civic 1.8 S MT,2006,220000,120000,Petrol,Individual,Manual,Third Owner,100–150k,19,1.8333333333333333,Old
Honda BR-V i-VTEC VX MT,2020,1250000,1100,Petrol,Dealer,Manual,First Owner,0–25k,5,1136.3636363636363,New
Maruti Omni E MPI STD BS IV,2017,215000,34000,Petrol,Dealer,Manual,First Owner,25–50k,8,6.323529411764706,New
Mahindra XUV500 W6 2WD,2014,625000,68000,Diesel,Dealer,Manual,First Owner,50–75k,11,9.191176470588236,Old
Ford EcoSport 1.5 Diesel Titanium BSIV,2018,615000,15000,Diesel,Individual,Manual,First Owner,0–25k,7,41.0,New
Chevrolet Beat Diesel PS,2012,130000,58000,Diesel,Dealer,Manual,First Owner,50–75k,13,2.2413793103448274,Old
Tata Indigo CS eLX BS IV,2013,175000,50300,Diesel,Individual,Manual,First Owner,50–75k,12,3.479125248508946,Old
Tata Indigo CR4,2011,150000,70000,Diesel,Individual,Manual,Second Owner,50–75k,14,2.142857142857143,Old
Tata Indica Vista TDI LS,2011,195000,60000,Diesel,Individual,Manual,Third Owner,50–75k,14,3.25,Old
Maruti Ertiga 1.5 VDI,2020,550000,90000,Diesel,Individual,Manual,First Owner,75–100k,5,6.111111111111111,New
Isuzu D-Max V-Cross Standard,2018,1500000,40000,Diesel,Individual,Manual,First Owner,25–50k,7,37.5,New
Skoda Superb 1.8 TFSI MT,2010,400000,80000,Petrol,Individual,Manual,Second Owner,75–100k,15,5.0,Old
Nissan Kicks XV Premium D BSIV,2019,1350000,15000,Diesel,Individual,Manual,First Owner,0–25k,6,90.0,New
Maruti Swift 1.2 DLX,2015,217000,45000,Petrol,Individual,Manual,First Owner,25–50k,10,4.822222222222222,Old
Maruti Swift VDI BSIV,2011,290000,130000,Diesel,Individual,Manual,Second Owner,100–150k,14,2.230769230769231,Old
Mahindra Bolero Power Plus SLX,2018,700000,80000,Diesel,Individual,Manual,First Owner,75–100k,7,8.75,New
Maruti Alto 800 Base,2014,175000,40000,Petrol,Individual,Manual,First Owner,25–50k,11,4.375,Old
Volkswagen Ameo 1.5 TDI Highline 16 Alloy,2017,575000,80000,Diesel,Individual,Manual,First Owner,75–100k,8,7.1875,New
Maruti Ritz LDi,2016,380000,100000,Diesel,Individual,Manual,Second Owner,75–100k,9,3.8,New
Mahindra Xylo D4 BSIV,2013,350000,151624,Diesel,Individual,Manual,Second Owner,150–200k,12,2.3083416873318208,Old
Renault Duster 85PS Diesel RxL Optional,2012,450000,160000,Diesel,Individual,Manual,First Owner,150–200k,13,2.8125,Old
Hyundai Santro AT CNG,2005,130000,110000,CNG,Individual,Manual,Second Owner,100–150k,20,1.1818181818181819,Old
Maruti Swift VDI BSIV,2015,320000,74820,Diesel,Individual,Manual,First Owner,50–75k,10,4.276931301790965,Old
Mahindra XUV500 W6 2WD,2014,550000,82000,Diesel,Individual,Manual,First Owner,75–100k,11,6.7073170731707314,Old
Maruti Wagon R VXI BS IV,2015,370000,50000,Petrol,Individual,Manual,Second Owner,25–50k,10,7.4,Old
Chevrolet Beat LT,2010,114999,70000,Petrol,Individual,Manual,Second Owner,50–75k,15,1.642842857142857,Old
Ford Ecosport Sports Petrol,2020,1100000,1000,Petrol,Individual,Manual,First Owner,0–25k,5,1100.0,New
Hyundai Tucson CRDi,2006,170000,170000,Diesel,Individual,Manual,First Owner,150–200k,19,1.0,Old
Tata Indigo TDI,2008,80000,150000,Diesel,Individual,Manual,Third Owner,100–150k,17,0.5333333333333333,Old
Ford EcoSport 1.5 Diesel Titanium BSIV,2019,950000,17000,Diesel,Individual,Manual,First Owner,0–25k,6,55.88235294117647,New
Maruti Swift Dzire VDI,2014,425000,150000,Diesel,Individual,Manual,First Owner,100–150k,11,2.8333333333333335,Old
Hyundai i20 Asta Option 1.4 CRDi,2015,500000,80000,Diesel,Individual,Manual,First Owner,75–100k,10,6.25,Old
Hyundai Santro Xing XG eRLX Euro III,2005,70000,170000,Petrol,Individual,Manual,Third Owner,150–200k,20,0.4117647058823529,Old
Honda Amaze S i-Dtech,2013,349000,120000,Diesel,Individual,Manual,First Owner,100–150k,12,2.908333333333333,Old
Hyundai i20 1.2 Sportz,2012,330000,90000,Petrol,Individual,Manual,Third Owner,75–100k,13,3.6666666666666665,Old
Hyundai Santro Xing GLS,2010,120000,90000,Petrol,Individual,Manual,Third Owner,75–100k,15,1.3333333333333333,Old
Hyundai Verna 1.6 SX CRDi (O),2013,430000,100000,Diesel,Individual,Manual,Second Owner,75–100k,12,4.3,Old
Maruti Swift VDI BSIV,2014,390000,90000,Diesel,Individual,Manual,First Owner,75–100k,11,4.333333333333333,Old
Nissan Micra Diesel XV Primo,2012,225000,129000,Diesel,Individual,Manual,First Owner,100–150k,13,1.744186046511628,Old
Mahindra Scorpio VLS AT 2.2 mHAWK,2010,350000,186000,Diesel,Individual,Automatic,Second Owner,150–200k,15,1.881720430107527,Old
Tata Sumo LX,2009,100000,66778,Diesel,Individual,Manual,First Owner,50–75k,16,1.497499176375453,Old
Hyundai EON Era Plus,2014,190000,50000,Petrol,Individual,Manual,First Owner,25–50k,11,3.8,Old
Hyundai i20 Sportz 1.4 CRDi,2014,315000,110000,Diesel,Individual,Manual,Second Owner,100–150k,11,2.8636363636363638,Old
Hyundai Grand i10 CRDi Magna,2015,300000,60000,Diesel,Individual,Manual,Second Owner,50–75k,10,5.0,Old
Renault KWID RXT,2016,280000,40000,Petrol,Individual,Manual,First Owner,25–50k,9,7.0,New
Hyundai Tucson 2.0 e-VGT 2WD MT,2017,1650000,55000,Diesel,Dealer,Manual,First Owner,50–75k,8,30.0,New
Hyundai EON Era Plus,2015,295000,21000,Petrol,Dealer,Manual,Second Owner,0–25k,10,14.047619047619047,Old
Jaguar XF 5.0 Litre V8 Petrol,2012,2050000,66363,Petrol,Dealer,Automatic,Second Owner,50–75k,13,30.890707171164657,Old
Hyundai Creta 1.6 VTVT AT SX Plus,2018,1475000,11700,Petrol,Dealer,Automatic,First Owner,0–25k,7,126.06837606837607,New
Hyundai Verna VTVT 1.6 AT SX Option,2017,1100000,10000,Petrol,Individual,Automatic,First Owner,0–25k,8,110.0,New
Mercedes-Benz GL-Class 350 CDI Blue Efficiency,2014,4400000,100000,Diesel,Individual,Automatic,Second Owner,75–100k,11,44.0,Old
Maruti Swift ZXI BSIV,2016,670000,7104,Petrol,Trustmark Dealer,Manual,First Owner,0–25k,9,94.31306306306307,New
Maruti S-Cross Zeta DDiS 200 SH,2015,750000,45974,Diesel,Trustmark Dealer,Manual,First Owner,25–50k,10,16.313568538739286,Old
Hyundai Verna 1.6 VTVT SX,2015,760000,55340,Petrol,Trustmark Dealer,Manual,First Owner,50–75k,10,13.733285146367907,Old
Volkswagen Polo GTI,2017,850000,20000,Petrol,Dealer,Automatic,Second Owner,0–25k,8,42.5,New
Renault Pulse RxL,2015,390000,61585,Diesel,Trustmark Dealer,Manual,First Owner,50–75k,10,6.332710887391411,Old
Maruti Celerio VXI AMT BSIV,2016,450000,39415,Petrol,Trustmark Dealer,Automatic,Second Owner,25–50k,9,11.41697323354053,New
Honda Brio V MT,2014,425000,29654,Petrol,Trustmark Dealer,Manual,First Owner,25–50k,11,14.331961961286842,Old
Maruti Baleno Alpha 1.3,2016,770000,64672,Diesel,Trustmark Dealer,Manual,First Owner,50–75k,9,11.906234537357744,New
Hyundai Creta 1.6 SX Automatic Diesel,2015,1150000,54634,Diesel,Trustmark Dealer,Automatic,Second Owner,50–75k,10,21.049163524545154,Old
Honda City i VTEC V,2015,775000,66521,Petrol,Trustmark Dealer,Manual,First Owner,50–75k,10,11.650456246899475,Old
Hyundai Elite i20 Asta Option CVT BSIV,2019,720000,3000,Petrol,Individual,Automatic,First Owner,0–25k,6,240.0,New
Toyota Innova Crysta 2.4 GX AT,2018,1725000,23974,Diesel,Dealer,Automatic,Second Owner,0–25k,7,71.95294902811379,New
Tata Tiago 1.2 Revotron XZ,2018,539000,10000,Petrol,Individual,Manual,First Owner,0–25k,7,53.9,New
Maruti Celerio ZXI,2017,420000,50000,Petrol,Individual,Manual,First Owner,25–50k,8,8.4,New
Maruti Omni E 8 Str STD,2001,85000,70000,Petrol,Individual,Manual,Third Owner,50–75k,24,1.2142857142857142,Old
OpelCorsa 1.6Gls,2004,142000,73000,Petrol,Individual,Manual,Fourth & Above Owner,50–75k,21,1.9452054794520548,Old
Hyundai EON D Lite,2014,180000,76000,Petrol,Individual,Manual,Second Owner,75–100k,11,2.3684210526315788,Old
Chevrolet Tavera Neo 3 Max 9 Str BSIII,2014,400000,120000,Diesel,Individual,Manual,Second Owner,100–150k,11,3.3333333333333335,Old
Mahindra Scorpio VLX 2WD ABS AT BSIII,2009,360000,170000,Diesel,Individual,Automatic,Third Owner,150–200k,16,2.1176470588235294,Old
Hyundai Santro Xing XG,2003,85000,110000,Petrol,Individual,Manual,Second Owner,100–150k,22,0.7727272727272727,Old
Honda Brio 1.2 S MT,2016,350000,63400,Petrol,Individual,Manual,First Owner,50–75k,9,5.520504731861199,New
Datsun GO Plus T BSIV,2015,380000,25000,Petrol,Individual,Manual,First Owner,0–25k,10,15.2,Old
Hyundai i10 Era,2009,140000,80000,Petrol,Individual,Manual,Third Owner,75–100k,16,1.75,Old
Maruti Wagon R VXI BS IV,2012,200000,90000,Petrol,Individual,Manual,First Owner,75–100k,13,2.2222222222222223,Old
Hyundai Santro Xing GL,2011,150000,157000,Petrol,Individual,Manual,First Owner,150–200k,14,0.9554140127388535,Old
Tata Indica Vista Quadrajet LS,2012,150000,80000,Diesel,Individual,Manual,Second Owner,75–100k,13,1.875,Old
Maruti 800 Std BSII,2006,90000,40000,Petrol,Individual,Manual,Second Owner,25–50k,19,2.25,Old
Mahindra Bolero SLX 2WD,2007,300000,100000,Diesel,Individual,Manual,Second Owner,75–100k,18,3.0,Old
Renault KWID RXT,2017,280000,50000,Petrol,Individual,Manual,First Owner,25–50k,8,5.6,New
Maruti Alto K10 2010-2014 VXI,2011,200000,40000,Petrol,Individual,Manual,First Owner,25–50k,14,5.0,Old
Chevrolet Aveo U-VA 1.2 LT WO ABS Airbag,2009,110000,38500,Petrol,Individual,Manual,Second Owner,25–50k,16,2.857142857142857,Old
Hyundai i10 Magna,2008,140000,103921,Petrol,Individual,Manual,Second Owner,100–150k,17,1.3471771826676033,Old
Hyundai Creta 1.4 EX Diesel,2020,1050000,10000,Diesel,Individual,Manual,First Owner,0–25k,5,105.0,New
Honda City i-VTEC VX,2018,1150000,14825,Petrol,Dealer,Manual,First Owner,0–25k,7,77.57166947723441,New
Honda BR-V i-DTEC VX MT,2016,910000,43377,Diesel,Dealer,Manual,First Owner,25–50k,9,20.978859764391267,New
Ford Figo Diesel Titanium,2010,160000,102307,Diesel,Dealer,Manual,First Owner,100–150k,15,1.5639203573558016,Old
Maruti Zen LX,2004,105000,79000,Petrol,Individual,Manual,Second Owner,75–100k,21,1.3291139240506329,Old
Skoda Octavia Elegance 2.0 TDI AT,2014,1200000,135000,Diesel,Individual,Automatic,Third Owner,100–150k,11,8.88888888888889,Old
Renault KWID 1.0 RXT Optional,2018,300000,10500,Petrol,Individual,Manual,First Owner,0–25k,7,28.571428571428573,New
Maruti Wagon R LXI,2004,70000,90000,Petrol,Individual,Manual,Fourth & Above Owner,75–100k,21,0.7777777777777778,Old
Chevrolet Beat Diesel,2012,160000,110000,Diesel,Individual,Manual,First Owner,100–150k,13,1.4545454545454546,Old
Chevrolet Beat Diesel LS,2012,160000,50000,Diesel,Individual,Manual,First Owner,25–50k,13,3.2,Old
Chevrolet Sail Hatchback LT ABS,2013,225000,80000,Diesel,Individual,Manual,First Owner,75–100k,12,2.8125,Old
Honda Jazz 1.5 VX i DTEC,2018,790000,19571,Diesel,Dealer,Manual,First Owner,0–25k,7,40.36584742731593,New
Honda City 1.3 EXI,2002,145000,100000,Petrol,Individual,Manual,First Owner,75–100k,23,1.45,Old
Honda City i-VTEC ZX,2018,1200000,29600,Petrol,Dealer,Manual,First Owner,25–50k,7,40.54054054054054,New
Ford EcoSport 1.5 Diesel Titanium Plus BSIV,2018,930000,20000,Diesel,Individual,Manual,First Owner,0–25k,7,46.5,New
Hyundai EON D Lite,2016,210000,30000,Petrol,Individual,Manual,First Owner,25–50k,9,7.0,New
Hyundai Getz 1.5 CRDi GVS,2008,110000,154000,Diesel,Individual,Manual,Third Owner,150–200k,17,0.7142857142857143,Old
Maruti Swift LXI,2011,175000,70000,Petrol,Individual,Manual,First Owner,50–75k,14,2.5,Old
Maruti Vitara Brezza ZDi Plus AMT Dual Tone,2018,950000,15000,Diesel,Individual,Automatic,First Owner,0–25k,7,63.333333333333336,New
Renault Lodgy Stepway 85PS RXZ 8S,2017,650000,40000,Diesel,Individual,Manual,First Owner,25–50k,8,16.25,New
Maruti Swift VXI,2019,550000,51000,Petrol,Individual,Manual,First Owner,50–75k,6,10.784313725490197,New
Maruti Alto LX BSIII,2008,85000,120000,Petrol,Individual,Manual,Second Owner,100–150k,17,0.7083333333333334,Old
Maruti Celerio LXI MT BSIV,2019,340000,50000,Petrol,Individual,Manual,First Owner,25–50k,6,6.8,New
Renault Captur 1.5 Diesel RXT,2017,825000,13500,Diesel,Individual,Manual,First Owner,0–25k,8,61.111111111111114,New
Toyota Etios 1.5 V,2016,509999,35000,Petrol,Individual,Manual,First Owner,25–50k,9,14.5714,New
Renault Duster 85PS Diesel RxL,2013,450000,1000,Diesel,Dealer,Manual,Second Owner,0–25k,12,450.0,Old
Mercedes-Benz C-Class Progressive C 220d,2018,3800000,10000,Diesel,Dealer,Automatic,First Owner,0–25k,7,380.0,New
Audi A4 3.0 TDI Quattro,2013,1580000,86000,Diesel,Dealer,Automatic,First Owner,75–100k,12,18.372093023255815,Old
BMW X5 xDrive 30d xLine,2019,4950000,30000,Diesel,Dealer,Automatic,First Owner,25–50k,6,165.0,New
Hyundai Creta 1.6 CRDi SX,2016,535000,52600,Diesel,Individual,Manual,First Owner,50–75k,9,10.171102661596958,New
Maruti SX4 Vxi BSIV,2012,225000,110000,Petrol,Individual,Manual,Second Owner,100–150k,13,2.0454545454545454,Old
Hyundai Grand i10 1.2 Kappa Magna AT,2017,550000,19890,Petrol,Dealer,Automatic,First Owner,0–25k,8,27.65208647561589,New
Maruti Swift ZXI BSIV,2016,670000,7104,Petrol,Trustmark Dealer,Manual,First Owner,0–25k,9,94.31306306306307,New
Maruti Ertiga VXI,2015,625000,11918,Petrol,Trustmark Dealer,Manual,First Owner,0–25k,10,52.44168484645075,Old
Hyundai Grand i10 Magna AT,2017,520000,10510,Petrol,Dealer,Automatic,First Owner,0–25k,8,49.476688867745004,New
Chevrolet Beat LT Option,2016,239000,41000,Petrol,Dealer,Manual,First Owner,25–50k,9,5.829268292682927,New
Toyota Fortuner 4x2 AT,2017,2600000,47162,Diesel,Trustmark Dealer,Automatic,First Owner,25–50k,8,55.12912938382596,New
Maruti S-Cross Zeta DDiS 200 SH,2015,750000,45974,Diesel,Trustmark Dealer,Manual,First Owner,25–50k,10,16.313568538739286,Old
Hyundai i10 Magna,2012,229999,49824,Petrol,Dealer,Manual,First Owner,25–50k,13,4.616229126525369,Old
Audi A6 2.0 TDI Premium Plus,2013,1300000,58500,Diesel,Dealer,Automatic,First Owner,50–75k,12,22.22222222222222,Old
Hyundai Santro GS,2005,80000,56580,Petrol,Dealer,Manual,First Owner,50–75k,20,1.4139271827500883,Old
Skoda Laura Ambiente 2.0 TDI CR MT,2012,385000,52000,Diesel,Dealer,Manual,First Owner,50–75k,13,7.403846153846154,Old
Hyundai Verna 1.6 VTVT SX,2015,760000,55340,Petrol,Trustmark Dealer,Manual,First Owner,50–75k,10,13.733285146367907,Old
Maruti Swift Dzire VDI,2017,600000,46507,Diesel,Trustmark Dealer,Manual,First Owner,25–50k,8,12.901283677725933,New
Renault Duster 85PS Diesel RxL,2013,450000,1000,Diesel,Dealer,Manual,Second Owner,0–25k,12,450.0,Old
Mercedes-Benz C-Class Progressive C 220d,2018,3800000,10000,Diesel,Dealer,Automatic,First Owner,0–25k,7,380.0,New
Audi A4 3.0 TDI Quattro,2013,1580000,86000,Diesel,Dealer,Automatic,First Owner,75–100k,12,18.372093023255815,Old
BMW X5 xDrive 30d xLine,2019,4950000,30000,Diesel,Dealer,Automatic,First Owner,25–50k,6,165.0,New
Hyundai Creta 1.6 CRDi SX,2016,535000,52600,Diesel,Individual,Manual,First Owner,50–75k,9,10.171102661596958,New
Maruti SX4 Vxi BSIV,2012,225000,110000,Petrol,Individual,Manual,Second Owner,100–150k,13,2.0454545454545454,Old
Hyundai Grand i10 1.2 Kappa Magna AT,2017,550000,19890,Petrol,Dealer,Automatic,First Owner,0–25k,8,27.65208647561589,New
Maruti Swift ZXI BSIV,2016,670000,7104,Petrol,Trustmark Dealer,Manual,First Owner,0–25k,9,94.31306306306307,New
Maruti Ertiga VXI,2015,625000,11918,Petrol,Trustmark Dealer,Manual,First Owner,0–25k,10,52.44168484645075,Old
Hyundai Grand i10 Magna AT,2017,520000,10510,Petrol,Dealer,Automatic,First Owner,0–25k,8,49.476688867745004,New
Chevrolet Beat LT Option,2016,239000,41000,Petrol,Dealer,Manual,First Owner,25–50k,9,5.829268292682927,New
Toyota Fortuner 4x2 AT,2017,2600000,47162,Diesel,Trustmark Dealer,Automatic,First Owner,25–50k,8,55.12912938382596,New
Maruti S-Cross Zeta DDiS 200 SH,2015,750000,45974,Diesel,Trustmark Dealer,Manual,First Owner,25–50k,10,16.313568538739286,Old
Hyundai i10 Magna,2012,229999,49824,Petrol,Dealer,Manual,First Owner,25–50k,13,4.616229126525369,Old
Audi A6 2.0 TDI Premium Plus,2013,1300000,58500,Diesel,Dealer,Automatic,First Owner,50–75k,12,22.22222222222222,Old
Hyundai Santro GS,2005,80000,56580,Petrol,Dealer,Manual,First Owner,50–75k,20,1.4139271827500883,Old
Skoda Laura Ambiente 2.0 TDI CR MT,2012,385000,52000,Diesel,Dealer,Manual,First Owner,50–75k,13,7.403846153846154,Old
Hyundai Verna 1.6 VTVT SX,2015,760000,55340,Petrol,Trustmark Dealer,Manual,First Owner,50–75k,10,13.733285146367907,Old
Maruti Swift Dzire VDI,2017,600000,46507,Diesel,Trustmark Dealer,Manual,First Owner,25–50k,8,12.901283677725933,New
Maruti Baleno Alpha 1.3,2017,650000,70000,Diesel,Individual,Manual,First Owner,50–75k,8,9.285714285714286,New
Chevrolet Spark 1.0 LS,2011,140000,60000,Petrol,Individual,Manual,Second Owner,50–75k,14,2.3333333333333335,Old
Maruti Alto LXi,2011,150000,70000,Petrol,Individual,Manual,First Owner,50–75k,14,2.142857142857143,Old
Datsun GO Plus A Option Petrol,2018,450000,10000,Petrol,Individual,Manual,Second Owner,0–25k,7,45.0,New
Hyundai Accent CRDi,2006,170000,245244,Diesel,Individual,Manual,Fourth & Above Owner,200k+,19,0.6931871931627277,Old
Renault KWID 1.0 RXT Optional,2017,400000,60000,Petrol,Individual,Manual,First Owner,50–75k,8,6.666666666666667,New
Tata Tiago 1.2 Revotron XE,2016,300000,30000,Petrol,Individual,Manual,First Owner,25–50k,9,10.0,New
Maruti Alto 800 Base,2012,250000,8000,Petrol,Individual,Manual,First Owner,0–25k,13,31.25,Old
Tata Tigor 1.2 Revotron XM,2019,500000,10000,Petrol,Individual,Manual,First Owner,0–25k,6,50.0,New
Hyundai Accent CRDi,2002,85000,100000,Diesel,Individual,Manual,Third Owner,75–100k,23,0.85,Old
Nissan Sunny Diesel XL,2012,300000,110000,Diesel,Individual,Manual,First Owner,100–150k,13,2.727272727272727,Old
Hyundai Santro GS,2005,80000,56580,Petrol,Dealer,Manual,First Owner,50–75k,20,1.4139271827500883,Old
Mahindra XUV500 AT W8 FWD,2015,740000,45000,Diesel,Dealer,Automatic,First Owner,25–50k,10,16.444444444444443,Old
Hyundai Santro Xing XG,2005,70000,68500,Petrol,Dealer,Manual,First Owner,50–75k,20,1.0218978102189782,Old
Hyundai Santro Sportz AMT,2019,484999,5007,Petrol,Dealer,Automatic,First Owner,0–25k,6,96.86419013381266,New
Nissan Micra Active XV S,2013,164000,30000,Petrol,Individual,Manual,First Owner,25–50k,12,5.466666666666667,Old
Honda City 1.5 V AT,2008,140000,70000,Petrol,Individual,Automatic,First Owner,50–75k,17,2.0,Old
Mercedes-Benz E-Class E250 CDI Elegance,2011,999000,49600,Diesel,Dealer,Automatic,First Owner,25–50k,14,20.141129032258064,Old
Maruti Alto LXI,2005,56000,23000,Petrol,Individual,Manual,Second Owner,0–25k,20,2.4347826086956523,Old
BMW 7 Series 730Ld,2006,1050000,30000,Diesel,Dealer,Automatic,First Owner,25–50k,19,35.0,Old
Hyundai Verna 1.6 VTVT,2010,190000,38000,Petrol,Dealer,Manual,First Owner,25–50k,15,5.0,Old
Audi Q5 3.0 TDI Quattro Technology,2018,3899000,22000,Diesel,Dealer,Automatic,First Owner,0–25k,7,177.22727272727272,New
Hyundai i10 Sportz 1.2,2011,235000,43100,Petrol,Dealer,Manual,First Owner,25–50k,14,5.452436194895592,Old
Datsun GO Plus T,2017,350000,10171,Petrol,Dealer,Manual,First Owner,0–25k,8,34.41156228492773,New
Renault Duster 110PS Diesel RxL,2015,465000,41123,Diesel,Dealer,Manual,First Owner,25–50k,10,11.307540792257374,Old
Toyota Camry Hybrid 2.5,2017,1900000,20118,Petrol,Dealer,Automatic,First Owner,0–25k,8,94.44278755343474,New
Honda City i DTec SV,2014,450000,40000,Diesel,Dealer,Manual,First Owner,25–50k,11,11.25,Old
Volkswagen Jetta 2.0L TDI Highline,2015,790000,52517,Diesel,Dealer,Manual,First Owner,50–75k,10,15.042748062532132,Old
Mahindra Marazzo M2 8Str,2019,900000,20000,Diesel,Individual,Manual,First Owner,0–25k,6,45.0,New
Ford Ecosport 1.5 DV5 MT Titanium Optional,2014,450000,99117,Diesel,Dealer,Manual,First Owner,75–100k,11,4.540088985744121,Old
Chevrolet Spark 1.0 LS,2009,135000,90000,Petrol,Individual,Manual,First Owner,75–100k,16,1.5,Old
Maruti Celerio ZXI MT BSIV,2019,425000,3700,Petrol,Individual,Manual,First Owner,0–25k,6,114.86486486486487,New
Tata Indica Vista Terra 1.4 TDI,2010,100000,80000,Diesel,Individual,Manual,First Owner,75–100k,15,1.25,Old
Ford EcoSport 1.5 TDCi Titanium BSIV,2015,650000,100000,Diesel,Individual,Manual,Second Owner,75–100k,10,6.5,Old
Tata Indica Vista Aqua 1.4 TDI,2011,90000,54000,Diesel,Individual,Manual,First Owner,50–75k,14,1.6666666666666667,Old
Hyundai EON Era Plus,2017,250000,19000,Petrol,Individual,Manual,First Owner,0–25k,8,13.157894736842104,New
Maruti Swift Dzire VDI,2014,300000,120000,Diesel,Individual,Manual,First Owner,100–150k,11,2.5,Old
Maruti Wagon R VXI BS IV,2014,275000,30000,Petrol,Individual,Manual,First Owner,25–50k,11,9.166666666666666,Old
Honda BRV i-VTEC V MT,2017,600000,43500,Petrol,Individual,Manual,First Owner,25–50k,8,13.793103448275861,New
Renault KWID RXT,2016,270000,60000,Petrol,Individual,Manual,Second Owner,50–75k,9,4.5,New
Renault KWID RXT Optional,2016,240000,70000,Petrol,Individual,Manual,Second Owner,50–75k,9,3.4285714285714284,New
Skoda Octavia Elegance 2.0 TDI AT,2014,1200000,135000,Diesel,Individual,Automatic,Third Owner,100–150k,11,8.88888888888889,Old
Chevrolet Beat Diesel LS,2012,160000,50000,Diesel,Individual,Manual,First Owner,25–50k,13,3.2,Old
Honda Jazz 1.5 VX i DTEC,2018,790000,19571,Diesel,Dealer,Manual,First Owner,0–25k,7,40.36584742731593,New
Honda City i-VTEC ZX,2018,1200000,29600,Petrol,Dealer,Manual,First Owner,25–50k,7,40.54054054054054,New
Maruti Swift LXI,2011,175000,70000,Petrol,Individual,Manual,First Owner,50–75k,14,2.5,Old
Maruti Vitara Brezza ZDi Plus AMT Dual Tone,2018,950000,15000,Diesel,Individual,Automatic,First Owner,0–25k,7,63.333333333333336,New
Maruti Celerio LXI MT BSIV,2019,340000,50000,Petrol,Individual,Manual,First Owner,25–50k,6,6.8,New
Renault Captur 1.5 Diesel RXT,2017,825000,13500,Diesel,Individual,Manual,First Owner,0–25k,8,61.111111111111114,New
Audi A4 30 TFSI Technology,2018,3100000,22000,Petrol,Individual,Automatic,First Owner,0–25k,7,140.9090909090909,New
Honda Amaze VX Diesel BSIV,2018,780000,25000,Diesel,Dealer,Manual,First Owner,0–25k,7,31.2,New
Toyota Corolla Altis 1.8 VL AT,2010,350000,80000,Petrol,Individual,Automatic,Third Owner,75–100k,15,4.375,Old
Honda Amaze VX Petrol BSIV,2018,690000,39000,Petrol,Dealer,Manual,First Owner,25–50k,7,17.692307692307693,New
Maruti Alto 800 VXI,2016,245000,60000,Petrol,Individual,Manual,First Owner,50–75k,9,4.083333333333333,New
Honda Amaze VX Diesel BSIV,2018,790000,49000,Diesel,Dealer,Manual,First Owner,25–50k,7,16.122448979591837,New
Honda Amaze VX i-VTEC,2018,680000,48600,Petrol,Dealer,Manual,First Owner,25–50k,7,13.991769547325102,New
Hyundai Grand i10 Asta Option,2017,540000,20000,Petrol,Individual,Manual,Second Owner,0–25k,8,27.0,New
Mahindra KUV 100 mFALCON G80 K2,2016,425000,25000,Petrol,Individual,Manual,First Owner,0–25k,9,17.0,New
Maruti Zen Estilo Sports,2008,140000,120000,Petrol,Individual,Manual,First Owner,100–150k,17,1.1666666666666667,Old
Maruti Ertiga ZDI Plus,2019,1100000,30000,Diesel,Individual,Manual,First Owner,25–50k,6,36.666666666666664,New
Renault Lodgy 85PS RxL,2015,715000,35000,Diesel,Individual,Manual,First Owner,25–50k,10,20.428571428571427,Old
Maruti Swift VXI,2013,370000,90000,Petrol,Individual,Manual,First Owner,75–100k,12,4.111111111111111,Old
Hyundai Verna CRDi ABS,2007,175000,80000,Diesel,Individual,Manual,Second Owner,75–100k,18,2.1875,Old
Mercedes-Benz E-Class 230,1998,1000000,35000,Petrol,Individual,Automatic,Second Owner,25–50k,27,28.571428571428573,Old
Maruti Alto 800 LXI,2013,92800,25000,Petrol,Individual,Manual,Second Owner,0–25k,12,3.712,Old
Tata Xenon XT EX 4X2,2014,291000,90000,Diesel,Individual,Manual,First Owner,75–100k,11,3.2333333333333334,Old
Maruti Alto 800 LXI,2013,92800,25000,Petrol,Individual,Manual,Second Owner,0–25k,12,3.712,Old
Renault KWID 1.0 RXT Optional,2016,350000,20000,Petrol,Individual,Manual,First Owner,0–25k,9,17.5,New
Maruti Omni 5 Str STD,1998,65000,60000,Petrol,Dealer,Manual,Third Owner,50–75k,27,1.0833333333333333,Old
Maruti Swift Dzire VDI,2015,650000,58000,Diesel,Individual,Manual,First Owner,50–75k,10,11.206896551724139,Old
Maruti Wagon R LX BS IV,2014,350000,40000,Petrol,Dealer,Manual,First Owner,25–50k,11,8.75,Old
Maruti Wagon R LXI,2005,75000,70000,Petrol,Individual,Manual,Second Owner,50–75k,20,1.0714285714285714,Old
Hyundai i20 Asta (o) 1.4 CRDi (Diesel),2012,440000,70000,Diesel,Dealer,Manual,First Owner,50–75k,13,6.285714285714286,Old
Hyundai Santro Xing GLS,2013,270000,60000,Petrol,Individual,Manual,First Owner,50–75k,12,4.5,Old
Toyota Innova 2.5 V Diesel 7-seater,2014,1150000,135000,Diesel,Dealer,Manual,First Owner,100–150k,11,8.518518518518519,Old
Maruti Omni 8 Seater BSII,2015,238000,70000,Petrol,Dealer,Manual,First Owner,50–75k,10,3.4,Old
Mercedes-Benz B Class B180 Sports,2013,1100000,40000,Petrol,Individual,Automatic,Second Owner,25–50k,12,27.5,Old
Mahindra XUV500 W10 2WD,2015,1200000,75000,Diesel,Dealer,Manual,Second Owner,50–75k,10,16.0,Old
Skoda Fabia 1.2L Diesel Ambiente,2010,260000,150000,Diesel,Individual,Manual,First Owner,100–150k,15,1.7333333333333334,Old
Toyota Etios VD,2012,350000,140000,Diesel,Individual,Manual,Third Owner,100–150k,13,2.5,Old
Toyota Etios Liva VD,2015,480000,70000,Diesel,Individual,Manual,First Owner,50–75k,10,6.857142857142857,Old
Toyota Etios Liva GD,2012,345000,137250,Diesel,Individual,Manual,Second Owner,100–150k,13,2.5136612021857925,Old
Mahindra Scorpio M2DI,2013,500000,110000,Diesel,Individual,Manual,Second Owner,100–150k,12,4.545454545454546,Old
Hyundai Grand i10 Asta Option,2017,595000,27000,Petrol,Dealer,Manual,First Owner,25–50k,8,22.037037037037038,New
Hyundai Verna CRDi 1.6 SX Option,2019,1295000,9000,Diesel,Dealer,Manual,First Owner,0–25k,6,143.88888888888889,New
Volkswagen Vento 1.5 TDI Highline BSIV,2019,1350000,5400,Diesel,Dealer,Manual,Test Drive Car,0–25k,6,250.0,New
Renault KWID Climber 1.0 MT Opt BSIV,2020,541000,1000,Petrol,Dealer,Manual,Test Drive Car,0–25k,5,541.0,New
Hyundai Santro Asta,2018,515000,16000,Petrol,Dealer,Manual,First Owner,0–25k,7,32.1875,New
Ford Figo Aspire Titanium Plus Diesel,2019,894999,13000,Diesel,Dealer,Manual,Test Drive Car,0–25k,6,68.84607692307692,New
Renault Pulse RxZ Optional,2012,325000,47000,Diesel,Dealer,Manual,First Owner,25–50k,13,6.914893617021277,Old
Maruti Ciaz 1.4 Alpha,2018,925000,22000,Petrol,Individual,Manual,First Owner,0–25k,7,42.04545454545455,New
Nissan Terrano XL P,2017,844999,30000,Petrol,Individual,Manual,First Owner,25–50k,8,28.166633333333333,New
Maruti Ciaz 1.4 Alpha,2018,925000,20000,Petrol,Individual,Manual,First Owner,0–25k,7,46.25,New
Tata Manza Club Class Quadrajet90 LX,2013,300000,60000,Diesel,Individual,Manual,First Owner,50–75k,12,5.0,Old
Toyota Camry M/t,2008,650000,75000,Petrol,Individual,Manual,Second Owner,50–75k,17,8.666666666666666,Old
Maruti Alto K10 LXI,2010,175000,64000,Petrol,Dealer,Manual,First Owner,50–75k,15,2.734375,Old
Maruti SX4 S Cross DDiS 320 Delta,2015,325000,80000,Diesel,Individual,Manual,First Owner,75–100k,10,4.0625,Old
Renault Duster 85PS Diesel RxZ,2017,600000,90000,Diesel,Individual,Manual,First Owner,75–100k,8,6.666666666666667,New
Maruti Swift ZXI Plus,2018,700000,30000,Petrol,Individual,Manual,First Owner,25–50k,7,23.333333333333332,New
Toyota Corolla H3,2003,95000,120000,Petrol,Individual,Automatic,Second Owner,100–150k,22,0.7916666666666666,Old
Maruti Celerio ZXI,2019,490000,20000,Petrol,Dealer,Manual,First Owner,0–25k,6,24.5,New
Tata Safari DICOR 2.2 EX 4x2,2013,380000,100000,Diesel,Individual,Manual,First Owner,75–100k,12,3.8,Old
Hyundai Grand i10 1.2 Kappa Sportz Dual Tone,2018,550000,31000,Petrol,Dealer,Manual,First Owner,25–50k,7,17.741935483870968,New
Maruti Alto 800 LXI,2013,225000,47000,Petrol,Dealer,Manual,First Owner,25–50k,12,4.787234042553192,Old
Tata Nexon 1.2 Revotron XM,2018,570000,11200,Petrol,Individual,Manual,First Owner,0–25k,7,50.892857142857146,New
Maruti Alto 800 LXI,2018,305000,35000,Petrol,Dealer,Manual,First Owner,25–50k,7,8.714285714285714,New
Maruti Wagon R Duo Lxi,2010,240000,50000,LPG,Dealer,Manual,First Owner,25–50k,15,4.8,Old
Maruti Ertiga SHVS VDI,2015,700000,55000,Diesel,Dealer,Manual,First Owner,50–75k,10,12.727272727272727,Old
Maruti Omni E MPI STD BS IV,2018,288000,20000,Petrol,Dealer,Manual,First Owner,0–25k,7,14.4,New
Mahindra Bolero B4,2017,800000,75000,Diesel,Dealer,Manual,First Owner,50–75k,8,10.666666666666666,New
Maruti Celerio VXI,2017,430000,93000,Petrol,Dealer,Manual,First Owner,75–100k,8,4.623655913978495,New
Chevrolet Beat Diesel LT Option,2009,195000,57000,Diesel,Dealer,Manual,Second Owner,50–75k,16,3.4210526315789473,Old
Maruti Eeco Smiles 5 Seater AC,2014,325000,30000,Petrol,Dealer,Manual,First Owner,25–50k,11,10.833333333333334,Old
Renault Duster 85PS Diesel RxE,2013,450000,73000,Diesel,Dealer,Manual,First Owner,50–75k,12,6.164383561643835,Old
Maruti Swift Dzire VDI,2016,630000,65000,Diesel,Dealer,Manual,First Owner,50–75k,9,9.692307692307692,New
Maruti Swift 1.3 VXi,2009,250000,62000,Petrol,Dealer,Manual,Second Owner,50–75k,16,4.032258064516129,Old
Hyundai Santro GLS I - Euro II,2007,135000,85000,Petrol,Dealer,Manual,First Owner,75–100k,18,1.588235294117647,Old
Chevrolet Spark 1.0 PS,2010,110000,73000,Petrol,Individual,Manual,First Owner,50–75k,15,1.5068493150684932,Old
Maruti Swift ZDi,2012,350000,55000,Diesel,Dealer,Manual,First Owner,50–75k,13,6.363636363636363,Old
Maruti Omni E MPI STD BS IV,2016,240000,5800,Petrol,Individual,Manual,Second Owner,0–25k,9,41.37931034482759,New
Toyota Innova 2.5 V Diesel 8-seater,2009,350000,350000,Diesel,Individual,Manual,First Owner,,16,1.0,Old
Maruti Swift ZXI Plus,2018,600000,30000,Petrol,Individual,Manual,First Owner,25–50k,7,20.0,New
Maruti Swift Dzire VDI,2018,750000,20000,Diesel,Individual,Manual,First Owner,0–25k,7,37.5,New
Hyundai EON Era Plus,2018,270000,20000,Petrol,Individual,Manual,First Owner,0–25k,7,13.5,New
Maruti Alto LXi,2007,90000,100000,Petrol,Individual,Manual,Second Owner,75–100k,18,0.9,Old
Maruti Wagon R Stingray VXI,2013,350000,65000,Petrol,Individual,Manual,First Owner,50–75k,12,5.384615384615385,Old
Ford Figo Diesel Celebration Edition,2013,285000,90000,Diesel,Individual,Manual,Second Owner,75–100k,12,3.1666666666666665,Old
Toyota Innova 2.5 E Diesel MS 7-seater,2011,665000,267000,Diesel,Individual,Manual,Second Owner,200k+,14,2.4906367041198503,Old
Mahindra Scorpio 2.6 CRDe,2005,175000,250000,Diesel,Individual,Manual,Second Owner,200k+,20,0.7,Old
Mahindra Xylo D2,2011,350000,140000,Diesel,Individual,Manual,Second Owner,100–150k,14,2.5,Old
Honda City i-VTEC CVT ZX,2018,1225000,22000,Petrol,Dealer,Automatic,First Owner,0–25k,7,55.68181818181818,New
Honda Jazz Select Edition Active,2010,285000,60000,Petrol,Dealer,Manual,Second Owner,50–75k,15,4.75,Old
Honda City i-VTEC VX,2018,1000000,28635,Petrol,Dealer,Manual,First Owner,25–50k,7,34.922297887200976,New
Honda Amaze VX Diesel BSIV,2018,780000,32114,Diesel,Dealer,Manual,First Owner,25–50k,7,24.288472317369372,New
Maruti Celerio VXI,2014,300000,82000,Petrol,Dealer,Manual,Second Owner,75–100k,11,3.658536585365854,Old
Maruti Swift VXI BSIII,2006,160000,95149,Petrol,Dealer,Manual,Second Owner,75–100k,19,1.6815731116459447,Old
Honda Amaze VX i-VTEC,2018,625000,68458,Petrol,Dealer,Manual,First Owner,50–75k,7,9.129685354523941,New
Maruti Ritz VXi,2010,265000,42000,Petrol,Individual,Manual,First Owner,25–50k,15,6.309523809523809,Old
Honda City i DTEC V,2014,515000,90000,Diesel,Individual,Manual,Second Owner,75–100k,11,5.722222222222222,Old
Hyundai EON D Lite,2016,210000,30000,Petrol,Individual,Manual,First Owner,25–50k,9,7.0,New
Maruti Alto LXi,2009,140000,80000,Petrol,Individual,Manual,Second Owner,75–100k,16,1.75,Old
Toyota Innova 2.5 GX (Diesel) 7 Seater,2015,940000,128000,Diesel,Individual,Manual,First Owner,100–150k,10,7.34375,Old
Nissan Terrano XV Premium 110 PS,2013,750000,80000,Diesel,Individual,Manual,First Owner,75–100k,12,9.375,Old
Maruti Baleno Alpha 1.3,2016,610000,100000,Diesel,Individual,Manual,First Owner,75–100k,9,6.1,New
Nissan Sunny XV D Premium Leather,2015,450000,50000,Diesel,Individual,Manual,First Owner,25–50k,10,9.0,Old
Toyota Etios Liva GD,2012,409999,56000,Diesel,Individual,Manual,First Owner,50–75k,13,7.321410714285714,Old
Hyundai EON 1.0 Era Plus,2018,100000,21302,Petrol,Individual,Manual,First Owner,0–25k,7,4.694394892498357,New
Hyundai i20 Active 1.4 SX,2016,650000,100000,Diesel,Individual,Manual,First Owner,75–100k,9,6.5,New
Mahindra TUV 300 T8,2017,650000,80000,Diesel,Individual,Manual,First Owner,75–100k,8,8.125,New
Hyundai Getz 1.3 GLS,2010,150000,105546,Petrol,Individual,Manual,First Owner,100–150k,15,1.4211812858848274,Old
Toyota Etios Liva 1.2 V,2018,500000,10000,Petrol,Individual,Manual,First Owner,0–25k,7,50.0,New
Toyota Innova 2.5 GX 7 STR BSIV,2012,1000000,80000,Diesel,Individual,Manual,Second Owner,75–100k,13,12.5,Old
Hyundai i20 Magna Optional 1.2,2013,340000,35000,Petrol,Individual,Manual,First Owner,25–50k,12,9.714285714285714,Old
Hyundai Elite i20 Asta Option BSIV,2019,800000,11240,Petrol,Individual,Manual,First Owner,0–25k,6,71.17437722419929,New
Toyota Innova 2.5 G (Diesel) 8 Seater,2013,1010000,120000,Diesel,Individual,Manual,First Owner,100–150k,12,8.416666666666666,Old
Toyota Etios GD,2011,350000,120000,Diesel,Individual,Manual,Third Owner,100–150k,14,2.9166666666666665,Old
Maruti Swift VDI BSIV,2016,595000,70000,Diesel,Individual,Manual,First Owner,50–75k,9,8.5,New
Mahindra Scorpio VLX 2WD BSIV,2014,700000,130000,Diesel,Individual,Manual,Third Owner,100–150k,11,5.384615384615385,Old
Renault KWID RXL,2019,265000,40000,Petrol,Individual,Manual,First Owner,25–50k,6,6.625,New
Maruti Alto K10 VXI,2015,320000,60000,Petrol,Individual,Manual,Second Owner,50–75k,10,5.333333333333333,Old
Honda City 1.5 S MT,2011,310000,110000,Petrol,Individual,Manual,First Owner,100–150k,14,2.8181818181818183,Old
Honda City i DTEC VX,2014,700000,130000,Diesel,Individual,Manual,First Owner,100–150k,11,5.384615384615385,Old
Maruti Alto LXi BSIII,2009,130000,80000,Petrol,Individual,Manual,Second Owner,75–100k,16,1.625,Old
Maruti Swift Dzire VDi,2009,150000,120000,Diesel,Individual,Manual,Second Owner,100–150k,16,1.25,Old
Honda Amaze E i-Dtech,2015,300000,104000,Diesel,Individual,Manual,Second Owner,100–150k,10,2.8846153846153846,Old
Maruti Swift Dzire LXi,2011,150000,100000,Petrol,Individual,Manual,Second Owner,75–100k,14,1.5,Old
Honda City 1.3 EXI,2003,120000,132343,Petrol,Individual,Manual,Second Owner,100–150k,22,0.9067347725229139,Old
Hyundai Creta 1.4 CRDi S Plus,2016,950000,90000,Diesel,Individual,Manual,Second Owner,75–100k,9,10.555555555555555,New
Maruti Wagon R VXI BS IV,2007,100000,60000,Petrol,Individual,Manual,Second Owner,50–75k,18,1.6666666666666667,Old
Honda Jazz 1.5 SV i DTEC,2015,450000,76000,Diesel,Individual,Manual,First Owner,75–100k,10,5.921052631578948,Old
Maruti 800 EX,2004,30000,60000,Petrol,Individual,Manual,Third Owner,50–75k,21,0.5,Old
Mahindra Renault Logan 1.6 Petrol GLSX,2009,200000,30000,Petrol,Individual,Manual,Second Owner,25–50k,16,6.666666666666667,Old
Tata Indigo LS,2010,250000,96000,Diesel,Individual,Manual,Second Owner,75–100k,15,2.6041666666666665,Old
Mahindra Marazzo M8 8Str,2018,1300000,10000,Diesel,Individual,Manual,First Owner,0–25k,7,130.0,New
Toyota Etios Liva 1.4 VD,2017,425000,36000,Diesel,Dealer,Manual,First Owner,25–50k,8,11.805555555555555,New
Honda Amaze VX O iDTEC,2017,550000,12997,Diesel,Dealer,Manual,First Owner,0–25k,8,42.31745787489421,New
Maruti Ciaz 1.4 AT Zeta,2017,500000,40000,Petrol,Individual,Automatic,First Owner,25–50k,8,12.5,New
Hyundai Verna CRDi 1.6 SX Option,2018,1150000,26430,Diesel,Dealer,Manual,First Owner,25–50k,7,43.51116155883466,New
Maruti Swift 1.3 VXI ABS,2015,475000,24600,Petrol,Dealer,Manual,First Owner,0–25k,10,19.308943089430894,Old
Maruti Wagon R LXI,2011,260000,28481,Petrol,Dealer,Manual,First Owner,25–50k,14,9.128892946174643,Old
Ford Ecosport 1.0 Ecoboost Titanium Optional,2013,350000,100000,Petrol,Individual,Manual,First Owner,75–100k,12,3.5,Old
Mahindra XUV500 W8 2WD,2013,750000,41988,Diesel,Dealer,Manual,First Owner,25–50k,12,17.862246356101743,Old
Maruti Wagon R LXI,2009,180000,30375,Petrol,Dealer,Manual,First Owner,25–50k,16,5.925925925925926,Old
Renault KWID Climber 1.0 AMT BSIV,2017,350000,7658,Petrol,Dealer,Automatic,First Owner,0–25k,8,45.703839122486286,New
Maruti Swift Dzire VDI,2017,611000,34400,Diesel,Dealer,Manual,First Owner,25–50k,8,17.761627906976745,New
Renault KWID RXL BSIV,2017,325000,18500,Petrol,Dealer,Manual,First Owner,0–25k,8,17.56756756756757,New
Maruti Alto VXi,2015,280000,26134,Petrol,Dealer,Manual,First Owner,25–50k,10,10.714012397642918,Old
Maruti Wagon R AMT VXI,2014,300000,28942,Petrol,Dealer,Automatic,First Owner,25–50k,11,10.365558703614125,Old
Mahindra XUV500 W8 2WD,2012,711000,53600,Diesel,Dealer,Manual,First Owner,50–75k,13,13.264925373134329,Old
Toyota Innova 2.5 G (Diesel) 8 Seater,2015,851000,53652,Diesel,Dealer,Manual,First Owner,50–75k,10,15.861477670916276,Old
Maruti Ritz VDi,2011,260000,52895,Diesel,Dealer,Manual,First Owner,50–75k,14,4.915398430853577,Old
Hyundai Verna SX Diesel,2013,550000,42324,Diesel,Dealer,Manual,Second Owner,25–50k,12,12.994991021642567,Old
Mahindra XUV500 W10 1.99 mHawk,2016,1044999,65000,Diesel,Dealer,Manual,First Owner,50–75k,9,16.076907692307692,New
Mahindra Scorpio EX,2012,550000,60236,Diesel,Dealer,Manual,First Owner,50–75k,13,9.130752373995618,Old
Maruti Wagon R VXI BS IV,2014,210000,70000,Petrol,Individual,Manual,Second Owner,50–75k,11,3.0,Old
Maruti Wagon R VXI BS IV,2014,210000,70000,Petrol,Individual,Manual,Third Owner,50–75k,11,3.0,Old
Mahindra Xylo E8,2009,290000,100000,Diesel,Individual,Manual,Second Owner,75–100k,16,2.9,Old
Fiat 500 Lounge,2008,250999,110000,Diesel,Individual,Manual,First Owner,100–150k,17,2.281809090909091,Old
Renault Triber RXT BSIV,2019,600000,10300,Petrol,Individual,Manual,First Owner,0–25k,6,58.25242718446602,New
Fiat Grande Punto EVO 1.3 Active,2014,270000,120000,Diesel,Individual,Manual,Second Owner,100–150k,11,2.25,Old
Tata New Safari 4X4 EX,2012,550000,142000,Diesel,Individual,Manual,First Owner,100–150k,13,3.8732394366197185,Old
Mahindra TUV 300 mHAWK100 T8,2017,800000,25000,Diesel,Individual,Manual,First Owner,0–25k,8,32.0,New
Tata Altroz XE,2020,500000,5000,Petrol,Individual,Manual,First Owner,0–25k,5,100.0,New
Hyundai Creta 1.6 CRDi SX,2016,535000,52600,Diesel,Individual,Manual,First Owner,50–75k,9,10.171102661596958,New
Hyundai Grand i10 1.2 Kappa Sportz BSIV,2016,396000,28643,Petrol,Dealer,Manual,First Owner,25–50k,9,13.825367454526411,New
Honda City i DTEC VX,2014,600000,50000,Diesel,Individual,Manual,First Owner,25–50k,11,12.0,Old
Maruti Wagon R ZXI 1.2,2019,575000,30000,Petrol,Dealer,Manual,First Owner,25–50k,6,19.166666666666668,New
Hyundai Santro Sportz BSIV,2020,520000,5000,Petrol,Individual,Manual,First Owner,0–25k,5,104.0,New
Mahindra XUV500 AT W10 FWD,2018,1400000,30000,Diesel,Individual,Automatic,First Owner,25–50k,7,46.666666666666664,New
Maruti Baleno Delta Automatic,2018,600000,7600,Petrol,Individual,Automatic,First Owner,0–25k,7,78.94736842105263,New
Chevrolet Beat Diesel LS,2013,195000,47253,Diesel,Dealer,Manual,First Owner,25–50k,12,4.126722112881722,Old
Maruti Alto K10 VXI AGS,2015,281000,4432,Petrol,Dealer,Automatic,Second Owner,0–25k,10,63.40252707581227,Old
Tata Indica GLS BS IV,2010,75000,110000,Petrol,Individual,Manual,Second Owner,100–150k,15,0.6818181818181818,Old
Hyundai Grand i10 Sportz,2014,400000,25000,Petrol,Individual,Manual,First Owner,0–25k,11,16.0,Old
Tata Indica Vista Terra 1.4 TDI,2009,93000,70000,Diesel,Individual,Manual,Second Owner,50–75k,16,1.3285714285714285,Old
Hyundai i20 Active S Petrol,2016,560000,68523,Petrol,Dealer,Manual,First Owner,50–75k,9,8.172438451322913,New
Hyundai EON 1.0 Era Plus,2019,400000,5000,Petrol,Individual,Manual,First Owner,0–25k,6,80.0,New
Tata Tigor 1.2 Revotron XT,2018,459999,40000,Petrol,Individual,Manual,First Owner,25–50k,7,11.499975,New
Hyundai Xcent 1.2 CRDi E,2017,450000,43000,Diesel,Individual,Manual,First Owner,25–50k,8,10.465116279069768,New
Maruti Alto Green LXi (CNG),2010,88000,80251,CNG,Dealer,Manual,Second Owner,75–100k,15,1.096559544429353,Old
Hyundai i20 1.2 Era,2010,250000,34500,Petrol,Individual,Manual,Second Owner,25–50k,15,7.246376811594203,Old
Ford Ikon 1.4 ZXi,2000,22000,42743,Petrol,Dealer,Manual,Third Owner,25–50k,25,0.5147041620850198,Old
Chevrolet Beat Diesel LS,2013,130000,93900,Diesel,Individual,Manual,Second Owner,75–100k,12,1.384451544195953,Old
Maruti Zen VXi - BS III,2004,79000,80000,Petrol,Individual,Manual,First Owner,75–100k,21,0.9875,Old
Chevrolet Beat Diesel LS,2012,120000,110000,Diesel,Individual,Manual,First Owner,100–150k,13,1.0909090909090908,Old
BMW 7 Series 730Ld,2011,1700000,100000,Diesel,Individual,Automatic,Second Owner,75–100k,14,17.0,Old
Chevrolet Optra Magnum 2.0 LT,2012,300000,25000,Diesel,Individual,Manual,First Owner,0–25k,13,12.0,Old
Chevrolet Optra Magnum 2.0 LT,2012,300000,25000,Diesel,Individual,Manual,First Owner,0–25k,13,12.0,Old
Maruti A-Star Lxi,2009,145000,25000,Petrol,Individual,Manual,First Owner,0–25k,16,5.8,Old
Ford Endeavour 3.2 Titanium AT 4X4,2019,3200000,20000,Diesel,Individual,Automatic,First Owner,0–25k,6,160.0,New
Chevrolet Spark 1.0 LT,2013,240000,10000,Petrol,Individual,Manual,First Owner,0–25k,12,24.0,Old
Honda WR-V i-DTEC VX,2018,700000,30000,Diesel,Individual,Manual,First Owner,25–50k,7,23.333333333333332,New
Hyundai Accent GLX,2010,145000,110000,Petrol,Individual,Manual,Second Owner,100–150k,15,1.3181818181818181,Old
Maruti Ertiga VDI Limited Edition,2014,535000,80000,Diesel,Individual,Manual,Second Owner,75–100k,11,6.6875,Old
Mahindra KUV 100 mFALCON G80 K2 Plus,2016,420000,21000,Petrol,Individual,Manual,First Owner,0–25k,9,20.0,New
Maruti Alto K10 VXI,2016,350000,20000,Petrol,Individual,Manual,First Owner,0–25k,9,17.5,New
Maruti Swift VDI BSIV,2015,550000,32000,Diesel,Individual,Manual,First Owner,25–50k,10,17.1875,Old
Mitsubishi Montero 3.2 MT,2007,750000,180000,Diesel,Individual,Manual,First Owner,150–200k,18,4.166666666666667,Old
Tata Indica Vista Aqua 1.3 Quadrajet ABS BSIV,2012,198000,70000,Diesel,Individual,Manual,Second Owner,50–75k,13,2.8285714285714287,Old
Hyundai i20 Magna Optional 1.4 CRDi,2013,420000,50000,Diesel,Individual,Manual,First Owner,25–50k,12,8.4,Old
Hyundai i20 Magna Optional 1.4 CRDi,2013,420000,50000,Diesel,Individual,Manual,First Owner,25–50k,12,8.4,Old
Ford Endeavour 4x2 XLT,2004,195000,120000,Diesel,Individual,Manual,First Owner,100–150k,21,1.625,Old
Hyundai EON Sportz,2012,150000,55766,Petrol,Individual,Manual,Second Owner,50–75k,13,2.6898109959473513,Old
Nissan Micra XL,2011,275000,40000,Petrol,Individual,Manual,Second Owner,25–50k,14,6.875,Old
Maruti 800 Std,2001,65000,60000,Petrol,Individual,Manual,Third Owner,50–75k,24,1.0833333333333333,Old
Maruti Swift LXi BSIV,2008,200000,50000,Petrol,Individual,Manual,First Owner,25–50k,17,4.0,Old
Maruti Swift Dzire VDi,2010,250000,110000,Diesel,Individual,Manual,Second Owner,100–150k,15,2.272727272727273,Old
Renault Duster 85PS Diesel RxL,2013,450000,1000,Diesel,Dealer,Manual,Second Owner,0–25k,12,450.0,Old
Maruti Ignis 1.3 Delta,2018,590000,26350,Diesel,Dealer,Manual,First Owner,25–50k,7,22.39089184060721,New
Maruti SX4 Vxi BSIV,2012,225000,110000,Petrol,Individual,Manual,Second Owner,100–150k,13,2.0454545454545454,Old
Tata Indigo CS LX (TDI) BS-III,2015,225000,68745,Diesel,Dealer,Manual,First Owner,50–75k,10,3.2729653065677504,Old
Maruti Alto 800 LXI,2006,165000,132000,Petrol,Individual,Manual,First Owner,100–150k,19,1.25,Old
Mahindra Bolero Power Plus SLX,2019,860000,35000,Diesel,Individual,Manual,First Owner,25–50k,6,24.571428571428573,New
Mahindra XUV500 W6 2WD,2016,900000,47000,Diesel,Individual,Manual,First Owner,25–50k,9,19.148936170212767,New
Tata Indigo TDI,2013,182000,100000,Diesel,Individual,Manual,First Owner,75–100k,12,1.82,Old
Tata Indica Vista Terra 1.4 TDI,2010,100000,80000,Diesel,Individual,Manual,First Owner,75–100k,15,1.25,Old
Hyundai Santro Xing XL eRLX Euro III,2006,100000,40000,Petrol,Individual,Manual,Second Owner,25–50k,19,2.5,Old
Maruti Alto K10 VXI AGS,2017,375000,27289,Petrol,Dealer,Automatic,First Owner,25–50k,8,13.741800725567078,New
Tata Tiago XZA AMT,2018,525000,10980,Petrol,Dealer,Automatic,First Owner,0–25k,7,47.814207650273225,New
Hyundai EON Era Plus,2016,320000,24662,Petrol,Dealer,Manual,First Owner,0–25k,9,12.975427783634741,New
Maruti Swift Dzire VDI,2013,525000,37000,Diesel,Dealer,Manual,First Owner,25–50k,12,14.18918918918919,Old
Nissan Evalia XV,2014,650000,28245,Diesel,Dealer,Manual,First Owner,25–50k,11,23.01292264117543,Old
Hyundai Grand i10 1.2 CRDi Sportz Option,2017,575000,27005,Diesel,Dealer,Manual,First Owner,25–50k,8,21.29235326791335,New
Hyundai i10 Magna,2014,355000,39227,Petrol,Dealer,Manual,First Owner,25–50k,11,9.049889106992632,Old
Mahindra KUV 100 D75 K4 Plus 5Str,2016,470000,31367,Diesel,Dealer,Manual,First Owner,25–50k,9,14.983900277361558,New
Maruti Wagon R LXI,2008,221000,35008,Petrol,Dealer,Manual,First Owner,25–50k,17,6.312842778793419,Old
Hyundai Santro Xing GLS,2009,195000,27005,Petrol,Dealer,Manual,First Owner,25–50k,16,7.220885021292354,Old
Maruti Zen VX,2001,85000,86000,Petrol,Individual,Manual,Second Owner,75–100k,24,0.9883720930232558,Old
Maruti Swift VDI,2013,400000,50000,Diesel,Individual,Manual,First Owner,25–50k,12,8.0,Old
Maruti Baleno Delta 1.3,2017,650000,20000,Diesel,Individual,Manual,First Owner,0–25k,8,32.5,New
Hyundai i10 Magna 1.2,2010,400000,50000,Petrol,Individual,Manual,First Owner,25–50k,15,8.0,Old
Tata Manza Aura (ABS) Quadrajet BS IV,2012,295000,80000,Diesel,Individual,Manual,Second Owner,75–100k,13,3.6875,Old
Maruti Omni LPG STD BSIV,2006,60000,135000,LPG,Individual,Manual,Fourth & Above Owner,100–150k,19,0.4444444444444444,Old
Maruti Zen D PS,2003,110000,120000,Diesel,Individual,Manual,Third Owner,100–150k,22,0.9166666666666666,Old
Fiat Linea 1.3 Multijet Emotion,2015,550000,113600,Diesel,Individual,Manual,First Owner,100–150k,10,4.841549295774648,Old
Hyundai Santro Xing GLS,2008,190000,70000,Petrol,Individual,Manual,Third Owner,50–75k,17,2.7142857142857144,Old
Ford Aspire Titanium Plus Diesel BSIV,2018,861999,20000,Diesel,Dealer,Manual,First Owner,0–25k,7,43.09995,New
Ford Aspire Titanium Plus BSIV,2018,782000,14000,Petrol,Dealer,Manual,First Owner,0–25k,7,55.857142857142854,New
Ford Freestyle Titanium Plus Diesel BSIV,2018,836000,26000,Diesel,Dealer,Manual,First Owner,25–50k,7,32.15384615384615,New
Honda City i VTEC V,2016,696000,138925,Petrol,Dealer,Manual,First Owner,100–150k,9,5.009897426669066,New
Honda Jazz 1.5 VX i DTEC,2016,596000,121764,Diesel,Dealer,Manual,First Owner,100–150k,9,4.894714365493906,New
Honda Jazz 1.2 VX i VTEC,2016,612000,105429,Petrol,Dealer,Manual,First Owner,100–150k,9,5.804854451811171,New
Maruti Alto 800 LXI,2015,114999,35000,Petrol,Individual,Manual,First Owner,25–50k,10,3.285685714285714,Old
Tata Bolt Quadrajet XE,2017,340000,60000,Diesel,Individual,Manual,First Owner,50–75k,8,5.666666666666667,New
Maruti Swift ZXI Plus,2020,550000,5000,Petrol,Individual,Manual,First Owner,0–25k,5,110.0,New
Chevrolet Aveo U-VA 1.2 LT,2008,114999,70000,Petrol,Individual,Manual,Third Owner,50–75k,17,1.642842857142857,Old
Maruti Wagon R VXI,2000,105000,80000,Petrol,Individual,Manual,First Owner,75–100k,25,1.3125,Old
Maruti Vitara Brezza ZDi,2019,890000,20000,Diesel,Individual,Manual,First Owner,0–25k,6,44.5,New
Tata Nexon 1.2 Revotron XZ Plus,2019,715000,8000,Petrol,Individual,Manual,First Owner,0–25k,6,89.375,New
Hyundai i20 Asta (o),2014,525000,54000,Petrol,Dealer,Manual,Second Owner,50–75k,11,9.722222222222221,Old
Volkswagen Jetta 2.0L TDI Highline AT,2012,735000,55300,Diesel,Dealer,Automatic,First Owner,50–75k,13,13.291139240506329,Old
Honda Amaze S i-VTEC,2016,495000,11958,Petrol,Dealer,Manual,First Owner,0–25k,9,41.39488208730557,New
Hyundai Creta 1.6 SX Option,2017,1025000,9000,Petrol,Dealer,Manual,First Owner,0–25k,8,113.88888888888889,New
Mahindra XUV500 W8 2WD,2015,750000,70000,Diesel,Individual,Manual,First Owner,50–75k,10,10.714285714285714,Old
Renault Duster 85PS Diesel RxL Optional,2013,600000,120000,Diesel,Individual,Manual,First Owner,100–150k,12,5.0,Old
Hyundai i20 Asta 1.2,2014,475000,23122,Petrol,Dealer,Manual,Second Owner,0–25k,11,20.543205605051465,Old
Hyundai Santro Xing XO,2007,80000,58000,Petrol,Dealer,Manual,Second Owner,50–75k,18,1.3793103448275863,Old
Mahindra Bolero 2011-2019 SLE,2013,325000,62200,Diesel,Dealer,Manual,First Owner,50–75k,12,5.22508038585209,Old
Audi A6 2.0 TDI Premium Plus,2014,1470000,34000,Diesel,Dealer,Automatic,Second Owner,25–50k,11,43.23529411764706,Old
Fiat Avventura MULTIJET Emotion,2015,350000,53000,Diesel,Individual,Manual,Second Owner,50–75k,10,6.60377358490566,Old
Audi A8 4.2 TDI,2013,2800000,49000,Diesel,Dealer,Automatic,First Owner,25–50k,12,57.142857142857146,Old
Datsun RediGO 1.0 S,2017,210000,15000,Petrol,Dealer,Manual,Second Owner,0–25k,8,14.0,New
Chevrolet Cruze LT,2012,349000,44500,Diesel,Dealer,Manual,Second Owner,25–50k,13,7.842696629213483,Old
Volkswagen Jetta 1.4 TSI Comfortline,2013,450000,50000,Petrol,Individual,Manual,First Owner,25–50k,12,9.0,Old
Audi A4 2.0 TDI 177 Bhp Premium Plus,2013,1150000,53000,Diesel,Dealer,Automatic,First Owner,50–75k,12,21.69811320754717,Old
Honda Civic 1.8 V AT,2009,210000,63500,Petrol,Dealer,Automatic,First Owner,50–75k,16,3.3070866141732282,Old
Mercedes-Benz E-Class Exclusive E 200 BSIV,2018,4500000,9800,Petrol,Dealer,Automatic,First Owner,0–25k,7,459.18367346938777,New
Volkswagen Polo GTI,2017,825000,13599,Petrol,Dealer,Automatic,First Owner,0–25k,8,60.666225457754244,New
BMW X1 sDrive 20d xLine,2017,2750000,13000,Diesel,Individual,Automatic,First Owner,0–25k,8,211.53846153846155,New
Chevrolet Beat Diesel,2012,160000,110000,Diesel,Individual,Manual,First Owner,100–150k,13,1.4545454545454546,Old
Mahindra Scorpio SLE BSIV,2014,550000,100000,Diesel,Individual,Manual,Second Owner,75–100k,11,5.5,Old
Maruti Swift 1.3 VXI ABS,2006,95000,110000,Petrol,Individual,Manual,Third Owner,100–150k,19,0.8636363636363636,Old
Toyota Innova 2.5 G (Diesel) 7 Seater,2014,725000,90000,Diesel,Individual,Manual,Second Owner,75–100k,11,8.055555555555555,Old
Tata Tigor 1.2 Revotron XZ Option,2019,670000,17000,Petrol,Individual,Manual,First Owner,0–25k,6,39.411764705882355,New
Maruti Alto LX,2008,65000,140000,Petrol,Individual,Manual,First Owner,100–150k,17,0.4642857142857143,Old
Mahindra Xylo D4,2015,500000,50000,Diesel,Individual,Manual,Second Owner,25–50k,10,10.0,Old
Mahindra KUV 100 mFALCON G80 K8 5str,2017,600000,53000,Petrol,Individual,Manual,First Owner,50–75k,8,11.320754716981131,New
Maruti Wagon R VXI Optional,2017,350000,70000,Petrol,Individual,Manual,Second Owner,50–75k,8,5.0,New
Chevrolet Beat Diesel LT,2012,200000,70000,Diesel,Individual,Manual,Second Owner,50–75k,13,2.857142857142857,Old
Hyundai Getz 1.5 CRDi GVS,2008,110000,154000,Diesel,Individual,Manual,Third Owner,150–200k,17,0.7142857142857143,Old
Hyundai EON Sportz,2012,150000,80000,Petrol,Individual,Manual,First Owner,75–100k,13,1.875,Old
Maruti Zen D PS,2003,75000,110000,Diesel,Individual,Manual,Second Owner,100–150k,22,0.6818181818181818,Old
Honda Amaze EX i-Dtech,2013,350000,90000,Diesel,Individual,Manual,Second Owner,75–100k,12,3.888888888888889,Old
Toyota Innova Crysta 2.4 VX MT 8S BSIV,2018,1700000,15000,Diesel,Individual,Manual,First Owner,0–25k,7,113.33333333333333,New
BMW X1 sDrive20d,2011,890000,86000,Diesel,Individual,Automatic,Second Owner,75–100k,14,10.348837209302326,Old
Mahindra Scorpio M2DI,2014,500000,120000,Diesel,Individual,Manual,First Owner,100–150k,11,4.166666666666667,Old
Hyundai Elite i20 Sportz Plus Dual Tone BSIV,2019,600000,5200,Petrol,Individual,Manual,First Owner,0–25k,6,115.38461538461539,New
Chevrolet Beat LS,2010,99000,60000,Petrol,Individual,Manual,Second Owner,50–75k,15,1.65,Old
Hyundai i10 Era 1.1 iTech SE,2011,235000,46000,Petrol,Individual,Manual,First Owner,25–50k,14,5.108695652173913,Old
Tata Indigo GLX,2006,75000,40000,Petrol,Individual,Manual,Second Owner,25–50k,19,1.875,Old
Honda City i DTEC VX,2014,600000,90000,Diesel,Individual,Manual,Second Owner,75–100k,11,6.666666666666667,Old
Hyundai Verna CRDi 1.6 SX,2019,1000000,25000,Diesel,Individual,Manual,Second Owner,0–25k,6,40.0,New
Hyundai Verna 1.6 SX,2012,390000,90000,Diesel,Individual,Manual,First Owner,75–100k,13,4.333333333333333,Old
Volkswagen Polo 1.5 TDI Highline,2015,600000,70000,Diesel,Individual,Manual,First Owner,50–75k,10,8.571428571428571,Old
Hyundai i20 1.2 Spotz,2017,600000,70000,Petrol,Individual,Manual,Second Owner,50–75k,8,8.571428571428571,New
Hyundai Elite i20 Magna Plus Diesel,2019,730000,35000,Diesel,Individual,Manual,Second Owner,25–50k,6,20.857142857142858,New
Hyundai Grand i10 1.2 Kappa Magna AT,2017,450000,12700,Petrol,Individual,Automatic,First Owner,0–25k,8,35.43307086614173,New
Maruti Ritz LDi,2011,250000,80000,Diesel,Individual,Manual,First Owner,75–100k,14,3.125,Old
Mahindra XUV500 W10 2WD,2018,1400000,20000,Diesel,Individual,Manual,First Owner,0–25k,7,70.0,New
Renault KWID 1.0 RXT Optional,2018,300000,20000,Petrol,Individual,Manual,First Owner,0–25k,7,15.0,New
Ford EcoSport 1.5 Petrol Titanium BSIV,2017,800000,19000,Petrol,Individual,Manual,First Owner,0–25k,8,42.10526315789474,New
Fiat Grande Punto Active (Diesel),2009,125000,95000,Diesel,Individual,Manual,Second Owner,75–100k,16,1.3157894736842106,Old
BMW X1 sDrive 20d xLine,2019,2600000,9500,Diesel,Individual,Automatic,First Owner,0–25k,6,273.6842105263158,New
Skoda Fabia 1.2 MPI Ambition Plus,2012,300000,50000,Petrol,Individual,Manual,First Owner,25–50k,13,6.0,Old
Volkswagen Polo Diesel Trendline 1.2L,2012,295000,90000,Diesel,Individual,Manual,First Owner,75–100k,13,3.2777777777777777,Old
Ford Ecosport 1.0 Ecoboost Platinum Edition BSIV,2013,650000,45839,Petrol,Dealer,Manual,First Owner,25–50k,12,14.180065010144201,Old
Chevrolet Aveo 1.4 LS,2010,200000,74510,Petrol,Dealer,Manual,First Owner,50–75k,15,2.6842034626224667,Old
Chevrolet Aveo U-VA 1.2 LS,2009,130000,87293,Petrol,Dealer,Manual,First Owner,75–100k,16,1.489237395896578,Old
Ford Figo Diesel EXI,2012,250000,156040,Diesel,Dealer,Manual,First Owner,150–200k,13,1.6021532940271725,Old
Ford Endeavour 2.5L 4X2 MT,2004,400000,93415,Diesel,Dealer,Manual,First Owner,75–100k,21,4.281967564095702,Old
Ford Aspire Titanium BSIV,2017,430000,101159,Petrol,Dealer,Manual,First Owner,100–150k,8,4.250733993020888,New
Hyundai EON 1.0 Kappa Magna Plus,2015,170000,80000,Petrol,Individual,Manual,Second Owner,75–100k,10,2.125,Old
Tata Tiago 2019-2020 XZ,2019,450000,12000,Petrol,Individual,Manual,First Owner,0–25k,6,37.5,New
Maruti Swift ZXI,2013,350000,90000,Petrol,Individual,Manual,First Owner,75–100k,12,3.888888888888889,Old
Chevrolet Spark 1.0 LT,2011,130000,68519,Petrol,Dealer,Manual,First Owner,50–75k,14,1.8972839650315971,Old
Chevrolet Beat Diesel LS,2012,180000,55130,Diesel,Dealer,Manual,First Owner,50–75k,13,3.2650099764193725,Old
Ford Ecosport 1.0 Ecoboost Titanium Optional,2014,475000,65239,Petrol,Dealer,Manual,First Owner,50–75k,11,7.280920921534665,Old
Volkswagen Polo 1.2 MPI Comfortline,2015,470000,58182,Petrol,Dealer,Manual,First Owner,50–75k,10,8.078099755938263,Old
Ford Fiesta Diesel Trend,2012,200000,91245,Diesel,Dealer,Manual,First Owner,75–100k,13,2.1919009260781412,Old
Mahindra XUV500 W8 2WD,2013,650000,102989,Diesel,Dealer,Manual,First Owner,100–150k,12,6.311353639709095,Old
Honda City 1.5 E MT,2010,400000,50000,Petrol,Individual,Manual,First Owner,25–50k,15,8.0,Old
Maruti Zen VXI,2000,100000,120000,Petrol,Individual,Manual,First Owner,100–150k,25,0.8333333333333334,Old
Maruti Swift Dzire VDI,2014,409999,90000,Diesel,Individual,Manual,First Owner,75–100k,11,4.555544444444444,Old
Maruti Swift VDI BSIV,2018,640000,25000,Diesel,Individual,Manual,First Owner,0–25k,7,25.6,New
Maruti Wagon R LXI Minor,2007,160000,80000,Petrol,Individual,Manual,Second Owner,75–100k,18,2.0,Old
Tata Indigo TDI,2013,182000,100000,Diesel,Individual,Manual,First Owner,75–100k,12,1.82,Old
Maruti Baleno Zeta 1.3,2018,750000,70000,Diesel,Individual,Manual,First Owner,50–75k,7,10.714285714285714,New
Mahindra Jeep MM 550 XDB,2002,150000,50000,Diesel,Individual,Manual,Third Owner,25–50k,23,3.0,Old
Maruti Alto STD,2008,80000,100000,Petrol,Individual,Manual,Second Owner,75–100k,17,0.8,Old
Maruti Celerio VDi,2016,240000,90000,Diesel,Individual,Manual,Third Owner,75–100k,9,2.6666666666666665,New
Maruti Esteem Lxi,2005,60000,60000,Petrol,Individual,Manual,Third Owner,50–75k,20,1.0,Old
Maruti Alto LX,2007,70000,120000,Petrol,Individual,Manual,Third Owner,100–150k,18,0.5833333333333334,Old
Volkswagen Jetta 1.9 Highline TDI,2008,285000,90000,Diesel,Individual,Automatic,Second Owner,75–100k,17,3.1666666666666665,Old
Maruti Swift VDI BSIV,2015,350000,60000,Diesel,Individual,Manual,Second Owner,50–75k,10,5.833333333333333,Old
Hyundai i20 Active 1.4 SX with AVN,2015,699000,30000,Diesel,Individual,Manual,Second Owner,25–50k,10,23.3,Old
Ford Figo Diesel ZXI,2011,275000,108000,Diesel,Individual,Manual,Second Owner,100–150k,14,2.5462962962962963,Old
Hyundai i20 1.4 CRDi Magna,2012,350000,160000,Diesel,Individual,Manual,Second Owner,150–200k,13,2.1875,Old
Maruti Alto LXi BSIII,2006,135000,90000,Petrol,Individual,Manual,Third Owner,75–100k,19,1.5,Old
Mahindra Xylo E4 8S,2010,325000,120000,Diesel,Individual,Manual,Third Owner,100–150k,15,2.7083333333333335,Old
Mahindra XUV500 W8 2WD,2012,650000,102000,Diesel,Individual,Manual,Second Owner,100–150k,13,6.372549019607843,Old
Mahindra Bolero SLE,2009,300000,178000,Diesel,Individual,Manual,Second Owner,150–200k,16,1.6853932584269662,Old
Toyota Innova 2.5 VX (Diesel) 8 Seater,2014,1200000,200000,Diesel,Individual,Manual,Second Owner,150–200k,11,6.0,Old
Ford Fiesta Petrol Trend,2012,450000,60000,Petrol,Dealer,Manual,First Owner,50–75k,13,7.5,Old
Tata Tiago 1.2 Revotron XE,2019,425000,3000,Petrol,Individual,Manual,First Owner,0–25k,6,141.66666666666666,New
Maruti Alto LXi,2006,150000,75118,Petrol,Individual,Manual,Second Owner,75–100k,19,1.9968582763119358,Old
Maruti Ritz LDi,2013,290000,140000,Diesel,Individual,Manual,Second Owner,100–150k,12,2.0714285714285716,Old
Hyundai Xcent 1.2 Kappa Base,2014,335000,60000,Petrol,Individual,Manual,Second Owner,50–75k,11,5.583333333333333,Old
Chevrolet Optra 1.6,2006,120000,79000,Petrol,Dealer,Manual,Fourth & Above Owner,75–100k,19,1.518987341772152,Old
Ford Ikon 1.6 ZXI NXt,2005,20000,25000,Petrol,Individual,Manual,Second Owner,0–25k,20,0.8,Old
Hyundai Getz GLS,2005,250000,70000,Petrol,Individual,Manual,First Owner,50–75k,20,3.5714285714285716,Old
Hyundai Santro Xing GL Plus,2008,120000,41723,Petrol,Individual,Manual,Second Owner,25–50k,17,2.8761114972557102,Old
Maruti SX4 Vxi BSIV,2010,250000,70000,Petrol,Individual,Manual,First Owner,50–75k,15,3.5714285714285716,Old
Tata Indigo LS,2012,220000,70000,Diesel,Individual,Manual,Second Owner,50–75k,13,3.142857142857143,Old
Ford Ikon 1.3 Flair,2005,61000,4637,Petrol,Individual,Manual,Second Owner,0–25k,20,13.155057149018763,Old
Maruti Swift VDI BSIV,2016,620000,70000,Diesel,Individual,Manual,First Owner,50–75k,9,8.857142857142858,New
Maruti Swift Dzire LDIX Limited Edition,2014,425000,100000,Diesel,Individual,Manual,Second Owner,75–100k,11,4.25,Old
Tata Indica Vista Aqua 1.3 Quadrajet,2009,85000,120000,Diesel,Individual,Manual,Second Owner,100–150k,16,0.7083333333333334,Old
Maruti Swift 1.3 DLX,2015,270000,40000,Diesel,Individual,Manual,Second Owner,25–50k,10,6.75,Old
Maruti Swift Vdi BSIII,2009,180000,220000,Diesel,Individual,Manual,First Owner,200k+,16,0.8181818181818182,Old
Renault KWID 1.0 RXT Optional,2018,300000,20000,Petrol,Individual,Manual,First Owner,0–25k,7,15.0,New
Ford EcoSport 1.5 Petrol Titanium BSIV,2017,800000,19000,Petrol,Individual,Manual,First Owner,0–25k,8,42.10526315789474,New
Fiat Grande Punto Active (Diesel),2009,125000,95000,Diesel,Individual,Manual,Second Owner,75–100k,16,1.3157894736842106,Old
Mahindra KUV 100 mFALCON G80 K2,2017,450000,30000,Petrol,Individual,Manual,First Owner,25–50k,8,15.0,New
Tata New Safari DICOR 2.2 VX 4x4,2012,450000,42655,Diesel,Individual,Manual,First Owner,25–50k,13,10.549759699917946,Old
Renault KWID 1.0 RXL,2017,250000,43000,Petrol,Individual,Manual,Second Owner,25–50k,8,5.813953488372093,New
Toyota Innova 2.5 VX 8 STR BSIV,2012,725000,70000,Diesel,Individual,Manual,First Owner,50–75k,13,10.357142857142858,Old
Hyundai i20 Magna,2010,250000,55000,Petrol,Individual,Manual,First Owner,50–75k,15,4.545454545454546,Old
Fiat Punto 1.3 Active,2010,99000,80000,Diesel,Individual,Manual,Second Owner,75–100k,15,1.2375,Old
Renault KWID 1.0,2017,350000,55000,Petrol,Individual,Manual,First Owner,50–75k,8,6.363636363636363,New
Hyundai Xcent 1.2 VTVT E Plus,2018,511000,70000,Petrol,Individual,Manual,First Owner,50–75k,7,7.3,New
Maruti Ritz VDi,2012,300000,80000,Diesel,Individual,Manual,First Owner,75–100k,13,3.75,Old
Audi Q5 2.0 TFSI Quattro,2010,1100000,110000,Petrol,Individual,Automatic,First Owner,100–150k,15,10.0,Old
Hyundai i10 Sportz 1.2,2010,125000,60000,Petrol,Individual,Manual,Third Owner,50–75k,15,2.0833333333333335,Old
Tata Tiago 1.2 Revotron XZ,2018,500000,30000,Petrol,Individual,Manual,First Owner,25–50k,7,16.666666666666668,New
Renault Duster 85PS Diesel RxL,2013,385000,80000,Diesel,Individual,Manual,Second Owner,75–100k,12,4.8125,Old
Skoda Rapid 1.6 MPI Elegance,2012,350000,90000,Petrol,Individual,Manual,First Owner,75–100k,13,3.888888888888889,Old
Maruti 800 Std BSIII,2003,60000,50000,Petrol,Individual,Manual,First Owner,25–50k,22,1.2,Old
Hyundai Santro Xing GLS,2012,300000,50000,Petrol,Individual,Manual,First Owner,25–50k,13,6.0,Old
Hyundai i20 1.4 CRDi Asta,2012,400000,70000,Diesel,Individual,Manual,First Owner,50–75k,13,5.714285714285714,Old
Ford Ecosport 1.5 DV5 MT Titanium,2014,550000,110000,Diesel,Individual,Manual,First Owner,100–150k,11,5.0,Old
Nissan Sunny XL,2012,300000,80000,Petrol,Individual,Manual,Second Owner,75–100k,13,3.75,Old
Maruti Swift VDI,2012,250000,156000,Diesel,Individual,Manual,First Owner,150–200k,13,1.6025641025641026,Old
Toyota Innova 2.5 GX 7 STR,2012,800000,180000,Diesel,Individual,Manual,First Owner,150–200k,13,4.444444444444445,Old
Maruti Eeco 5 Seater AC BSIV,2018,300000,25000,Petrol,Individual,Manual,First Owner,0–25k,7,12.0,New
Maruti Alto LX,2004,80000,120000,Petrol,Individual,Manual,First Owner,100–150k,21,0.6666666666666666,Old
Mahindra Scorpio S5 BSIV,2020,1200000,11000,Diesel,Individual,Manual,First Owner,0–25k,5,109.0909090909091,New
Renault KWID AMT,2017,355000,40000,Petrol,Individual,Automatic,First Owner,25–50k,8,8.875,New
Maruti Swift Dzire VDI,2015,520000,50000,Diesel,Individual,Manual,First Owner,25–50k,10,10.4,Old
Hyundai Verna 1.6 CRDI,2012,500000,26000,Diesel,Individual,Manual,First Owner,25–50k,13,19.23076923076923,Old
Maruti Alto LXi,2008,114999,30000,Petrol,Individual,Manual,First Owner,25–50k,17,3.8333,Old
Toyota Fortuner 4x2 Manual,2014,1800000,50000,Diesel,Individual,Manual,First Owner,25–50k,11,36.0,Old
Mahindra TUV 300 T6 Plus,2018,800000,20000,Diesel,Individual,Manual,First Owner,0–25k,7,40.0,New
Maruti Alto LXi BSIII,2008,105000,30000,Petrol,Individual,Manual,Second Owner,25–50k,17,3.5,Old
Maruti Alto LXi,2011,135000,78000,Petrol,Individual,Manual,First Owner,75–100k,14,1.7307692307692308,Old
Maruti Wagon R VXI BS IV,2011,170000,40000,Petrol,Individual,Manual,Second Owner,25–50k,14,4.25,Old
Hyundai Verna 1.6 SX VTVT,2014,550000,100000,Petrol,Individual,Manual,First Owner,75–100k,11,5.5,Old
Honda City 1.5 V MT,2009,250000,70000,Petrol,Individual,Manual,Third Owner,50–75k,16,3.5714285714285716,Old
Hyundai Elantra CRDi SX,2014,650000,30000,Diesel,Individual,Manual,Second Owner,25–50k,11,21.666666666666668,Old
Honda City 1.5 V AT Exclusive,2008,210000,77000,Petrol,Individual,Automatic,Third Owner,75–100k,17,2.727272727272727,Old
Volkswagen Vento Diesel Highline,2011,260000,150000,Diesel,Individual,Manual,First Owner,100–150k,14,1.7333333333333334,Old
Maruti Swift Dzire ZDI,2016,750000,69000,Diesel,Individual,Manual,First Owner,50–75k,9,10.869565217391305,New
Toyota Innova Crysta 2.8 GX AT BSIV,2016,1350000,120000,Diesel,Individual,Automatic,First Owner,100–150k,9,11.25,New
Maruti Ritz VDi,2012,220000,120000,Diesel,Individual,Manual,Second Owner,100–150k,13,1.8333333333333333,Old
Hyundai Getz 1.3 GLS,2008,110000,110000,Petrol,Individual,Manual,Second Owner,100–150k,17,1.0,Old
Mahindra XUV500 AT W8 FWD,2017,1230000,70000,Diesel,Individual,Automatic,First Owner,50–75k,8,17.571428571428573,New
Mahindra Quanto C6,2013,220000,110000,Diesel,Individual,Manual,First Owner,100–150k,12,2.0,Old
Tata Indigo LX Dicor,2009,130000,50000,Diesel,Individual,Manual,First Owner,25–50k,16,2.6,Old
Hyundai i20 1.2 Magna,2012,330000,44000,Petrol,Individual,Manual,First Owner,25–50k,13,7.5,Old
Honda City 1.5 S MT,2010,254999,90000,Petrol,Individual,Manual,Second Owner,75–100k,15,2.8333222222222223,Old
Hyundai Verna 1.6 SX VTVT (O),2014,600000,50000,Petrol,Individual,Manual,Second Owner,25–50k,11,12.0,Old
Hyundai i10 Magna,2012,210000,50000,Petrol,Individual,Manual,First Owner,25–50k,13,4.2,Old
Chevrolet Enjoy TCDi LT 7 Seater,2014,300000,146000,Diesel,Individual,Manual,First Owner,100–150k,11,2.0547945205479454,Old
Tata Tiago 1.2 Revotron XTA,2018,426000,15000,Petrol,Individual,Automatic,First Owner,0–25k,7,28.4,New
Maruti Alto K10 VXI,2015,265000,60000,Petrol,Individual,Manual,First Owner,50–75k,10,4.416666666666667,Old
Hyundai Xcent 1.2 Kappa SX,2016,450000,35000,Petrol,Individual,Manual,Second Owner,25–50k,9,12.857142857142858,New
Hyundai Verna 1.6 SX,2012,480000,80000,Diesel,Individual,Manual,First Owner,75–100k,13,6.0,Old
Tata Nano Lx,2010,40000,90000,Petrol,Individual,Manual,First Owner,75–100k,15,0.4444444444444444,Old
Honda City 1.5 S MT,2011,395000,70000,Petrol,Individual,Manual,Second Owner,50–75k,14,5.642857142857143,Old
Maruti Wagon R VXI BS IV,2013,229999,62000,Petrol,Individual,Manual,Second Owner,50–75k,12,3.7096612903225807,Old
Ford Ecosport 1.5 Petrol Titanium Plus AT,2018,875000,10000,Petrol,Individual,Automatic,First Owner,0–25k,7,87.5,New
Maruti Eeco 5 STR With AC Plus HTR CNG,2010,170000,80000,CNG,Individual,Manual,Fourth & Above Owner,75–100k,15,2.125,Old
Hyundai i20 Sportz 1.2,2015,500000,35000,Petrol,Individual,Manual,Second Owner,25–50k,10,14.285714285714286,Old
Renault Duster 85PS Diesel RxL,2013,450000,1000,Diesel,Dealer,Manual,Second Owner,0–25k,12,450.0,Old
Mercedes-Benz C-Class Progressive C 220d,2018,3800000,10000,Diesel,Dealer,Automatic,First Owner,0–25k,7,380.0,New
Audi A4 3.0 TDI Quattro,2013,1580000,86000,Diesel,Dealer,Automatic,First Owner,75–100k,12,18.372093023255815,Old
BMW X5 xDrive 30d xLine,2019,4950000,30000,Diesel,Dealer,Automatic,First Owner,25–50k,6,165.0,New
Hyundai Creta 1.6 CRDi SX,2016,535000,52600,Diesel,Individual,Manual,First Owner,50–75k,9,10.171102661596958,New
Maruti SX4 Vxi BSIV,2012,225000,110000,Petrol,Individual,Manual,Second Owner,100–150k,13,2.0454545454545454,Old
Hyundai Grand i10 1.2 Kappa Magna AT,2017,550000,19890,Petrol,Dealer,Automatic,First Owner,0–25k,8,27.65208647561589,New
Maruti Swift ZXI BSIV,2016,670000,7104,Petrol,Trustmark Dealer,Manual,First Owner,0–25k,9,94.31306306306307,New
Maruti Ertiga VXI,2015,625000,11918,Petrol,Trustmark Dealer,Manual,First Owner,0–25k,10,52.44168484645075,Old
Hyundai Grand i10 Magna AT,2017,520000,10510,Petrol,Dealer,Automatic,First Owner,0–25k,8,49.476688867745004,New
Chevrolet Beat LT Option,2016,239000,41000,Petrol,Dealer,Manual,First Owner,25–50k,9,5.829268292682927,New
Toyota Fortuner 4x2 AT,2017,2600000,47162,Diesel,Trustmark Dealer,Automatic,First Owner,25–50k,8,55.12912938382596,New
Maruti S-Cross Zeta DDiS 200 SH,2015,750000,45974,Diesel,Trustmark Dealer,Manual,First Owner,25–50k,10,16.313568538739286,Old
Hyundai i10 Magna,2012,229999,49824,Petrol,Dealer,Manual,First Owner,25–50k,13,4.616229126525369,Old
Audi A6 2.0 TDI Premium Plus,2013,1300000,58500,Diesel,Dealer,Automatic,First Owner,50–75k,12,22.22222222222222,Old
Hyundai Santro GS,2005,80000,56580,Petrol,Dealer,Manual,First Owner,50–75k,20,1.4139271827500883,Old
Skoda Laura Ambiente 2.0 TDI CR MT,2012,385000,52000,Diesel,Dealer,Manual,First Owner,50–75k,13,7.403846153846154,Old
Hyundai Verna 1.6 VTVT SX,2015,760000,55340,Petrol,Trustmark Dealer,Manual,First Owner,50–75k,10,13.733285146367907,Old
Maruti Swift Dzire VDI,2017,600000,46507,Diesel,Trustmark Dealer,Manual,First Owner,25–50k,8,12.901283677725933,New
Maruti Ignis 1.2 Sigma BSIV,2019,450000,40000,Petrol,Individual,Manual,First Owner,25–50k,6,11.25,New
Maruti Ignis 1.2 Sigma BSIV,2019,450000,40000,Petrol,Individual,Manual,First Owner,25–50k,6,11.25,New
Maruti Ertiga VDI,2012,550000,120000,Diesel,Individual,Manual,Third Owner,100–150k,13,4.583333333333333,Old
Tata Manza Aura Safire BS IV,2013,200000,60000,Petrol,Individual,Manual,First Owner,50–75k,12,3.3333333333333335,Old
Tata Indica GLS BS IV,2008,80000,90000,Petrol,Individual,Manual,Second Owner,75–100k,17,0.8888888888888888,Old
Tata New Safari DICOR 2.2 EX 4x2,2010,300000,250000,Diesel,Individual,Manual,Second Owner,200k+,15,1.2,Old
Ford Aspire Titanium Plus Diesel BSIV,2019,675000,15000,Diesel,Individual,Manual,First Owner,0–25k,6,45.0,New
Maruti Eeco 7 Seater Standard BSIV,2017,260000,30000,Petrol,Individual,Manual,First Owner,25–50k,8,8.666666666666666,New
Hyundai Grand i10 1.2 Kappa Asta,2019,500000,15000,Petrol,Individual,Manual,First Owner,0–25k,6,33.333333333333336,New
Hyundai EON Sportz,2012,150000,55766,Petrol,Individual,Manual,Second Owner,50–75k,13,2.6898109959473513,Old
Maruti Alto LXi,2006,100000,80000,Petrol,Individual,Manual,First Owner,75–100k,19,1.25,Old
Maruti Wagon R LXI,2001,70000,117000,Petrol,Individual,Manual,Second Owner,100–150k,24,0.5982905982905983,Old
Maruti Alto LX,2004,100000,70000,Petrol,Individual,Manual,First Owner,50–75k,21,1.4285714285714286,Old
Toyota Innova 2.5 VX (Diesel) 7 Seater,2012,730000,110000,Diesel,Individual,Manual,Second Owner,100–150k,13,6.636363636363637,Old
Nissan Terrano XL 85 PS,2016,525000,100000,Diesel,Individual,Manual,Second Owner,75–100k,9,5.25,New
Nissan Terrano XL 85 PS,2016,525000,105000,Diesel,Individual,Manual,Second Owner,100–150k,9,5.0,New
Toyota Innova 2.5 V Diesel 7-seater,2009,550000,182000,Diesel,Individual,Manual,Third Owner,150–200k,16,3.021978021978022,Old
Toyota Corolla Altis Diesel D4DJ,2012,420000,95000,Diesel,Individual,Manual,Second Owner,75–100k,13,4.421052631578948,Old
Honda Amaze SX i-VTEC,2015,500000,70000,Petrol,Individual,Manual,First Owner,50–75k,10,7.142857142857143,Old
Maruti Wagon R LXI Minor,2009,165000,76000,Petrol,Individual,Manual,Second Owner,75–100k,16,2.1710526315789473,Old
Hyundai Verna 1.6 SX,2014,650000,70000,Diesel,Individual,Manual,Second Owner,50–75k,11,9.285714285714286,Old
Chevrolet Beat Diesel LT,2013,195000,46000,Diesel,Individual,Manual,First Owner,25–50k,12,4.239130434782608,Old
Maruti Zen LX,1999,75000,70000,Petrol,Individual,Manual,First Owner,50–75k,26,1.0714285714285714,Old
Hyundai Accent CRDi,2005,100000,120000,Diesel,Individual,Manual,Second Owner,100–150k,20,0.8333333333333334,Old
Toyota Innova Crysta 2.4 VX MT BSIV,2017,1770000,25000,Diesel,Individual,Manual,First Owner,0–25k,8,70.8,New
Maruti Esteem Lxi - BSIII,2006,90000,90000,Petrol,Individual,Manual,First Owner,75–100k,19,1.0,Old
Hyundai Xcent 1.1 CRDi Base,2016,515000,50000,Diesel,Individual,Manual,First Owner,25–50k,9,10.3,New
Honda Jazz 1.5 VX i DTEC,2017,700000,24585,Diesel,Dealer,Manual,Test Drive Car,0–25k,8,28.472645922310353,New
Maruti Zen LX,2001,62000,70000,Petrol,Individual,Manual,First Owner,50–75k,24,0.8857142857142857,Old
Toyota Etios GD SP,2011,220000,110000,Diesel,Individual,Manual,Third Owner,100–150k,14,2.0,Old
Hyundai Santro Magna CNG BSIV,2019,520000,10000,CNG,Individual,Manual,First Owner,0–25k,6,52.0,New
Fiat Linea Emotion,2010,170000,100000,Petrol,Individual,Manual,First Owner,75–100k,15,1.7,Old
Ford Figo Diesel Titanium,2011,190000,110000,Diesel,Individual,Manual,Second Owner,100–150k,14,1.7272727272727273,Old
Ford Figo Diesel Titanium,2011,150000,100000,Diesel,Individual,Manual,Second Owner,75–100k,14,1.5,Old
Maruti Zen Estilo LXI BS IV,2009,125000,65000,Petrol,Individual,Manual,First Owner,50–75k,16,1.9230769230769231,Old
Honda Amaze EX i-Dtech,2015,290000,40000,Diesel,Individual,Manual,Third Owner,25–50k,10,7.25,Old
Maruti Celerio X ZXI BSIV,2019,490000,13900,Petrol,Individual,Manual,First Owner,0–25k,6,35.25179856115108,New
Tata Tigor 1.2 Revotron XZ Option,2017,434999,17563,Petrol,Individual,Manual,First Owner,0–25k,8,24.76792119797301,New
Tata Zest Revotron 1.2T XE,2016,380000,15000,Petrol,Individual,Manual,First Owner,0–25k,9,25.333333333333332,New
Volkswagen Polo Diesel Trendline 1.2L,2012,200000,82000,Diesel,Individual,Manual,Second Owner,75–100k,13,2.4390243902439024,Old
Ford Figo 1.5D Trend MT,2016,495000,40000,Diesel,Individual,Manual,First Owner,25–50k,9,12.375,New
Toyota Innova 2.5 Z Diesel 7 Seater BS IV,2014,894999,173000,Diesel,Individual,Manual,Third Owner,150–200k,11,5.173404624277457,Old
Mahindra XUV500 W6 2WD,2014,600000,151000,Diesel,Individual,Manual,Second Owner,150–200k,11,3.9735099337748343,Old
Honda Brio S MT,2015,300000,50000,Petrol,Individual,Manual,First Owner,25–50k,10,6.0,Old
Honda Amaze E i-VTEC,2017,430000,15000,Petrol,Individual,Manual,First Owner,0–25k,8,28.666666666666668,New
Honda Amaze E i-DTEC,2017,370000,80000,Diesel,Individual,Manual,First Owner,75–100k,8,4.625,New
Maruti Baleno Zeta 1.2,2019,750000,11000,Petrol,Individual,Manual,First Owner,0–25k,6,68.18181818181819,New
Maruti Alto K10 LXI CNG Optional,2016,300000,50000,CNG,Individual,Manual,First Owner,25–50k,9,6.0,New
BMW X1 sDrive20d,2012,700000,120000,Diesel,Individual,Automatic,Second Owner,100–150k,13,5.833333333333333,Old
Maruti Wagon R LXI DUO BSIII,2007,100000,70000,LPG,Individual,Manual,Third Owner,50–75k,18,1.4285714285714286,Old
Hyundai Grand i10 Sportz,2015,300000,90000,Petrol,Individual,Manual,First Owner,75–100k,10,3.3333333333333335,Old
Tata Indica Vista Quadrajet VX,2012,130000,185000,Diesel,Individual,Manual,Second Owner,150–200k,13,0.7027027027027027,Old
Hyundai i20 Asta Option 1.4 CRDi,2016,650000,40000,Diesel,Individual,Manual,First Owner,25–50k,9,16.25,New
Maruti Swift VDI BSIV,2017,509999,25000,Diesel,Individual,Manual,First Owner,0–25k,8,20.39996,New
Toyota Innova 2.5 VX (Diesel) 7 Seater,2013,1000000,117780,Diesel,Individual,Manual,Second Owner,100–150k,12,8.49040584139922,Old
Hyundai Verna CRDi SX,2010,280000,120000,Diesel,Individual,Manual,Second Owner,100–150k,15,2.3333333333333335,Old
Maruti Swift DDiS VDI,2017,600000,120000,Diesel,Individual,Manual,First Owner,100–150k,8,5.0,New
Skoda Rapid 1.6 TDI Ambition,2013,210000,120000,Diesel,Individual,Manual,Third Owner,100–150k,12,1.75,Old
Audi Q3 2.0 TDI Quattro Premium Plus,2014,1150000,110000,Diesel,Individual,Automatic,Second Owner,100–150k,11,10.454545454545455,Old
Hyundai EON Magna Plus,2018,229999,30000,Petrol,Individual,Manual,First Owner,25–50k,7,7.666633333333333,New
Hyundai EON Magna Plus,2018,245000,30000,Petrol,Individual,Manual,First Owner,25–50k,7,8.166666666666666,New
Mahindra Scorpio S4 4WD,2015,600000,60000,Diesel,Individual,Manual,First Owner,50–75k,10,10.0,Old
Hyundai Grand i10 Sportz,2016,375000,25000,Petrol,Individual,Manual,First Owner,0–25k,9,15.0,New
Mahindra Scorpio 1.99 S10,2015,150000,55000,Diesel,Individual,Manual,Second Owner,50–75k,10,2.727272727272727,Old
Mahindra XUV500 W10 2WD,2018,1450000,20000,Diesel,Individual,Manual,First Owner,0–25k,7,72.5,New
Maruti Ertiga VDI,2014,500000,100000,Diesel,Individual,Manual,Second Owner,75–100k,11,5.0,Old
Maruti Alto LXi,2007,75000,40000,Petrol,Individual,Manual,Second Owner,25–50k,18,1.875,Old
Hyundai Sonata AT Leather,2006,225000,80000,Petrol,Individual,Automatic,Third Owner,75–100k,19,2.8125,Old
Hyundai Sonata 2.4L AT,2006,275000,80000,Petrol,Individual,Automatic,Fourth & Above Owner,75–100k,19,3.4375,Old
Mahindra Bolero Power Plus SLX,2018,620000,35000,Diesel,Individual,Manual,First Owner,25–50k,7,17.714285714285715,New
Nissan X-Trail SLX MT,2010,600000,110000,Diesel,Individual,Manual,Second Owner,100–150k,15,5.454545454545454,Old
Mahindra Xylo E8 ABS Airbag BSIV,2011,275000,160000,Diesel,Individual,Manual,First Owner,150–200k,14,1.71875,Old
Tata Indigo TDI,2013,125000,125000,Diesel,Individual,Manual,First Owner,100–150k,12,1.0,Old
Tata Indigo GLS,2011,80000,62000,Petrol,Individual,Manual,Second Owner,50–75k,14,1.2903225806451613,Old
Nissan Micra Diesel XV,2011,199000,120000,Diesel,Individual,Manual,Second Owner,100–150k,14,1.6583333333333334,Old
Nissan Micra XL,2016,440000,33000,Petrol,Individual,Manual,Second Owner,25–50k,9,13.333333333333334,New
Maruti Swift Dzire LDI,2013,250000,80000,Diesel,Individual,Manual,Fourth & Above Owner,75–100k,12,3.125,Old
Hyundai i20 1.4 Sportz,2017,700000,35000,Diesel,Individual,Manual,First Owner,25–50k,8,20.0,New
Hyundai Grand i10 CRDi Asta Option,2015,450000,50000,Diesel,Individual,Manual,First Owner,25–50k,10,9.0,Old
Maruti Alto 800 Std Optional,2019,240000,5000,Petrol,Individual,Manual,First Owner,0–25k,6,48.0,New
Hyundai Xcent 1.2 Kappa SX,2016,350000,12000,Petrol,Individual,Manual,First Owner,0–25k,9,29.166666666666668,New
Ford EcoSport 1.5 TDCi Titanium BSIV,2016,650000,81595,Diesel,Dealer,Manual,First Owner,75–100k,9,7.96617439794105,New
Hyundai Getz GLS ABS,2005,71000,22000,Petrol,Individual,Manual,First Owner,0–25k,20,3.227272727272727,Old
Maruti Swift VXI Optional,2015,400000,40000,Petrol,Individual,Manual,First Owner,25–50k,10,10.0,Old
Maruti Alto LXi BSIII,2008,130000,40000,Petrol,Individual,Manual,Second Owner,25–50k,17,3.25,Old
Mahindra Scorpio 2.6 CRDe SLE,2013,300000,70000,Diesel,Individual,Manual,Second Owner,50–75k,12,4.285714285714286,Old
Nissan Kicks XL D BSIV,2019,1100000,4000,Diesel,Individual,Manual,First Owner,0–25k,6,275.0,New
BMW 3 Series 320d Luxury Line,2015,2200000,24000,Diesel,Individual,Automatic,First Owner,0–25k,10,91.66666666666667,Old
Honda Amaze VX i-VTEC,2018,800000,13500,Petrol,Dealer,Manual,First Owner,0–25k,7,59.25925925925926,New
Maruti Ritz VDI (ABS) BS IV,2013,490000,40000,Diesel,Individual,Manual,First Owner,25–50k,12,12.25,Old
Honda Jazz 1.2 VX i VTEC,2018,836000,9700,Petrol,Dealer,Manual,First Owner,0–25k,7,86.18556701030928,New
Volkswagen Polo Petrol Comfortline 1.2L,2012,375000,62000,Petrol,Individual,Manual,Second Owner,50–75k,13,6.048387096774194,Old
Honda BR-V i-DTEC VX MT,2016,1249000,24000,Diesel,Dealer,Manual,First Owner,0–25k,9,52.041666666666664,New
Honda WR-V i-DTEC VX,2019,1240000,13000,Diesel,Dealer,Manual,First Owner,0–25k,6,95.38461538461539,New
Tata Nano Std BSII,2009,35000,50000,Petrol,Individual,Manual,Third Owner,25–50k,16,0.7,Old
Honda BR-V i-VTEC VX MT,2017,1068000,36000,Petrol,Dealer,Manual,First Owner,25–50k,8,29.666666666666668,New
Honda BR-V i-DTEC VX MT,2017,1189000,40000,Diesel,Dealer,Manual,First Owner,25–50k,8,29.725,New
Hyundai Elite i20 Petrol Asta Option,2018,700000,27000,Petrol,Individual,Manual,First Owner,25–50k,7,25.925925925925927,New
Maruti Alto K10 VXI,2016,350000,40000,Petrol,Individual,Manual,First Owner,25–50k,9,8.75,New
Hyundai i10 Magna 1.2,2009,254999,80000,Petrol,Individual,Manual,Second Owner,75–100k,16,3.1874875,Old
Mahindra Scorpio 2.6 CRDe,2005,229999,221000,Diesel,Individual,Manual,Third Owner,200k+,20,1.0407194570135747,Old
Hyundai i20 Asta Option 1.4 CRDi,2016,750000,80000,Diesel,Individual,Manual,First Owner,75–100k,9,9.375,New
Maruti Ritz VDi,2012,325000,119000,Diesel,Individual,Manual,Second Owner,100–150k,13,2.73109243697479,Old
Toyota Innova 2.5 G4 Diesel 7-seater,2009,760000,190000,Diesel,Individual,Manual,Second Owner,150–200k,16,4.0,Old
Maruti Celerio ZXI AT,2017,509999,25000,Petrol,Individual,Automatic,First Owner,0–25k,8,20.39996,New
Nissan Micra XL,2013,363000,28740,Petrol,Individual,Manual,First Owner,25–50k,12,12.630480167014614,Old
Maruti Alto K10 LXI,2010,229999,48500,Petrol,Individual,Manual,First Owner,25–50k,15,4.742247422680412,Old
Nissan Sunny XL,2012,290000,110000,Petrol,Individual,Manual,Second Owner,100–150k,13,2.6363636363636362,Old
Maruti Swift VXI,2018,550000,30000,Petrol,Individual,Manual,First Owner,25–50k,7,18.333333333333332,New
Tata Indica Vista TDI LX,2011,125000,120000,Diesel,Individual,Manual,Second Owner,100–150k,14,1.0416666666666667,Old
Volvo XC60 D5 Inscription,2014,2000000,130000,Diesel,Individual,Automatic,First Owner,100–150k,11,15.384615384615385,Old
Toyota Innova 2.5 G4 Diesel 7-seater,2008,350000,140000,Diesel,Individual,Manual,Second Owner,100–150k,17,2.5,Old
Hyundai Verna 1.6 SX CRDi (O),2011,390000,90000,Diesel,Individual,Manual,First Owner,75–100k,14,4.333333333333333,Old
Maruti Wagon R VXI Minor ABS,2010,260000,50000,Petrol,Individual,Manual,First Owner,25–50k,15,5.2,Old
Maruti Omni BSIII 8-STR W/ IMMOBILISER,2008,150000,50000,Petrol,Individual,Manual,Second Owner,25–50k,17,3.0,Old
Maruti Esteem Vxi - BSIII,2006,85000,60000,Petrol,Individual,Manual,Second Owner,50–75k,19,1.4166666666666667,Old
Maruti Alto 800 LXI,2015,280000,15000,Petrol,Individual,Manual,Second Owner,0–25k,10,18.666666666666668,Old
Maruti Celerio VXI,2015,220000,45000,Petrol,Individual,Manual,First Owner,25–50k,10,4.888888888888889,Old
Hyundai Santro Xing XG,2005,140000,80000,Petrol,Individual,Manual,Third Owner,75–100k,20,1.75,Old
Maruti Wagon R AMT VXI Option,2018,370000,15000,Petrol,Individual,Automatic,First Owner,0–25k,7,24.666666666666668,New
Maruti Swift Dzire VDI,2019,650000,20000,Diesel,Individual,Manual,First Owner,0–25k,6,32.5,New
Maruti Alto 800 LX,2017,280000,37000,Petrol,Individual,Manual,First Owner,25–50k,8,7.5675675675675675,New
Maruti Swift Dzire VDI,2016,540000,80000,Diesel,Individual,Manual,First Owner,75–100k,9,6.75,New
Ambassador Classic 2000 Dsz,2002,50000,120000,Diesel,Individual,Manual,Fourth & Above Owner,100–150k,23,0.4166666666666667,Old
Maruti Ciaz Sigma BSIV,2018,800000,20000,Petrol,Individual,Manual,First Owner,0–25k,7,40.0,New
Ford Figo 1.5D Titanium MT,2016,515000,25000,Diesel,Individual,Manual,First Owner,0–25k,9,20.6,New
Hyundai i20 1.2 Magna,2010,220000,96000,Petrol,Individual,Manual,Third Owner,75–100k,15,2.2916666666666665,Old
Hyundai i20 Asta (o),2014,525000,54000,Petrol,Dealer,Manual,Second Owner,50–75k,11,9.722222222222221,Old
Chevrolet Spark 1.0 LT Option Pack w/ Airbag,2013,165000,53000,Petrol,Dealer,Manual,First Owner,50–75k,12,3.1132075471698113,Old
Fiat Linea 1.3 Emotion,2010,221000,65000,Diesel,Dealer,Manual,First Owner,50–75k,15,3.4,Old
Chevrolet Beat LT,2015,245000,43000,Petrol,Dealer,Manual,First Owner,25–50k,10,5.6976744186046515,Old
Ford Figo 1.2P Titanium Plus MT,2012,260000,42000,Petrol,Dealer,Manual,First Owner,25–50k,13,6.190476190476191,Old
Skoda Superb Elegance 2.0 TDI CR AT,2011,550000,73000,Diesel,Dealer,Automatic,First Owner,50–75k,14,7.534246575342466,Old
Hyundai Grand i10 1.2 Kappa Era,2015,434999,29000,Petrol,Dealer,Manual,First Owner,25–50k,10,14.99996551724138,Old
Tata Safari Storme EX,2013,450000,95000,Diesel,Dealer,Manual,First Owner,75–100k,12,4.7368421052631575,Old
Chevrolet Sail 1.2 Base,2014,290000,25000,Petrol,Individual,Manual,First Owner,0–25k,11,11.6,Old
Volkswagen Vento 1.0 TSI Highline Plus,2011,305000,53000,Petrol,Dealer,Manual,Second Owner,50–75k,14,5.754716981132075,Old
Ford Classic 1.6 Duratec LXI,2011,265000,20000,Petrol,Dealer,Manual,First Owner,0–25k,14,13.25,Old
Honda Brio 1.2 S MT,2014,325000,57000,Petrol,Dealer,Manual,First Owner,50–75k,11,5.701754385964913,Old
Chevrolet Cruze LTZ,2014,550000,52000,Diesel,Dealer,Manual,First Owner,50–75k,11,10.576923076923077,Old
Maruti Zen Estilo LXI BSIII,2008,105000,40000,Petrol,Individual,Manual,First Owner,25–50k,17,2.625,Old
Honda Brio 1.2 S MT,2012,275000,47000,Petrol,Dealer,Manual,First Owner,25–50k,13,5.851063829787234,Old
Honda City 1.5 V MT,2012,434999,47000,Petrol,Dealer,Manual,Second Owner,25–50k,13,9.255297872340426,Old
Hyundai Verna 1.6 CRDi SX,2016,690000,73000,Diesel,Dealer,Manual,First Owner,50–75k,9,9.452054794520548,New
Honda Brio V MT,2012,249000,42000,Petrol,Dealer,Manual,Second Owner,25–50k,13,5.928571428571429,Old
Hyundai EON D Lite Plus,2012,204999,60000,Petrol,Dealer,Manual,Third Owner,50–75k,13,3.41665,Old
Chevrolet Beat Diesel LT,2012,200000,50000,Diesel,Individual,Manual,First Owner,25–50k,13,4.0,Old
Maruti Wagon R VXI Optional,2015,190000,120000,Petrol,Individual,Manual,First Owner,100–150k,10,1.5833333333333333,Old
Maruti Alto LXi,2012,150000,50000,Petrol,Individual,Manual,First Owner,25–50k,13,3.0,Old
Maruti Zen LX,1999,70000,70000,Petrol,Individual,Manual,Fourth & Above Owner,50–75k,26,1.0,Old
Mahindra Bolero Power Plus SLX,2018,900000,25000,Diesel,Individual,Manual,First Owner,0–25k,7,36.0,New
Maruti Ertiga ZXI AT Petrol,2019,950000,11000,Petrol,Individual,Automatic,First Owner,0–25k,6,86.36363636363636,New
Maruti Swift Dzire VXI,2013,475000,80000,Petrol,Individual,Manual,First Owner,75–100k,12,5.9375,Old
Maruti 800 Std,1998,55000,80000,Petrol,Individual,Manual,Fourth & Above Owner,75–100k,27,0.6875,Old
Ford Fiesta Titanium 1.5 TDCi,2013,450000,75000,Diesel,Individual,Manual,Second Owner,50–75k,12,6.0,Old
BMW 5 Series 525d Sedan,2009,1200000,45000,Diesel,Individual,Automatic,Third Owner,25–50k,16,26.666666666666668,Old
Mahindra Bolero SLX,2007,300000,100000,Diesel,Individual,Manual,Second Owner,75–100k,18,3.0,Old
Honda City i DTEC E,2014,350000,60000,Diesel,Individual,Manual,Second Owner,50–75k,11,5.833333333333333,Old
Tata Indica Vista Quadrajet LS,2011,229999,160000,Diesel,Individual,Manual,Second Owner,150–200k,14,1.43749375,Old
Hyundai Creta 1.6 Gamma SX Plus,2015,821000,50000,Petrol,Individual,Manual,First Owner,25–50k,10,16.42,Old
Maruti Alto K10 VXI,2014,200000,80000,Petrol,Individual,Manual,Second Owner,75–100k,11,2.5,Old
Mahindra Scorpio 1.99 S10,2017,1000000,60000,Diesel,Individual,Manual,Second Owner,50–75k,8,16.666666666666668,New
Maruti Alto 800 VXI,2016,220000,60000,Petrol,Individual,Manual,Second Owner,50–75k,9,3.6666666666666665,New
Ford Figo Aspire 1.5 TDCi Trend,2015,459999,148620,Diesel,Dealer,Manual,First Owner,100–150k,10,3.095135244247073,Old
Maruti SX4 ZDI,2012,310000,70000,Diesel,Individual,Manual,Second Owner,50–75k,13,4.428571428571429,Old
Hyundai Elite i20 Diesel Asta Option,2018,815000,42000,Diesel,Individual,Manual,First Owner,25–50k,7,19.404761904761905,New
Hyundai Verna 1.6 CRDI SX Option,2017,1200000,40000,Diesel,Individual,Manual,First Owner,25–50k,8,30.0,New
Chevrolet Optra Magnum 2.0 LT,2011,170000,150000,Diesel,Individual,Manual,Second Owner,100–150k,14,1.1333333333333333,Old
Maruti S-Cross Alpha DDiS 200 SH,2017,1000000,30000,Diesel,Individual,Manual,First Owner,25–50k,8,33.333333333333336,New
Hyundai Santro Xing GLS,2010,155000,90000,Petrol,Individual,Manual,Fourth & Above Owner,75–100k,15,1.7222222222222223,Old
Mahindra TUV 300 T6 Plus,2017,400000,120000,Diesel,Individual,Manual,First Owner,100–150k,8,3.3333333333333335,New
Mahindra Quanto C4,2016,400000,80000,Diesel,Individual,Manual,Second Owner,75–100k,9,5.0,New
Tata Indica Vista Aura 1.3 Quadrajet BSIV,2010,250000,80000,Diesel,Individual,Manual,Second Owner,75–100k,15,3.125,Old
Tata Indigo GLX,2008,150000,50000,Petrol,Individual,Manual,Third Owner,25–50k,17,3.0,Old
Hyundai Santro LP zipPlus,2002,80000,70000,Petrol,Individual,Manual,Second Owner,50–75k,23,1.1428571428571428,Old
Maruti SX4 ZXI AT,2009,130000,120000,Petrol,Individual,Automatic,Second Owner,100–150k,16,1.0833333333333333,Old
Volkswagen Vento 1.5 TDI Comfortline AT,2014,325000,70000,Diesel,Individual,Automatic,First Owner,50–75k,11,4.642857142857143,Old
Volkswagen Jetta 2.0L TDI Highline AT,2012,735000,55300,Diesel,Dealer,Automatic,First Owner,50–75k,13,13.291139240506329,Old
Tata Indica Vista Quadrajet 90 VX,2012,285000,74300,Diesel,Dealer,Manual,First Owner,50–75k,13,3.8358008075370122,Old
Honda City VX MT,2010,350000,48781,Petrol,Dealer,Manual,First Owner,25–50k,15,7.174924663291035,Old
Volkswagen Jetta 1.9 Highline TDI,2010,290000,87620,Diesel,Dealer,Automatic,First Owner,75–100k,15,3.3097466331887695,Old
Volkswagen Vento 1.5 TDI Highline Plus AT,2017,890000,40219,Diesel,Dealer,Automatic,First Owner,25–50k,8,22.12884457594669,New
Honda Jazz VX,2011,385000,11473,Petrol,Dealer,Manual,First Owner,0–25k,14,33.557046979865774,Old
Maruti Eeco 5 Seater AC BSIV,2017,425000,8352,Petrol,Dealer,Manual,First Owner,0–25k,8,50.8860153256705,New
Maruti Wagon R VXI AMT1.2BSIV,2017,525000,9745,Petrol,Dealer,Automatic,First Owner,0–25k,8,53.873781426372496,New
Hyundai Grand i10 Asta,2017,550000,9748,Petrol,Dealer,Manual,First Owner,0–25k,8,56.42183011899877,New
Volkswagen Polo 1.0 MPI Trendline,2012,271000,49000,Petrol,Dealer,Manual,First Owner,25–50k,13,5.530612244897959,Old
Hyundai Creta 1.6 CRDi SX Option,2018,1490000,20694,Diesel,Dealer,Manual,First Owner,0–25k,7,72.00154634193485,New
Hyundai Grand i10 Asta Option,2015,490000,31080,Petrol,Dealer,Manual,First Owner,25–50k,10,15.765765765765765,Old
Hyundai EON Era Plus,2014,260000,37605,Petrol,Dealer,Manual,First Owner,25–50k,11,6.913974205557771,Old
Hyundai Xcent 1.1 CRDi SX Option,2014,455000,55850,Diesel,Dealer,Manual,First Owner,50–75k,11,8.146821844225604,Old
Tata Nano Lx BSIV,2010,75000,58850,Petrol,Dealer,Manual,First Owner,50–75k,15,1.274426508071368,Old
Toyota Etios Cross 1.2L G,2015,421000,23839,Petrol,Dealer,Manual,First Owner,0–25k,10,17.66013675070263,Old
Maruti Swift DDiS LDI,2016,550000,54000,Diesel,Dealer,Manual,First Owner,50–75k,9,10.185185185185185,New
Hyundai i10 Sportz 1.2 AT,2013,330000,38000,Petrol,Dealer,Automatic,First Owner,25–50k,12,8.68421052631579,Old
Volkswagen Vento 1.5 TDI Comfortline,2012,390000,45454,Diesel,Dealer,Manual,First Owner,25–50k,13,8.580102961235534,Old
Skoda Rapid 1.5 TDI AT Ambition,2015,599000,46957,Diesel,Dealer,Automatic,First Owner,25–50k,10,12.756351555678599,Old
Hyundai Elite i20 Sportz Plus CVT BSIV,2019,738000,8000,Petrol,Individual,Automatic,First Owner,0–25k,6,92.25,New
Maruti Alto K10 VXI,2016,300000,30000,Petrol,Individual,Manual,First Owner,25–50k,9,10.0,New
Tata Indica Vista Quadrajet LX,2012,150000,110000,Diesel,Individual,Manual,First Owner,100–150k,13,1.3636363636363635,Old
Toyota Innova 2.5 G4 Diesel 7-seater,2007,440000,223000,Diesel,Individual,Manual,Fourth & Above Owner,200k+,18,1.9730941704035874,Old
Volkswagen Vento IPL II Diesel Trendline,2011,280000,110000,Diesel,Individual,Manual,First Owner,100–150k,14,2.5454545454545454,Old
Hyundai Santro GS,2006,100000,120000,Petrol,Individual,Manual,Second Owner,100–150k,19,0.8333333333333334,Old
Maruti Swift VXi BSIV,2008,150000,100000,Petrol,Individual,Manual,Second Owner,75–100k,17,1.5,Old
Maruti Swift Dzire VDI,2014,380000,100000,Diesel,Individual,Manual,Second Owner,75–100k,11,3.8,Old
Maruti Alto LX,2006,90000,60000,Petrol,Individual,Manual,Second Owner,50–75k,19,1.5,Old
Mahindra Scorpio VLS 2.2 mHawk,2008,300000,270000,Diesel,Individual,Manual,Third Owner,200k+,17,1.1111111111111112,Old
Skoda Fabia 1.2 TDI Active,2011,275000,60000,Diesel,Individual,Manual,Second Owner,50–75k,14,4.583333333333333,Old
Maruti Zen Estilo Sports,2009,180000,41090,Petrol,Individual,Manual,First Owner,25–50k,16,4.380627889997566,Old
Maruti Swift VDI,2012,225000,296823,Diesel,Individual,Manual,First Owner,200k+,13,0.7580275113451451,Old
Maruti Alto 800 LXI,2014,200000,40000,Petrol,Individual,Manual,First Owner,25–50k,11,5.0,Old
Toyota Corolla Altis G,2011,500000,40000,Petrol,Individual,Manual,Second Owner,25–50k,14,12.5,Old
Ford Fiesta 1.6 Duratec S,2010,300000,70000,Petrol,Individual,Manual,Second Owner,50–75k,15,4.285714285714286,Old
Hyundai Verna 1.6 CRDi SX,2015,765000,80000,Diesel,Individual,Manual,Second Owner,75–100k,10,9.5625,Old
Maruti Swift Dzire VDI,2017,650000,90000,Diesel,Individual,Manual,First Owner,75–100k,8,7.222222222222222,New
Maruti Wagon R VXI Plus Optional,2017,380000,19000,Petrol,Individual,Manual,First Owner,0–25k,8,20.0,New
Maruti Swift Dzire VDI,2014,480000,110000,Diesel,Individual,Manual,Second Owner,100–150k,11,4.363636363636363,Old
Mahindra Jeep MM 540,1996,200000,60000,Diesel,Individual,Manual,First Owner,50–75k,29,3.3333333333333335,Old
Maruti Wagon R VXI Plus Optional,2017,380000,19000,Petrol,Individual,Manual,First Owner,0–25k,8,20.0,New
Maruti Zen Estilo LXI Green (CNG),2010,145000,68000,CNG,Individual,Manual,Second Owner,50–75k,15,2.1323529411764706,Old
Maruti Ritz VDi,2011,280000,120000,Diesel,Individual,Manual,Second Owner,100–150k,14,2.3333333333333335,Old
Maruti Swift Dzire VDI,2014,254999,30000,Diesel,Individual,Manual,First Owner,25–50k,11,8.499966666666667,Old
Tata Bolt Revotron XE,2016,300000,90000,Petrol,Individual,Manual,Second Owner,75–100k,9,3.3333333333333335,New
Maruti Swift VDI BSIV,2015,480000,140000,Diesel,Individual,Manual,Third Owner,100–150k,10,3.4285714285714284,Old
Skoda Rapid Monte Carlo 1.6 MPI AT BSIV,2017,850000,44500,Petrol,Individual,Automatic,First Owner,25–50k,8,19.10112359550562,New
Hyundai i20 Asta 1.4 CRDi,2014,350000,52000,Diesel,Individual,Manual,Second Owner,50–75k,11,6.730769230769231,Old
Hyundai i20 Active 1.2 SX,2016,650000,26000,Petrol,Individual,Manual,First Owner,25–50k,9,25.0,New
Hyundai i20 Active 1.2 SX,2016,650000,26000,Petrol,Individual,Manual,First Owner,25–50k,9,25.0,New
Tata New Safari 4X2,2007,550000,80000,Petrol,Individual,Manual,Second Owner,75–100k,18,6.875,Old
Maruti Celerio VXI,2015,300000,35000,Petrol,Individual,Manual,First Owner,25–50k,10,8.571428571428571,Old
Maruti Swift 1.3 VXi,2008,150000,60000,Petrol,Individual,Manual,Second Owner,50–75k,17,2.5,Old
Hyundai Grand i10 Sportz,2014,300000,120000,Petrol,Individual,Manual,First Owner,100–150k,11,2.5,Old
Hyundai Santro Xing XG,2004,80000,58000,Petrol,Individual,Manual,First Owner,50–75k,21,1.3793103448275863,Old
Tata Manza Club Class Quadrajet90 LS,2014,200000,100000,Diesel,Individual,Manual,First Owner,75–100k,11,2.0,Old
Hyundai EON Magna Plus,2016,220000,43700,Petrol,Individual,Manual,First Owner,25–50k,9,5.034324942791762,New
Tata Indica GLS BS IV,2009,68000,120000,Petrol,Individual,Manual,Second Owner,100–150k,16,0.5666666666666667,Old
Tata Manza ELAN Quadrajet BS IV,2011,180000,80000,Diesel,Individual,Manual,Third Owner,75–100k,14,2.25,Old
Hyundai EON Era Plus,2017,290000,20000,Petrol,Individual,Manual,First Owner,0–25k,8,14.5,New
Maruti Eeco 5 Seater AC BSIV,2018,300000,25000,Petrol,Individual,Manual,First Owner,0–25k,7,12.0,New
Honda City i DTec SV,2014,600000,27483,Diesel,Dealer,Manual,First Owner,25–50k,11,21.831677764436197,Old
Maruti Swift LXI,2019,470000,8000,Petrol,Individual,Manual,First Owner,0–25k,6,58.75,New
Hyundai i10 Sportz 1.2,2008,150000,30000,Petrol,Individual,Manual,First Owner,25–50k,17,5.0,Old
Maruti Swift VVT VXI,2017,400000,30000,Petrol,Individual,Manual,First Owner,25–50k,8,13.333333333333334,New
Ford Fiesta 1.4 ZXi TDCi ABS,2009,110000,100000,Diesel,Individual,Manual,Fourth & Above Owner,75–100k,16,1.1,Old
Maruti Alto 800 LXI,2014,180000,56207,Petrol,Dealer,Manual,Second Owner,50–75k,11,3.2024480936538153,Old
Hyundai i20 Sportz Petrol,2010,250000,40000,Petrol,Individual,Manual,First Owner,25–50k,15,6.25,Old
Maruti Zen LXI,2006,80000,70000,Petrol,Individual,Manual,First Owner,50–75k,19,1.1428571428571428,Old
Honda WR-V i-VTEC VX,2018,875000,1440,Petrol,Individual,Manual,First Owner,0–25k,7,607.6388888888889,New
Hyundai Grand i10 Sportz,2015,425000,12000,Petrol,Individual,Manual,First Owner,0–25k,10,35.416666666666664,Old
Maruti Alto 800 LXI,2019,300000,50000,Petrol,Individual,Manual,First Owner,25–50k,6,6.0,New
Honda Amaze VX i-DTEC,2016,700000,35000,Diesel,Individual,Manual,First Owner,25–50k,9,20.0,New
Maruti Zen Estilo VXI BSIV,2010,130000,50000,Petrol,Individual,Manual,Second Owner,25–50k,15,2.6,Old
Maruti Ertiga SHVS ZDI Plus,2017,1000000,60000,Diesel,Individual,Manual,Second Owner,50–75k,8,16.666666666666668,New
Maruti Swift Dzire ZDI,2017,650000,67000,Diesel,Individual,Manual,First Owner,50–75k,8,9.701492537313433,New
Renault Duster Petrol RxL,2013,400000,100000,Petrol,Individual,Manual,Second Owner,75–100k,12,4.0,Old
Mahindra TUV 300 mHAWK100 T8,2017,800000,60000,Diesel,Individual,Manual,First Owner,50–75k,8,13.333333333333334,New
Mahindra Bolero Power Plus SLX,2017,675000,70000,Diesel,Individual,Manual,First Owner,50–75k,8,9.642857142857142,New
Maruti Omni E MPI STD BS IV,2017,210000,50000,Petrol,Individual,Manual,Fourth & Above Owner,25–50k,8,4.2,New
Tata New Safari DICOR 2.2 EX 4x2,2009,150000,120000,Diesel,Individual,Manual,Third Owner,100–150k,16,1.25,Old
Maruti Omni CNG,2007,45000,100000,CNG,Individual,Manual,Fourth & Above Owner,75–100k,18,0.45,Old
Hyundai i20 Sportz 1.2,2015,516000,90000,Petrol,Individual,Manual,First Owner,75–100k,10,5.733333333333333,Old
Hyundai i20 Sportz 1.2,2014,450000,80000,Petrol,Individual,Manual,First Owner,75–100k,11,5.625,Old
Chevrolet Spark 1.0 LS,2012,134000,90000,Petrol,Individual,Manual,Second Owner,75–100k,13,1.488888888888889,Old
Toyota Etios VD,2014,509999,157000,Diesel,Individual,Manual,Second Owner,150–200k,11,3.2484012738853503,Old
Volkswagen Polo 1.2 MPI Comfortline,2016,500000,20000,Petrol,Individual,Manual,First Owner,0–25k,9,25.0,New
Maruti Zen Estilo 1.1 LXI BSIII,2008,130000,80000,Petrol,Individual,Manual,Fourth & Above Owner,75–100k,17,1.625,Old
Maruti Swift ZDi BSIV,2015,575000,60000,Diesel,Individual,Manual,First Owner,50–75k,10,9.583333333333334,Old
Hyundai Elite i20 Sportz Plus BSIV,2015,550000,49000,Petrol,Individual,Manual,First Owner,25–50k,10,11.224489795918368,Old
Tata Indica Vista Terra TDI BSIII,2009,145000,89255,Diesel,Individual,Manual,First Owner,75–100k,16,1.6245588482437958,Old
Maruti Alto 800 LXI,2020,347000,5000,Petrol,Individual,Manual,First Owner,0–25k,5,69.4,New
Tata Indica Vista Quadrajet VX,2013,275000,110000,Diesel,Individual,Manual,First Owner,100–150k,12,2.5,Old
Toyota Innova 2.5 V Diesel 8-seater,2010,630000,200000,Diesel,Individual,Manual,Third Owner,150–200k,15,3.15,Old
Chevrolet Beat Diesel,2012,160000,90000,Diesel,Individual,Manual,Second Owner,75–100k,13,1.7777777777777777,Old
Fiat Grande Punto 1.3 Dynamic (Diesel),2010,150000,63000,Diesel,Individual,Manual,Third Owner,50–75k,15,2.380952380952381,Old
Honda Mobilio S i VTEC,2015,550000,23000,Petrol,Individual,Manual,First Owner,0–25k,10,23.91304347826087,Old
Mahindra Quanto C6,2013,349000,100000,Diesel,Individual,Manual,First Owner,75–100k,12,3.49,Old
Mahindra Bolero DI DX 8 Seater,2004,229999,168000,Diesel,Individual,Manual,Fourth & Above Owner,150–200k,21,1.3690416666666667,Old
Tata Indica Vista Aqua 1.4 TDI,2008,110000,90000,Diesel,Individual,Manual,Third Owner,75–100k,17,1.2222222222222223,Old
Maruti Wagon R LXI Minor,2008,110000,70000,Petrol,Individual,Manual,Third Owner,50–75k,17,1.5714285714285714,Old
Renault KWID RXE,2018,245000,5550,Petrol,Individual,Manual,Second Owner,0–25k,7,44.14414414414414,New
Maruti Alto K10 VXI,2014,180000,100000,Petrol,Individual,Manual,Second Owner,75–100k,11,1.8,Old
Maruti Wagon R VXI BS IV,2014,290000,80000,Petrol,Individual,Manual,Second Owner,75–100k,11,3.625,Old
Hyundai i20 Magna,2010,250000,40000,Petrol,Individual,Manual,First Owner,25–50k,15,6.25,Old
Tata Indigo TDI,2010,150000,100000,Diesel,Individual,Manual,First Owner,75–100k,15,1.5,Old
Maruti 800 AC BSII,2004,55000,35000,Petrol,Individual,Manual,Third Owner,25–50k,21,1.5714285714285714,Old
Skoda Laura L n K 1.9 PD,2006,500000,75000,Diesel,Individual,Manual,Second Owner,50–75k,19,6.666666666666667,Old
Mahindra Quanto C4,2013,290000,150000,Diesel,Individual,Manual,Fourth & Above Owner,100–150k,12,1.9333333333333333,Old
Hyundai Santro Magna AMT BSIV,2019,400000,16000,Petrol,Individual,Automatic,First Owner,0–25k,6,25.0,New
Maruti Alto STD,2009,72000,70000,Petrol,Individual,Manual,First Owner,50–75k,16,1.0285714285714285,Old
Maruti Ritz VDi,2014,250000,115000,Diesel,Individual,Manual,First Owner,100–150k,11,2.1739130434782608,Old
Maruti Swift AMT VXI,2019,575000,25000,Petrol,Individual,Automatic,First Owner,0–25k,6,23.0,New
Kia Seltos HTK Plus AT D,2019,1300000,10000,Diesel,Individual,Automatic,First Owner,0–25k,6,130.0,New
Hyundai Santro Magna BSIV,2019,425000,15000,Petrol,Individual,Manual,First Owner,0–25k,6,28.333333333333332,New
Maruti Eeco CNG 5 Seater AC BSIV,2019,470000,10000,CNG,Individual,Manual,First Owner,0–25k,6,47.0,New
Toyota Etios VX,2012,220000,80000,Petrol,Individual,Manual,Third Owner,75–100k,13,2.75,Old
Maruti Alto 800 LXI,2020,310000,1700,Petrol,Individual,Manual,First Owner,0–25k,5,182.35294117647058,New
Ford Figo 1.5D Trend MT,2016,400000,45217,Diesel,Dealer,Manual,First Owner,25–50k,9,8.84623040007077,New
Volkswagen Vento Diesel Comfortline,2012,215000,97000,Diesel,Individual,Manual,First Owner,75–100k,13,2.216494845360825,Old
Hyundai EON Magna Plus,2018,310000,20000,Petrol,Individual,Manual,First Owner,0–25k,7,15.5,New
Maruti Ciaz ZDi Plus SHVS,2017,750000,50000,Diesel,Individual,Manual,First Owner,25–50k,8,15.0,New
Tata New Safari DICOR 2.2 EX 4x2,2009,204999,120000,Diesel,Individual,Manual,Second Owner,100–150k,16,1.708325,Old
Maruti Swift 1.3 VXi,2010,260000,50000,Petrol,Individual,Manual,First Owner,25–50k,15,5.2,Old
Maruti Alto LXi,2012,180000,40000,Petrol,Individual,Manual,Second Owner,25–50k,13,4.5,Old
Mahindra Renault Logan 1.5 DLE Diesel,2007,125000,110000,Diesel,Individual,Manual,Second Owner,100–150k,18,1.1363636363636365,Old
Maruti Swift VDI BSIV,2014,420000,155000,Diesel,Individual,Manual,First Owner,150–200k,11,2.7096774193548385,Old
Maruti Alto K10 LXI,2011,220000,70000,Petrol,Individual,Manual,Second Owner,50–75k,14,3.142857142857143,Old
Maruti Alto K10 2010-2014 VXI,2010,200000,70000,Petrol,Individual,Manual,Third Owner,50–75k,15,2.857142857142857,Old
Ford Ikon 1.4 TDCi DuraTorq,2009,130000,100000,Diesel,Individual,Manual,Third Owner,75–100k,16,1.3,Old
Tata Tiago XT,2016,335000,41000,Petrol,Dealer,Manual,First Owner,25–50k,9,8.170731707317072,New
Ford Endeavour Titanium Plus 4X4,2017,2650000,60000,Diesel,Dealer,Automatic,First Owner,50–75k,8,44.166666666666664,New
Ford Endeavour 3.2 Titanium AT 4X4,2018,2675000,56000,Diesel,Dealer,Automatic,First Owner,50–75k,7,47.767857142857146,New
Ford Endeavour Titanium Plus 4X4,2017,2675000,60000,Diesel,Dealer,Automatic,First Owner,50–75k,8,44.583333333333336,New
Honda City V AT,2011,434999,97000,Petrol,Dealer,Automatic,Second Owner,75–100k,14,4.484525773195876,Old
Honda City i VTEC S,2014,500000,60000,Petrol,Individual,Manual,First Owner,50–75k,11,8.333333333333334,Old
Maruti Alto K10 VXI Airbag,2017,290000,60000,Petrol,Individual,Manual,First Owner,50–75k,8,4.833333333333333,New
Ford Ecosport 1.5 Ti VCT AT Titanium,2014,475000,48000,Petrol,Dealer,Automatic,Second Owner,25–50k,11,9.895833333333334,Old
Maruti Swift Dzire VDi,2009,270000,190000,Diesel,Individual,Manual,Third Owner,150–200k,16,1.4210526315789473,Old
Hyundai Xcent 1.2 VTVT S,2019,600000,80000,Petrol,Individual,Manual,First Owner,75–100k,6,7.5,New
Hyundai i20 Asta 1.4 CRDi,2013,300000,70000,Diesel,Individual,Manual,Second Owner,50–75k,12,4.285714285714286,Old
Volkswagen Jetta 2.0L TDI Comfortline,2012,415000,80000,Diesel,Individual,Manual,Second Owner,75–100k,13,5.1875,Old
Maruti Vitara Brezza ZDi Plus AMT,2018,800000,30000,Diesel,Individual,Automatic,Second Owner,25–50k,7,26.666666666666668,New
Hyundai Grand i10 Sportz,2016,420000,44440,Petrol,Individual,Manual,Second Owner,25–50k,9,9.450945094509452,New
Hyundai Creta 1.6 CRDi SX Plus,2018,1250000,30000,Diesel,Individual,Manual,First Owner,25–50k,7,41.666666666666664,New
Maruti Swift VDI BSIV,2011,270000,120000,Diesel,Individual,Manual,First Owner,100–150k,14,2.25,Old
Hyundai Grand i10 CRDi Sportz,2015,390000,80000,Diesel,Individual,Manual,Second Owner,75–100k,10,4.875,Old
Skoda Laura Ambiente 2.0 TDI CR MT,2012,400000,110000,Diesel,Individual,Manual,First Owner,100–150k,13,3.6363636363636362,Old
Ford Fiesta 1.4 ZXi Leather,2007,100000,170000,Petrol,Individual,Manual,First Owner,150–200k,18,0.5882352941176471,Old
Audi A6 2.7 TDI,2010,850000,46000,Diesel,Individual,Automatic,First Owner,25–50k,15,18.47826086956522,Old
Chevrolet Cruze LTZ AT,2012,359000,120000,Diesel,Individual,Automatic,Third Owner,100–150k,13,2.9916666666666667,Old
Maruti Swift Dzire ZDI,2015,470000,91365,Diesel,Dealer,Manual,First Owner,75–100k,10,5.144201827833416,Old
Maruti Swift Dzire VDI,2013,360000,90010,Diesel,Dealer,Manual,Second Owner,75–100k,12,3.999555604932785,Old
Maruti Ertiga VDI,2013,250999,80000,Diesel,Individual,Manual,First Owner,75–100k,12,3.1374875,Old
Tata Nano Lx BSIV,2012,45000,35000,Petrol,Individual,Manual,Second Owner,25–50k,13,1.2857142857142858,Old
Maruti Wagon R VXI BSII,2006,75000,80000,Petrol,Individual,Manual,Second Owner,75–100k,19,0.9375,Old
Maruti Swift Dzire VDI,2013,495000,31800,Diesel,Dealer,Manual,First Owner,25–50k,12,15.566037735849056,Old
Maruti Wagon R CNG LXI,2013,310000,59100,CNG,Dealer,Manual,First Owner,50–75k,12,5.2453468697123515,Old
Honda Jazz 1.2 V i VTEC,2016,540000,31200,Petrol,Dealer,Manual,First Owner,25–50k,9,17.307692307692307,New
Maruti Ciaz VDi Plus SHVS,2016,665000,51000,Diesel,Dealer,Manual,First Owner,50–75k,9,13.03921568627451,New
Hyundai i20 Magna 1.4 CRDi (Diesel),2013,425000,22700,Diesel,Dealer,Manual,Second Owner,0–25k,12,18.722466960352424,Old
Audi A4 2.0 TDI,2011,1295000,58000,Diesel,Dealer,Automatic,First Owner,50–75k,14,22.32758620689655,Old
Maruti Ciaz VDI SHVS,2016,675000,50900,Diesel,Dealer,Manual,First Owner,50–75k,9,13.261296660117878,New
Maruti Vitara Brezza ZDi Plus Dual Tone,2018,980000,10000,Diesel,Individual,Manual,First Owner,0–25k,7,98.0,New
Chevrolet Beat Diesel LS,2014,320000,60000,Diesel,Individual,Manual,First Owner,50–75k,11,5.333333333333333,Old
Maruti Ritz VXI,2011,250000,80000,Petrol,Individual,Manual,Second Owner,75–100k,14,3.125,Old
Maruti Baleno Zeta 1.3,2016,600000,72000,Diesel,Individual,Manual,First Owner,50–75k,9,8.333333333333334,New
Hyundai Xcent 1.2 Kappa S,2016,300000,96000,Petrol,Individual,Manual,First Owner,75–100k,9,3.125,New
Chevrolet Beat Diesel LS,2014,305000,66000,Diesel,Individual,Manual,First Owner,50–75k,11,4.621212121212121,Old
Tata New Safari DICOR 2.2 GX 4x2 BS IV,2012,270000,80000,Diesel,Individual,Manual,Second Owner,75–100k,13,3.375,Old
Renault Fluence 1.5,2012,300000,90000,Diesel,Individual,Manual,First Owner,75–100k,13,3.3333333333333335,Old
Maruti Wagon R LXI Minor,2009,106000,70000,Petrol,Individual,Manual,First Owner,50–75k,16,1.5142857142857142,Old
Hyundai Accent GLS 1.6 ABS,2006,90000,75000,Petrol,Individual,Manual,Third Owner,50–75k,19,1.2,Old
Tata Tiago 1.2 Revotron XZ,2019,539000,2417,Petrol,Individual,Manual,First Owner,0–25k,6,223.00372362432768,New
Ford Fiesta 1.4 ZXi TDCi ABS,2009,110000,100000,Diesel,Individual,Manual,Fourth & Above Owner,75–100k,16,1.1,Old
Hyundai EON Era Plus Option,2016,250000,30000,Petrol,Individual,Manual,Second Owner,25–50k,9,8.333333333333334,New
Hyundai i20 Asta (o),2009,300000,50000,Petrol,Individual,Manual,First Owner,25–50k,16,6.0,Old
Mahindra Scorpio BSIV,2018,707000,60000,Diesel,Individual,Manual,First Owner,50–75k,7,11.783333333333333,New
Hyundai Getz GLS,2007,95000,120000,Petrol,Individual,Manual,Fourth & Above Owner,100–150k,18,0.7916666666666666,Old
Maruti Eeco CNG 5 Seater AC BSIV,2020,495000,7000,CNG,Individual,Manual,First Owner,0–25k,5,70.71428571428571,New
Tata Indigo TDI,2012,200000,35000,Diesel,Individual,Manual,First Owner,25–50k,13,5.714285714285714,Old
Maruti A-Star Vxi,2009,110000,110000,Petrol,Individual,Manual,Fourth & Above Owner,100–150k,16,1.0,Old
Maruti Alto LXi,2008,100000,130000,Petrol,Individual,Manual,Fourth & Above Owner,100–150k,17,0.7692307692307693,Old
Maruti Alto 800 LX,2016,150000,25000,Petrol,Individual,Manual,Second Owner,0–25k,9,6.0,New
Toyota Etios 1.5 V,2016,509999,35000,Petrol,Individual,Manual,First Owner,25–50k,9,14.5714,New
Ford Ikon 1.3 Flair,2005,50000,80000,Petrol,Individual,Manual,Third Owner,75–100k,20,0.625,Old
Chevrolet Aveo 1.4,2007,85000,70000,Petrol,Individual,Manual,Second Owner,50–75k,18,1.2142857142857142,Old
Hyundai Grand i10 1.2 Kappa Magna BSIV,2018,475000,23000,Petrol,Individual,Manual,First Owner,0–25k,7,20.652173913043477,New
Volkswagen Polo 1.2 MPI Highline,2014,425000,40000,Petrol,Individual,Manual,First Owner,25–50k,11,10.625,Old
BMW 5 Series 530i,2006,480000,110000,Petrol,Individual,Automatic,Second Owner,100–150k,19,4.363636363636363,Old
Maruti S-Cross Delta DDiS 200 SH,2019,950000,10000,Diesel,Individual,Manual,First Owner,0–25k,6,95.0,New
Maruti Swift Dzire VDI,2015,535000,80000,Diesel,Individual,Manual,First Owner,75–100k,10,6.6875,Old
Hyundai Verna CRDi SX ABS,2009,325000,25000,Diesel,Individual,Manual,Third Owner,0–25k,16,13.0,Old
Maruti Wagon R Stingray VXI,2013,270000,74000,Petrol,Individual,Manual,Third Owner,50–75k,12,3.6486486486486487,Old
Maruti Celerio VXI,2015,300000,60000,Petrol,Individual,Manual,Third Owner,50–75k,10,5.0,Old
Volkswagen Vento Diesel Trendline,2011,325000,70000,Diesel,Individual,Manual,First Owner,50–75k,14,4.642857142857143,Old
Tata New Safari DICOR 2.2 EX 4x2,2010,350000,100000,Diesel,Individual,Manual,First Owner,75–100k,15,3.5,Old
Hyundai Verna CRDi SX,2008,229999,146000,Diesel,Individual,Manual,Third Owner,100–150k,17,1.575335616438356,Old
Maruti Swift Dzire LDi,2012,325000,120000,Diesel,Individual,Manual,Second Owner,100–150k,13,2.7083333333333335,Old
Maruti Wagon R LXI,2005,70000,70000,Petrol,Individual,Manual,Second Owner,50–75k,20,1.0,Old
Skoda Laura Ambiente,2008,190000,120000,Diesel,Individual,Manual,Third Owner,100–150k,17,1.5833333333333333,Old
Chevrolet Cruze LTZ,2011,345000,65500,Diesel,Individual,Manual,First Owner,50–75k,14,5.267175572519084,Old
Mahindra Scorpio 1.99 S10,2016,1025000,70000,Diesel,Individual,Manual,First Owner,50–75k,9,14.642857142857142,New
Maruti Alto 800 LXI,2012,120000,50000,Petrol,Individual,Manual,First Owner,25–50k,13,2.4,Old
Maruti Alto LXi BSIII,2009,114999,90000,Petrol,Individual,Manual,Second Owner,75–100k,16,1.2777666666666667,Old
Honda City 1.5 S MT,2009,300000,120000,Petrol,Individual,Manual,Second Owner,100–150k,16,2.5,Old
Maruti Celerio VXI,2016,340000,56000,Petrol,Dealer,Manual,First Owner,50–75k,9,6.071428571428571,New
Maruti Wagon R LXI,2005,90000,70000,Petrol,Individual,Manual,Second Owner,50–75k,20,1.2857142857142858,Old
Maruti Alto LX,2006,150000,140300,Petrol,Individual,Manual,First Owner,100–150k,19,1.0691375623663577,Old
Maruti Alto K10 2010-2014 VXI,2010,115999,70000,Petrol,Individual,Manual,First Owner,50–75k,15,1.6571285714285715,Old
Toyota Etios Liva 1.4 VD,2017,425000,36000,Diesel,Dealer,Manual,First Owner,25–50k,8,11.805555555555555,New
Honda Amaze VX O iDTEC,2017,550000,12997,Diesel,Dealer,Manual,First Owner,0–25k,8,42.31745787489421,New
Maruti Ciaz 1.4 AT Zeta,2017,500000,40000,Petrol,Individual,Automatic,First Owner,25–50k,8,12.5,New
Mahindra Quanto C8,2013,300000,25000,Diesel,Individual,Manual,Second Owner,0–25k,12,12.0,Old
Hyundai Verna CRDi 1.6 SX Option,2018,1150000,26430,Diesel,Dealer,Manual,First Owner,25–50k,7,43.51116155883466,New
Maruti Swift 1.3 VXI ABS,2015,475000,24600,Petrol,Dealer,Manual,First Owner,0–25k,10,19.308943089430894,Old
Maruti Wagon R LXI,2011,260000,28481,Petrol,Dealer,Manual,First Owner,25–50k,14,9.128892946174643,Old
Ford Ecosport 1.0 Ecoboost Titanium Optional,2013,350000,100000,Petrol,Individual,Manual,First Owner,75–100k,12,3.5,Old
Mahindra XUV500 W8 2WD,2013,750000,41988,Diesel,Dealer,Manual,First Owner,25–50k,12,17.862246356101743,Old
Renault KWID Climber 1.0 AMT BSIV,2017,350000,7658,Petrol,Dealer,Automatic,First Owner,0–25k,8,45.703839122486286,New
Maruti Wagon R LXI,2009,180000,30375,Petrol,Dealer,Manual,First Owner,25–50k,16,5.925925925925926,Old
Maruti Swift Dzire VDI,2017,611000,34400,Diesel,Dealer,Manual,First Owner,25–50k,8,17.761627906976745,New
Renault KWID RXL BSIV,2017,325000,18500,Petrol,Dealer,Manual,First Owner,0–25k,8,17.56756756756757,New
Hyundai EON 1.0 Era Plus,2012,225000,48000,Petrol,Dealer,Manual,First Owner,25–50k,13,4.6875,Old
Maruti Wagon R AMT VXI,2014,300000,28942,Petrol,Dealer,Automatic,First Owner,25–50k,11,10.365558703614125,Old
Mahindra Bolero Power Plus SLX,2017,400000,50000,Diesel,Individual,Manual,Second Owner,25–50k,8,8.0,New
Mahindra XUV500 W8 2WD,2012,711000,53600,Diesel,Dealer,Manual,First Owner,50–75k,13,13.264925373134329,Old
Toyota Innova 2.5 G (Diesel) 8 Seater,2015,851000,53652,Diesel,Dealer,Manual,First Owner,50–75k,10,15.861477670916276,Old
Maruti Wagon R VXI,2016,375000,23000,Petrol,Dealer,Manual,Second Owner,0–25k,9,16.304347826086957,New
Maruti Zen Estilo LXI BSIII,2007,275000,10211,Petrol,Individual,Manual,First Owner,0–25k,18,26.9317402800901,Old
Mahindra Scorpio 2.6 SLX Turbo 7 Seater,2005,120000,120000,Diesel,Individual,Manual,Third Owner,100–150k,20,1.0,Old
Maruti Celerio ZDi,2015,350000,120000,Diesel,Individual,Manual,First Owner,100–150k,10,2.9166666666666665,Old
Maruti Celerio ZXI,2017,409999,35000,Petrol,Individual,Manual,First Owner,25–50k,8,11.714257142857143,New
Hyundai Verna 1.6 SX,2012,500000,130000,Diesel,Individual,Manual,First Owner,100–150k,13,3.8461538461538463,Old
Nissan Sunny Diesel XL,2013,220000,90000,Diesel,Individual,Manual,Second Owner,75–100k,12,2.4444444444444446,Old
Ford Fiesta 1.6 Duratec EXI Ltd,2008,120000,80000,Petrol,Individual,Manual,Second Owner,75–100k,17,1.5,Old
Hyundai Santro Xing XK,2007,70000,55000,Petrol,Individual,Manual,Second Owner,50–75k,18,1.2727272727272727,Old
Maruti Swift Dzire ZXI Plus,2017,800000,15000,Petrol,Individual,Manual,First Owner,0–25k,8,53.333333333333336,New
Maruti Swift Dzire VDI,2014,450000,260000,Diesel,Individual,Manual,Second Owner,200k+,11,1.7307692307692308,Old
Mahindra Scorpio SLE BSIV,2012,525000,145000,Diesel,Individual,Manual,First Owner,100–150k,13,3.6206896551724137,Old
Datsun GO Plus Remix Limited Edition,2016,300000,35000,Petrol,Individual,Manual,First Owner,25–50k,9,8.571428571428571,New
Hyundai i10 Magna,2008,195000,56000,Petrol,Individual,Manual,Second Owner,50–75k,17,3.482142857142857,Old
Ford Fiesta Classic 1.4 SXI Duratorq,2007,130000,98000,Diesel,Individual,Manual,Second Owner,75–100k,18,1.3265306122448979,Old
Toyota Etios VD,2011,300000,135000,Diesel,Individual,Manual,Second Owner,100–150k,14,2.2222222222222223,Old
Maruti Alto VXi,2002,120000,60000,Petrol,Individual,Manual,Third Owner,50–75k,23,2.0,Old
Toyota Innova 2.5 G3,2010,450000,120000,Diesel,Individual,Manual,Third Owner,100–150k,15,3.75,Old
Tata Indigo LS,2010,160000,102000,Diesel,Individual,Manual,Second Owner,100–150k,15,1.5686274509803921,Old
Mahindra Bolero Power Plus Plus AC BSIV PS,2018,800000,35000,Diesel,Individual,Manual,First Owner,25–50k,7,22.857142857142858,New
Maruti 800 AC,2013,100000,80000,Petrol,Individual,Manual,First Owner,75–100k,12,1.25,Old
Volkswagen Polo GTI,2017,825000,13599,Petrol,Dealer,Automatic,First Owner,0–25k,8,60.666225457754244,New
Maruti Alto 800 LXI,2015,265000,32933,Petrol,Dealer,Manual,First Owner,25–50k,10,8.046640148179637,Old
Maruti Wagon R LXI,2008,175000,54551,Petrol,Dealer,Manual,First Owner,50–75k,17,3.2080071859360966,Old
Maruti Omni 8 Seater BSIV,2014,250999,57112,Petrol,Dealer,Manual,First Owner,50–75k,11,4.394855722089929,Old
Hyundai Xcent 1.2 VTVT S AT,2015,471000,41025,Petrol,Dealer,Automatic,First Owner,25–50k,10,11.480804387568556,Old
Maruti Swift Dzire LDI,2019,650000,5000,Diesel,Individual,Manual,First Owner,0–25k,6,130.0,New
Maruti Swift Dzire LDI,2019,650000,5000,Diesel,Individual,Manual,First Owner,0–25k,6,130.0,New
Hyundai EON Magna,2012,225000,53122,Petrol,Dealer,Manual,Second Owner,50–75k,13,4.23553330070404,Old
Maruti Alto 800 LXI CNG,2013,245000,64111,CNG,Dealer,Manual,First Owner,50–75k,12,3.8214970909828265,Old
Maruti Ritz LXi,2011,221000,78892,Petrol,Dealer,Manual,First Owner,75–100k,14,2.8012979769811897,Old
Hyundai i20 1.2 Asta,2011,271000,74113,Petrol,Dealer,Manual,First Owner,50–75k,14,3.656578468015058,Old
Maruti Wagon R VXI,2012,290000,80000,Petrol,Dealer,Manual,First Owner,75–100k,13,3.625,Old
Maruti Swift VXi BSIV,2017,525000,39000,Petrol,Dealer,Manual,First Owner,25–50k,8,13.461538461538462,New
Volkswagen Vento 1.6 Highline,2012,377000,84775,Petrol,Dealer,Manual,First Owner,75–100k,13,4.447065762312002,Old
Tata Nano LX SE,2012,95000,20778,Petrol,Dealer,Manual,First Owner,0–25k,13,4.572143613437289,Old
Maruti Ertiga VDI,2015,763000,64441,Diesel,Dealer,Manual,First Owner,50–75k,10,11.840288015393925,Old
Honda Amaze S i-Vtech,2015,450000,43192,Petrol,Dealer,Manual,First Owner,25–50k,10,10.418596036303018,Old
Tata Nano Twist XE,2014,140000,44416,Petrol,Dealer,Manual,First Owner,25–50k,11,3.1520172910662825,Old
Maruti Ciaz VDi Plus SHVS,2016,701000,79991,Diesel,Dealer,Manual,First Owner,75–100k,9,8.763485892162869,New
Nissan Micra Diesel XV,2011,277000,62601,Diesel,Dealer,Manual,Second Owner,50–75k,14,4.424849443299628,Old
Maruti Baleno Delta Automatic,2018,520000,50000,Petrol,Individual,Automatic,First Owner,25–50k,7,10.4,New
Ford Figo Aspire 1.5 TDCi Ambiente ABS,2017,550000,100000,Diesel,Individual,Manual,First Owner,75–100k,8,5.5,New
Volkswagen Vento Diesel Highline,2011,260000,97000,Diesel,Individual,Manual,Third Owner,75–100k,14,2.6804123711340204,Old
Renault Pulse RxZ,2015,420000,100000,Diesel,Individual,Manual,First Owner,75–100k,10,4.2,Old
OpelCorsa 1.4 GL,2002,35000,100000,Petrol,Individual,Manual,Third Owner,75–100k,23,0.35,Old
Mahindra XUV500 W7 BSIV,2018,1150000,20000,Diesel,Individual,Manual,First Owner,0–25k,7,57.5,New
Maruti Ciaz 1.4 Zeta,2017,680000,46000,Petrol,Individual,Manual,First Owner,25–50k,8,14.782608695652174,New
Maruti Swift VDI,2012,425000,40000,Diesel,Individual,Manual,First Owner,25–50k,13,10.625,Old
Maruti Swift Dzire LDI,2014,450000,70000,Diesel,Individual,Manual,Second Owner,50–75k,11,6.428571428571429,Old
Toyota Innova 2.5 GX (Diesel) 8 Seater BS IV,2008,590000,89600,Diesel,Individual,Manual,Third Owner,75–100k,17,6.584821428571429,Old
Volkswagen Jetta 1.4 TSI Comfortline,2017,936999,60800,Petrol,Individual,Manual,First Owner,50–75k,8,15.411167763157895,New
Honda Mobilio S i DTEC,2015,420000,104000,Diesel,Individual,Manual,Second Owner,100–150k,10,4.038461538461538,Old
Volkswagen Polo 1.5 TDI Highline,2014,450000,80000,Diesel,Individual,Manual,Second Owner,75–100k,11,5.625,Old
Maruti 800 AC,2004,40000,69111,Petrol,Individual,Manual,Third Owner,50–75k,21,0.5787790655611986,Old
Toyota Innova 2.5 G (Diesel) 8 Seater,2014,520000,70000,Diesel,Individual,Manual,Second Owner,50–75k,11,7.428571428571429,Old
Maruti 800 AC,2007,80000,120000,Petrol,Individual,Manual,First Owner,100–150k,18,0.6666666666666666,Old
Tata Nano CX,2014,55000,40000,Petrol,Individual,Manual,First Owner,25–50k,11,1.375,Old
Mahindra Bolero DI DX 7 Seater,2001,80000,100000,Diesel,Individual,Manual,Third Owner,75–100k,24,0.8,Old
Maruti Alto 800 LXI,2019,210000,20000,Petrol,Individual,Manual,First Owner,0–25k,6,10.5,New
Ford Figo Petrol Titanium,2015,300000,50000,Petrol,Individual,Manual,Second Owner,25–50k,10,6.0,Old
Tata Tiago 1.05 Revotorq XM,2017,260000,50000,Diesel,Individual,Manual,First Owner,25–50k,8,5.2,New
Tata Zest Quadrajet 1.3,2016,250000,70000,Diesel,Individual,Manual,First Owner,50–75k,9,3.5714285714285716,New
Tata Indica Vista Aqua TDI BSIII,2008,80000,90000,Diesel,Individual,Manual,First Owner,75–100k,17,0.8888888888888888,Old
Toyota Innova 2.5 GX (Diesel) 7 Seater BS IV,2010,450000,150000,Diesel,Individual,Manual,Second Owner,100–150k,15,3.0,Old
Toyota Innova 2.5 G (Diesel) 8 Seater BS IV,2005,310000,120000,Diesel,Individual,Manual,Second Owner,100–150k,20,2.5833333333333335,Old
Toyota Innova 2.5 GX (Diesel) 8 Seater,2012,500000,100000,Diesel,Individual,Manual,First Owner,75–100k,13,5.0,Old
Maruti Ertiga SHVS VDI,2016,800000,70000,Diesel,Individual,Manual,Second Owner,50–75k,9,11.428571428571429,New
Hyundai Creta 1.6 CRDi SX,2016,840000,70000,Diesel,Individual,Manual,Second Owner,50–75k,9,12.0,New
Honda Amaze S i-Vtech,2016,490000,50000,Petrol,Individual,Manual,First Owner,25–50k,9,9.8,New
Tata Indica Vista Aqua 1.4 TDI,2010,125000,81000,Diesel,Individual,Manual,Second Owner,75–100k,15,1.5432098765432098,Old
Chevrolet Tavera Neo 2 LS B4 7 Str BSIII,2012,400000,120000,Diesel,Individual,Manual,Third Owner,100–150k,13,3.3333333333333335,Old
Chevrolet Cruze LTZ,2015,1000000,3600,Diesel,Dealer,Manual,First Owner,0–25k,10,277.77777777777777,Old
Ford Figo Aspire 1.2 Ti-VCT Titanium Plus,2015,530000,14272,Petrol,Dealer,Manual,First Owner,0–25k,10,37.13565022421525,Old
Ford EcoSport 1.5 Diesel Titanium Plus BSIV,2017,840000,49213,Diesel,Dealer,Manual,First Owner,25–50k,8,17.068660719728527,New
Hyundai i10 Sportz 1.1L,2015,229999,40000,Petrol,Individual,Manual,First Owner,25–50k,10,5.749975,Old
Maruti 800 Std,1998,40000,40000,Petrol,Individual,Manual,Fourth & Above Owner,25–50k,27,1.0,Old
Chevrolet Spark 1.0 LS,2012,130000,80000,Petrol,Individual,Manual,First Owner,75–100k,13,1.625,Old
Hyundai EON Era Plus,2015,200000,70000,Petrol,Individual,Manual,First Owner,50–75k,10,2.857142857142857,Old
Tata Indica Vista Aqua TDI BSIII,2011,120000,70000,Diesel,Individual,Manual,First Owner,50–75k,14,1.7142857142857142,Old
Hyundai Santro LP zipPlus,2003,75000,57000,Petrol,Individual,Manual,First Owner,50–75k,22,1.3157894736842106,Old
Tata Bolt Quadrajet XE,2016,250000,120000,Diesel,Individual,Manual,First Owner,100–150k,9,2.0833333333333335,New
Maruti 800 AC BSIII,2005,100000,30000,Petrol,Individual,Manual,First Owner,25–50k,20,3.3333333333333335,Old
Hyundai EON Era Plus,2013,280000,3240,Petrol,Individual,Manual,Second Owner,0–25k,12,86.41975308641975,Old
Hyundai i20 Magna 1.2,2015,540000,5000,Petrol,Individual,Manual,First Owner,0–25k,10,108.0,Old
Hyundai i20 1.2 Asta,2018,700000,10000,Petrol,Individual,Manual,First Owner,0–25k,7,70.0,New
Ford Figo Petrol EXI,2014,350000,90000,Petrol,Individual,Manual,Second Owner,75–100k,11,3.888888888888889,Old
Maruti SX4 VDI,2011,320000,100000,Diesel,Individual,Manual,First Owner,75–100k,14,3.2,Old
Honda Amaze S i-DTEC,2016,475000,90000,Diesel,Individual,Manual,First Owner,75–100k,9,5.277777777777778,New
Tata Manza Aura (ABS) Quadrajet BS IV,2011,220000,140000,Diesel,Individual,Manual,Second Owner,100–150k,14,1.5714285714285714,Old
Nissan Micra Diesel XV Premium,2013,210000,13770,Diesel,Individual,Manual,First Owner,0–25k,12,15.250544662309368,Old
Ford Ikon 1.3 Flair,2005,61000,4637,Petrol,Individual,Manual,Second Owner,0–25k,20,13.155057149018763,Old
Skoda Superb Elegance 2.0 TDI CR AT,2009,355000,100000,Diesel,Individual,Automatic,Second Owner,75–100k,16,3.55,Old
Chevrolet Beat Diesel LT,2012,150000,60000,Diesel,Individual,Manual,First Owner,50–75k,13,2.5,Old
Tata Indica Vista Quadrajet LX,2011,133000,80000,Diesel,Individual,Manual,First Owner,75–100k,14,1.6625,Old
Chevrolet Cruze LTZ AT,2015,650000,50000,Diesel,Individual,Automatic,First Owner,25–50k,10,13.0,Old
Nissan Micra XL,2014,210000,40000,Petrol,Individual,Manual,Second Owner,25–50k,11,5.25,Old
Chevrolet Beat Diesel LS,2013,130000,93900,Diesel,Individual,Manual,Second Owner,75–100k,12,1.384451544195953,Old
Maruti 800 AC,2007,60000,70000,Petrol,Individual,Manual,First Owner,50–75k,18,0.8571428571428571,Old
Mahindra Scorpio 2.6 SLX Turbo 7 Seater,2005,120000,120000,Diesel,Individual,Manual,Third Owner,100–150k,20,1.0,Old
BMW 5 Series 520d Luxury Line,2017,2900000,40000,Diesel,Individual,Automatic,First Owner,25–50k,8,72.5,New
Hyundai Accent CRDi,2005,100000,120000,Diesel,Individual,Manual,Second Owner,100–150k,20,0.8333333333333334,Old
Maruti Zen VXi - BS III,2004,79000,80000,Petrol,Individual,Manual,First Owner,75–100k,21,0.9875,Old
Chevrolet Beat Diesel LS,2012,120000,110000,Diesel,Individual,Manual,First Owner,100–150k,13,1.0909090909090908,Old
Maruti Zen LXi - BS III,2005,125000,34000,Petrol,Dealer,Manual,First Owner,25–50k,20,3.676470588235294,Old
Chevrolet Enjoy 1.3 TCDi LS 8,2013,425000,20000,Diesel,Dealer,Manual,First Owner,0–25k,12,21.25,Old
Maruti Wagon R LXI,2001,70000,117000,Petrol,Individual,Manual,Second Owner,100–150k,24,0.5982905982905983,Old
Maruti Swift VXI,2020,619000,1500,Petrol,Individual,Manual,First Owner,0–25k,5,412.6666666666667,New
Nissan Micra XL,2017,415000,48965,Petrol,Dealer,Manual,First Owner,25–50k,8,8.475441641989176,New
Hyundai EON Era Plus Option,2014,265000,55000,Petrol,Dealer,Manual,First Owner,50–75k,11,4.818181818181818,Old
Tata Indica GLS BS IV,2008,70000,60000,Petrol,Individual,Manual,First Owner,50–75k,17,1.1666666666666667,Old
Chevrolet Sail Hatchback 1.3 TCDi,2015,281000,40000,Diesel,Individual,Manual,First Owner,25–50k,10,7.025,Old
Tata Indigo Grand Dicor,2013,211000,80000,Diesel,Individual,Manual,First Owner,75–100k,12,2.6375,Old
Hyundai Elite i20 Petrol Magna Exective,2018,550000,11000,Petrol,Individual,Manual,First Owner,0–25k,7,50.0,New
Chevrolet Enjoy TCDi LT 8 Seater,2014,350000,110000,Diesel,Individual,Manual,First Owner,100–150k,11,3.1818181818181817,Old
Maruti Wagon R VXI AMT,2017,420000,19890,Petrol,Dealer,Automatic,First Owner,0–25k,8,21.116138763197586,New
Renault KWID RXT,2015,270000,20969,Petrol,Dealer,Manual,First Owner,0–25k,10,12.876150507892604,Old
Maruti Celerio VXI,2016,399000,20194,Petrol,Dealer,Manual,First Owner,0–25k,9,19.75834406259285,New
Ford Figo Trend,2016,440000,34982,Petrol,Dealer,Manual,First Owner,25–50k,9,12.577897204276486,New
Hyundai EON Magna,2012,250000,44588,Petrol,Dealer,Manual,First Owner,25–50k,13,5.606889746120032,Old
Ford Ecosport 1.5 Diesel Titanium,2016,650000,57904,Diesel,Dealer,Manual,First Owner,50–75k,9,11.225476651008567,New
Maruti Alto K10 VXI,2015,270000,59258,Petrol,Dealer,Manual,First Owner,50–75k,10,4.556346822369975,Old
Ford Figo Trend,2016,390000,60826,Petrol,Dealer,Manual,First Owner,50–75k,9,6.411731825206326,New
Mahindra XUV500 W10 2WD,2018,1500000,50000,Diesel,Individual,Manual,First Owner,25–50k,7,30.0,New
Maruti 800 AC,2014,225000,35000,Petrol,Individual,Manual,First Owner,25–50k,11,6.428571428571429,Old
Mahindra XUV500 W8 2WD,2015,900000,110000,Diesel,Individual,Manual,Second Owner,100–150k,10,8.181818181818182,Old
Hyundai Tucson 2.0 e-VGT 2WD AT GL,2018,1600000,40000,Diesel,Individual,Automatic,First Owner,25–50k,7,40.0,New
Tata Nexon 1.2 Revotron XZ Plus Dual Tone,2019,800000,10000,Petrol,Individual,Manual,First Owner,0–25k,6,80.0,New
Honda Amaze E i-Dtech,2013,320000,50000,Diesel,Individual,Manual,First Owner,25–50k,12,6.4,Old
Maruti Alto 800 LXI,2016,300000,25000,Petrol,Individual,Manual,First Owner,0–25k,9,12.0,New
Hyundai i20 1.2 Asta Dual Tone,2018,740000,25000,Petrol,Individual,Manual,First Owner,0–25k,7,29.6,New
Datsun RediGO SV 1.0,2019,350000,1300,Petrol,Individual,Manual,First Owner,0–25k,6,269.2307692307692,New
Datsun GO T BSIV,2014,280000,40000,Petrol,Individual,Manual,First Owner,25–50k,11,7.0,Old
Maruti Swift Dzire AMT VDI,2018,675000,50000,Diesel,Individual,Automatic,First Owner,25–50k,7,13.5,New
Hyundai i10 Era 1.1 iTech SE,2011,300000,20000,Petrol,Individual,Manual,First Owner,0–25k,14,15.0,Old
Chevrolet Captiva 2.0L VCDi,2011,400000,76000,Diesel,Individual,Manual,Third Owner,75–100k,14,5.2631578947368425,Old
Mahindra Scorpio VLX 2WD BSIV,2010,420000,100000,Diesel,Individual,Manual,Third Owner,75–100k,15,4.2,Old
Tata New Safari 3L Dicor LX 4x2,2008,300000,120000,Diesel,Individual,Manual,First Owner,100–150k,17,2.5,Old
Maruti Wagon R VXI Minor,2010,170000,70000,Petrol,Individual,Manual,First Owner,50–75k,15,2.4285714285714284,Old
Hyundai EON Era Plus,2014,210000,70000,Petrol,Individual,Manual,Third Owner,50–75k,11,3.0,Old
Maruti Ertiga VDI,2015,600000,60000,Diesel,Individual,Manual,Second Owner,50–75k,10,10.0,Old
Maruti Wagon R VXI BS IV,2014,260000,38000,Petrol,Individual,Manual,Second Owner,25–50k,11,6.842105263157895,Old
Tata Nano Twist XT,2015,82000,19000,Petrol,Individual,Manual,First Owner,0–25k,10,4.315789473684211,Old
Mahindra TUV 300 T8,2016,690000,75000,Diesel,Individual,Manual,First Owner,50–75k,9,9.2,New
Hyundai Grand i10 CRDi Asta,2015,300000,70000,Diesel,Individual,Manual,First Owner,50–75k,10,4.285714285714286,Old
Honda BRV i-DTEC V MT,2017,1250000,30000,Diesel,Individual,Manual,First Owner,25–50k,8,41.666666666666664,New
Hyundai Verna CRDi 1.6 EX,2017,799000,31707,Diesel,Individual,Manual,First Owner,25–50k,8,25.19948276405841,New
Toyota Fortuner 3.0 Diesel,2010,1000000,180000,Diesel,Individual,Manual,First Owner,150–200k,15,5.555555555555555,Old
Maruti Alto 800 LXI,2014,190000,90000,Petrol,Individual,Manual,Second Owner,75–100k,11,2.111111111111111,Old
Mahindra Verito 1.5 D2 BSIII,2014,250000,30000,Diesel,Individual,Manual,First Owner,25–50k,11,8.333333333333334,Old
Hyundai Verna 1.6 i ABS,2009,200000,60000,Petrol,Individual,Manual,First Owner,50–75k,16,3.3333333333333335,Old
Mahindra Bolero DI,2005,300000,90000,Diesel,Individual,Manual,Second Owner,75–100k,20,3.3333333333333335,Old
Tata Zest Revotron 1.2T XMS,2015,250000,120000,Petrol,Individual,Manual,Second Owner,100–150k,10,2.0833333333333335,Old
Maruti 800 AC,2008,90000,70000,Petrol,Individual,Manual,Third Owner,50–75k,17,1.2857142857142858,Old
Hyundai Santro LE zipPlus,2001,68000,70000,Petrol,Individual,Manual,First Owner,50–75k,24,0.9714285714285714,Old
Hyundai Grand i10 1.2 Kappa Asta,2017,500000,26500,Petrol,Individual,Manual,First Owner,25–50k,8,18.867924528301888,New
Hyundai Verna CRDi 1.6 SX,2017,900000,50000,Diesel,Individual,Manual,First Owner,25–50k,8,18.0,New
Maruti Alto LX,2007,100000,52000,Petrol,Individual,Manual,Second Owner,50–75k,18,1.9230769230769231,Old
Renault Duster 85PS Diesel RxL,2016,700000,160000,Diesel,Individual,Manual,First Owner,150–200k,9,4.375,New
Volvo XC60 D3 Kinetic,2012,1750000,115992,Diesel,Dealer,Automatic,Third Owner,100–150k,13,15.087247396372163,Old
Maruti Wagon R VXI Optional,2017,290000,110000,Petrol,Individual,Manual,Second Owner,100–150k,8,2.6363636363636362,New
Toyota Innova 2.5 Z Diesel 7 Seater BS IV,2014,1050000,97000,Diesel,Individual,Manual,Second Owner,75–100k,11,10.824742268041238,Old
Tata Indigo LX Dicor,2008,70000,100000,Diesel,Individual,Manual,Third Owner,75–100k,17,0.7,Old
Maruti Swift ZDi BSIV,2016,520000,41000,Diesel,Individual,Manual,First Owner,25–50k,9,12.682926829268293,New
Tata Indigo LS,2012,150000,90000,Diesel,Individual,Manual,First Owner,75–100k,13,1.6666666666666667,Old
Hyundai i10 Magna 1.1,2008,120000,90000,Petrol,Individual,Manual,First Owner,75–100k,17,1.3333333333333333,Old
Hyundai i20 Asta Option 1.2,2016,600000,25000,Petrol,Individual,Manual,First Owner,0–25k,9,24.0,New
Tata Xenon XT EX 4X4,2010,150000,70000,Diesel,Individual,Manual,Second Owner,50–75k,15,2.142857142857143,Old
Volkswagen Vento Petrol Highline,2011,400000,60000,Petrol,Individual,Manual,First Owner,50–75k,14,6.666666666666667,Old
Maruti Alto 800 LXI,2015,310000,30000,Petrol,Individual,Manual,Second Owner,25–50k,10,10.333333333333334,Old
Maruti Baleno Alpha 1.2,2015,550000,30000,Petrol,Individual,Manual,First Owner,25–50k,10,18.333333333333332,Old
Hyundai i20 Asta Option 1.4 CRDi,2016,550000,60000,Diesel,Individual,Manual,First Owner,50–75k,9,9.166666666666666,New
Hyundai Grand i10 CRDi Magna,2013,320000,73000,Diesel,Individual,Manual,First Owner,50–75k,12,4.383561643835616,Old
Maruti 800 AC BSII,1992,50000,100000,Petrol,Individual,Manual,Fourth & Above Owner,75–100k,33,0.5,Old
Hyundai Grand i10 1.2 Kappa Asta,2018,500000,32000,Petrol,Individual,Manual,First Owner,25–50k,7,15.625,New
Renault KWID RXT,2018,360000,26500,Petrol,Individual,Manual,First Owner,25–50k,7,13.584905660377359,New
Maruti Vitara Brezza VDi Option,2017,700000,50000,Diesel,Individual,Manual,Second Owner,25–50k,8,14.0,New
Maruti Ertiga VDI,2012,700000,110000,Diesel,Individual,Manual,Second Owner,100–150k,13,6.363636363636363,Old
Hyundai i20 1.4 Sportz,2017,655000,84000,Diesel,Dealer,Manual,First Owner,75–100k,8,7.7976190476190474,New
Maruti Vitara Brezza VDi Option,2017,700000,50000,Diesel,Individual,Manual,Second Owner,25–50k,8,14.0,New
Chevrolet Beat LT LPG,2011,200000,110000,LPG,Individual,Manual,First Owner,100–150k,14,1.8181818181818181,Old
Renault Duster 85PS Diesel RxL Optional,2012,375000,150000,Diesel,Individual,Manual,First Owner,100–150k,13,2.5,Old
Hyundai Verna 1.6 SX,2012,470000,109052,Diesel,Dealer,Manual,First Owner,100–150k,13,4.30987052048564,Old
Maruti Ciaz VDi,2015,550000,90658,Diesel,Dealer,Manual,First Owner,75–100k,10,6.066756381124667,Old
Honda Amaze VX i-DTEC,2014,500000,110000,Diesel,Individual,Manual,Second Owner,100–150k,11,4.545454545454546,Old
Datsun GO T Option BSIV,2015,210000,25000,Petrol,Individual,Manual,First Owner,0–25k,10,8.4,Old
Maruti Eeco 7 Seater Standard BSIV,2018,270000,20000,Petrol,Individual,Manual,First Owner,0–25k,7,13.5,New
Skoda Superb 1.8 TFSI MT,2010,300000,80000,Petrol,Individual,Manual,First Owner,75–100k,15,3.75,Old
Maruti Wagon R VXI Minor,2007,80000,60000,Petrol,Individual,Manual,Third Owner,50–75k,18,1.3333333333333333,Old
Mercedes-Benz E-Class E250 Edition E,2013,1451000,81000,Diesel,Dealer,Automatic,First Owner,75–100k,12,17.91358024691358,Old
Tata Safari Storme VX Varicor 400,2018,1085000,15000,Diesel,Individual,Manual,First Owner,0–25k,7,72.33333333333333,New
Hyundai Verna SX AT Diesel,2009,245000,75000,Diesel,Dealer,Automatic,First Owner,50–75k,16,3.2666666666666666,Old
Honda WR-V i-VTEC VX,2017,700000,25552,Petrol,Dealer,Manual,Second Owner,25–50k,8,27.39511584220413,New
Hyundai EON Magna Plus,2018,300000,20000,Petrol,Individual,Manual,First Owner,0–25k,7,15.0,New
Hyundai Xcent 1.2 CRDi E,2017,350000,80000,Diesel,Individual,Manual,First Owner,75–100k,8,4.375,New
Hyundai Elite i20 Asta Option CVT BSIV,2017,635000,25000,Petrol,Dealer,Automatic,First Owner,0–25k,8,25.4,New
Honda City S,2012,325000,40700,Petrol,Individual,Manual,First Owner,25–50k,13,7.985257985257985,Old
Mahindra XUV500 AT W10 1.99 mHawk,2017,1150000,65500,Diesel,Dealer,Automatic,First Owner,50–75k,8,17.557251908396946,New
Tata Indigo GLE BSIII,2008,110000,42000,Petrol,Dealer,Manual,First Owner,25–50k,17,2.619047619047619,Old
Honda City 1.5 V MT,2018,890000,8000,Petrol,Dealer,Manual,First Owner,0–25k,7,111.25,New
Maruti Swift 1.3 LXI,2007,73000,80000,Petrol,Individual,Manual,Second Owner,75–100k,18,0.9125,Old
Chevrolet Beat PS,2014,170000,77000,Petrol,Individual,Manual,First Owner,75–100k,11,2.207792207792208,Old
Maruti Ciaz ZXi Plus,2016,750000,6000,Petrol,Dealer,Manual,First Owner,0–25k,9,125.0,New
Hyundai EON 1.0 Era Plus,2017,280000,28838,Petrol,Individual,Manual,First Owner,25–50k,8,9.709411193564048,New
Maruti Baleno Alpha 1.2,2018,690000,11174,Petrol,Dealer,Manual,First Owner,0–25k,7,61.75049221406837,New
Tata Indigo GLS,2008,130000,120000,Petrol,Individual,Manual,First Owner,100–150k,17,1.0833333333333333,Old
Maruti Swift 1.3 LXI,2007,73000,80000,Petrol,Individual,Manual,Second Owner,75–100k,18,0.9125,Old
Hyundai Santro Xing GLS,2007,85000,85000,Petrol,Individual,Manual,Second Owner,75–100k,18,1.0,Old
Hyundai Elantra 2.0 SX AT,2018,1575000,10000,Petrol,Individual,Automatic,First Owner,0–25k,7,157.5,New
Nissan Sunny Diesel XV,2013,325000,105000,Diesel,Individual,Manual,First Owner,100–150k,12,3.0952380952380953,Old
Honda City 1.3 EXI,1998,85000,120000,Petrol,Individual,Manual,Second Owner,100–150k,27,0.7083333333333334,Old
Hyundai Verna 1.6 CRDI SX Option,2018,860000,30000,Diesel,Dealer,Manual,Second Owner,25–50k,7,28.666666666666668,New
Maruti S-Cross Sigma DDiS 200 SH,2017,690000,41000,Diesel,Individual,Manual,First Owner,25–50k,8,16.829268292682926,New
Hyundai Elantra CRDi S,2013,650000,54000,Diesel,Dealer,Manual,First Owner,50–75k,12,12.037037037037036,Old
Chevrolet Sail LS ABS,2014,375000,40000,Diesel,Individual,Manual,First Owner,25–50k,11,9.375,Old
Hyundai Verna 1.6 SX CRDi (O),2013,525000,71000,Diesel,Dealer,Manual,First Owner,50–75k,12,7.394366197183099,Old
Maruti Eeco Smiles 5 Seater AC,2016,330000,72500,Petrol,Dealer,Manual,First Owner,50–75k,9,4.551724137931035,New
Maruti Eeco Smiles 5 Seater AC,2013,280000,76600,Petrol,Dealer,Manual,First Owner,75–100k,12,3.6553524804177546,Old
Maruti Swift ZXI,2014,470000,40000,Petrol,Individual,Manual,First Owner,25–50k,11,11.75,Old
Volkswagen Polo Diesel Trendline 1.2L,2011,350000,110000,Diesel,Individual,Manual,First Owner,100–150k,14,3.1818181818181817,Old
Honda City 1.5 V Elegance,2012,480000,63000,Petrol,Dealer,Manual,First Owner,50–75k,13,7.619047619047619,Old
Hyundai Verna 1.6 CRDi SX,2016,620000,60000,Diesel,Individual,Manual,First Owner,50–75k,9,10.333333333333334,New
Datsun GO T BSIV,2014,250000,58000,Petrol,Individual,Manual,First Owner,50–75k,11,4.310344827586207,Old
Chevrolet Spark 1.0,2010,78692,80000,Petrol,Individual,Manual,Second Owner,75–100k,15,0.98365,Old
Hyundai i20 Magna Optional 1.4 CRDi,2012,350000,80000,Diesel,Individual,Manual,First Owner,75–100k,13,4.375,Old
Maruti Wagon R LX Minor,2013,250000,70000,Petrol,Individual,Manual,Second Owner,50–75k,12,3.5714285714285716,Old
Hyundai i20 1.2 Sportz,2011,260000,97700,Petrol,Individual,Manual,Fourth & Above Owner,75–100k,14,2.661207778915046,Old
Honda Mobilio S i DTEC,2016,640000,36000,Diesel,Individual,Manual,Second Owner,25–50k,9,17.77777777777778,New
Tata New Safari DICOR 2.2 EX 4x2,2008,220000,90000,Diesel,Individual,Manual,Second Owner,75–100k,17,2.4444444444444446,Old
Volkswagen Vento 1.5 TDI Highline,2015,465000,130000,Diesel,Individual,Manual,First Owner,100–150k,10,3.576923076923077,Old
Maruti Swift Vdi BSIII,2010,229999,120000,Diesel,Individual,Manual,Second Owner,100–150k,15,1.9166583333333334,Old
Maruti Wagon R VXI BS IV,2018,425000,15000,Petrol,Individual,Manual,First Owner,0–25k,7,28.333333333333332,New
Tata Indica GLS BS IV,2008,95000,120000,Petrol,Individual,Manual,Third Owner,100–150k,17,0.7916666666666666,Old
Hyundai EON LPG Magna Plus,2012,170000,170000,LPG,Individual,Manual,Third Owner,150–200k,13,1.0,Old
Datsun RediGO T Option,2016,229999,37500,Petrol,Individual,Manual,Second Owner,25–50k,9,6.133306666666667,New
Maruti 800 Std,1999,45000,50000,Petrol,Individual,Manual,Third Owner,25–50k,26,0.9,Old
Maruti Grand Vitara MT,2007,479000,145000,Petrol,Individual,Manual,Third Owner,100–150k,18,3.303448275862069,Old
Mahindra KUV 100 mFALCON G80 K8 5str,2016,370000,60000,Petrol,Individual,Manual,First Owner,50–75k,9,6.166666666666667,New
Hyundai EON Sportz,2016,340000,30000,Petrol,Individual,Manual,First Owner,25–50k,9,11.333333333333334,New
Maruti Swift Dzire ZXI,2016,620000,35000,Petrol,Individual,Manual,First Owner,25–50k,9,17.714285714285715,New
Tata Manza Club Class Quadrajet90 EX,2012,270000,60000,Diesel,Individual,Manual,First Owner,50–75k,13,4.5,Old
Tata Tiago 1.05 Revotorq XZ Plus,2018,400000,35000,Diesel,Individual,Manual,First Owner,25–50k,7,11.428571428571429,New
Maruti Wagon R VXI Optional,2015,260000,40000,Petrol,Individual,Manual,First Owner,25–50k,10,6.5,Old
Hyundai Santro LE zipPlus,2003,48000,50000,Petrol,Individual,Manual,Fourth & Above Owner,25–50k,22,0.96,Old
Tata Nano Twist XE,2015,100000,23800,Petrol,Individual,Manual,Second Owner,0–25k,10,4.201680672268908,Old
Nissan Terrano XL Plus 85 PS,2015,490000,70000,Diesel,Individual,Manual,First Owner,50–75k,10,7.0,Old
Maruti Wagon R Duo Lxi,2010,120000,90000,LPG,Individual,Manual,Second Owner,75–100k,15,1.3333333333333333,Old
Hyundai i10 Era,2008,125000,102000,Petrol,Individual,Manual,Second Owner,100–150k,17,1.2254901960784315,Old
Hyundai EON Era Plus,2013,160000,80000,Petrol,Individual,Manual,First Owner,75–100k,12,2.0,Old
Maruti Alto 800 LXI,2019,190000,5000,Petrol,Individual,Manual,First Owner,0–25k,6,38.0,New
Tata Harrier XZ BSIV,2019,1700000,10000,Diesel,Individual,Manual,First Owner,0–25k,6,170.0,New
Hyundai i10 Sportz,2011,250000,50000,Petrol,Individual,Manual,First Owner,25–50k,14,5.0,Old
Maruti Ignis 1.2 Delta BSIV,2019,500000,15000,Petrol,Individual,Manual,First Owner,0–25k,6,33.333333333333336,New
Toyota Corolla Altis 1.8 J,2008,400000,35000,Petrol,Individual,Manual,Second Owner,25–50k,17,11.428571428571429,Old
Fiat Linea T Jet Plus,2011,500000,20000,Petrol,Individual,Manual,First Owner,0–25k,14,25.0,Old
Toyota Fortuner 4x2 AT,2014,1800000,99000,Diesel,Individual,Automatic,First Owner,75–100k,11,18.181818181818183,Old
Honda Civic 1.8 V MT,2008,320000,90000,Petrol,Individual,Manual,First Owner,75–100k,17,3.5555555555555554,Old
Honda Civic 1.8 S AT,2007,250000,47000,Petrol,Dealer,Automatic,First Owner,25–50k,18,5.319148936170213,Old
Ford Figo Diesel Titanium,2010,105000,90000,Diesel,Individual,Manual,Third Owner,75–100k,15,1.1666666666666667,Old
Hyundai i20 Active 1.2 SX,2018,550000,20000,Petrol,Individual,Manual,First Owner,0–25k,7,27.5,New
Hyundai Grand i10 1.2 Kappa Sportz AT,2019,600000,1100,Petrol,Individual,Automatic,First Owner,0–25k,6,545.4545454545455,New
Maruti Alto 800 VXI,2020,210000,40000,Petrol,Individual,Manual,First Owner,25–50k,5,5.25,New
Maruti Alto 800 LXI Airbag,2012,210000,15000,Petrol,Individual,Manual,First Owner,0–25k,13,14.0,Old
Maruti Alto LXi,2009,150000,40000,Petrol,Individual,Manual,First Owner,25–50k,16,3.75,Old
Hyundai i10 Era 1.1,2008,125000,60000,Petrol,Individual,Manual,First Owner,50–75k,17,2.0833333333333335,Old
Maruti Celerio VXI,2016,380000,20000,Petrol,Individual,Manual,First Owner,0–25k,9,19.0,New
Maruti Baleno Delta 1.2,2019,600000,5000,Petrol,Individual,Manual,First Owner,0–25k,6,120.0,New
Maruti Swift VXI Deca,2016,490000,27000,Petrol,Individual,Manual,First Owner,25–50k,9,18.14814814814815,New
Maruti Swift Dzire LDI,2018,545000,38000,Diesel,Individual,Manual,Second Owner,25–50k,7,14.342105263157896,New
Maruti Wagon R VXI BS IV,2015,250000,25000,Petrol,Individual,Manual,First Owner,0–25k,10,10.0,Old
Hyundai Venue SX Opt Turbo BSIV,2020,1050000,1100,Petrol,Individual,Manual,First Owner,0–25k,5,954.5454545454545,New
Maruti Wagon R LX Minor,2007,100000,100000,Petrol,Individual,Manual,First Owner,75–100k,18,1.0,Old
Ford Figo Diesel ZXI,2014,250000,100000,Diesel,Individual,Manual,Second Owner,75–100k,11,2.5,Old
Maruti Wagon R LX BSIII,2007,100000,110000,Petrol,Individual,Manual,First Owner,100–150k,18,0.9090909090909091,Old
Ford Figo 1.5D Ambiente ABS MT,2016,350000,60000,Diesel,Individual,Manual,Second Owner,50–75k,9,5.833333333333333,New
Renault Duster 110PS Diesel RxZ Plus,2012,370000,70000,Diesel,Individual,Manual,Second Owner,50–75k,13,5.285714285714286,Old
Maruti Zen VXi - BS III,2004,121000,110000,Petrol,Individual,Manual,Second Owner,100–150k,21,1.1,Old
Ford Figo Aspire 1.5 Ti-VCT Titanium,2017,570000,44077,Petrol,Dealer,Automatic,First Owner,25–50k,8,12.931914603988474,New
Maruti Ertiga SHVS VDI,2017,785000,24000,Diesel,Individual,Manual,First Owner,0–25k,8,32.708333333333336,New
Maruti Ciaz S 1.3,2018,850000,30000,Diesel,Individual,Manual,First Owner,25–50k,7,28.333333333333332,New
Maruti Wagon R VXI BS IV,2016,375000,30000,Petrol,Individual,Manual,Second Owner,25–50k,9,12.5,New
Maruti Baleno Alpha 1.2,2017,619000,40000,Petrol,Individual,Manual,First Owner,25–50k,8,15.475,New
Chevrolet Cruze LTZ,2011,335000,90000,Diesel,Individual,Manual,Second Owner,75–100k,14,3.7222222222222223,Old
Toyota Innova 2.5 G (Diesel) 8 Seater BS IV,2006,500000,50000,Diesel,Individual,Manual,First Owner,25–50k,19,10.0,Old
Maruti Wagon R LX,2003,60000,100000,Petrol,Individual,Manual,Second Owner,75–100k,22,0.6,Old
Maruti Zen Estilo VXI BSIV,2010,130000,50000,Petrol,Individual,Manual,Second Owner,25–50k,15,2.6,Old
Mahindra Ingenio CRDe,2015,210000,210000,Diesel,Individual,Manual,First Owner,200k+,10,1.0,Old
Toyota Innova Crysta 2.4 VX MT 8S BSIV,2019,1900000,20000,Diesel,Individual,Manual,First Owner,0–25k,6,95.0,New
Tata Indigo TDI,2013,270000,70000,Diesel,Individual,Manual,Second Owner,50–75k,12,3.857142857142857,Old
Maruti Wagon R LXI Minor,2010,225000,100000,Petrol,Individual,Manual,Second Owner,75–100k,15,2.25,Old
Maruti SX4 ZXI MT BSIV,2011,150000,160000,Petrol,Individual,Manual,Second Owner,150–200k,14,0.9375,Old
Chevrolet Beat Diesel LT,2013,173000,70000,Diesel,Individual,Manual,First Owner,50–75k,12,2.4714285714285715,Old
BMW 5 Series 520d Luxury Line,2018,4800000,9422,Diesel,Individual,Automatic,First Owner,0–25k,7,509.44597749946934,New
Volkswagen Vento 1.5 Highline Plus AT 16 Alloy,2017,710000,110000,Diesel,Individual,Automatic,First Owner,100–150k,8,6.454545454545454,New
Toyota Corolla Altis 1.8 GL,2019,1500000,20000,Petrol,Individual,Manual,First Owner,0–25k,6,75.0,New
Maruti Baleno Zeta 1.2,2017,550000,20000,Petrol,Individual,Manual,First Owner,0–25k,8,27.5,New
Maruti 800 AC BSIII,2008,58000,70000,Petrol,Individual,Manual,Second Owner,50–75k,17,0.8285714285714286,Old
Audi A4 1.8 TFSI,2012,1200000,60000,Petrol,Individual,Automatic,Third Owner,50–75k,13,20.0,Old
Mahindra Scorpio M2DI,2013,500000,150000,Diesel,Individual,Manual,First Owner,100–150k,12,3.3333333333333335,Old
Maruti Swift LXi BSIV,2009,120000,83000,Petrol,Individual,Manual,Second Owner,75–100k,16,1.4457831325301205,Old
Toyota Innova 2.5 EV Diesel PS 7 Seater BSIII,2012,300000,250000,Diesel,Individual,Manual,First Owner,200k+,13,1.2,Old
Hyundai EON Era Plus,2018,300000,30000,Petrol,Individual,Manual,First Owner,25–50k,7,10.0,New
Datsun GO Plus T Option BSIV,2015,295000,21000,Petrol,Individual,Manual,First Owner,0–25k,10,14.047619047619047,Old
Maruti Ertiga VXI CNG,2018,587000,80000,CNG,Individual,Manual,First Owner,75–100k,7,7.3375,New
Ambassador Grand 1800 ISZ MPFI PW CL,2012,430000,50000,Petrol,Individual,Manual,Second Owner,25–50k,13,8.6,Old
Hyundai Verna i (Petrol),2007,123000,50000,Petrol,Individual,Manual,Second Owner,25–50k,18,2.46,Old
Skoda Laura Ambiente 2.0 TDI CR AT,2012,450000,48500,Diesel,Individual,Automatic,Second Owner,25–50k,13,9.278350515463918,Old
Maruti Wagon R LXI Minor,2007,130000,60000,Petrol,Individual,Manual,Third Owner,50–75k,18,2.1666666666666665,Old
Tata Indica Vista Aqua 1.4 TDI,2010,110000,90000,Diesel,Individual,Manual,Second Owner,75–100k,15,1.2222222222222223,Old
Mahindra Xylo Celebration Edition BSIV,2010,200000,240000,Diesel,Individual,Manual,Third Owner,200k+,15,0.8333333333333334,Old
Hyundai Grand i10 Magna,2015,320000,70000,Petrol,Individual,Manual,Second Owner,50–75k,10,4.571428571428571,Old
Maruti Wagon R LXI BS IV,2014,300000,50000,Petrol,Individual,Manual,First Owner,25–50k,11,6.0,Old
Volkswagen CrossPolo 1.2 MPI,2016,350000,110000,Petrol,Individual,Manual,First Owner,100–150k,9,3.1818181818181817,New
Maruti Ertiga VXI Petrol,2018,800000,50000,Petrol,Individual,Manual,First Owner,25–50k,7,16.0,New
Hyundai Xcent 1.1 CRDi S,2016,270000,175000,Diesel,Individual,Manual,First Owner,150–200k,9,1.542857142857143,New
Hyundai i20 1.2 Magna Executive,2017,540000,60000,Petrol,Individual,Manual,First Owner,50–75k,8,9.0,New
Maruti Wagon R LXI CNG,2011,160000,60000,CNG,Individual,Manual,Second Owner,50–75k,14,2.6666666666666665,Old
Maruti SX4 VDI,2013,340000,100000,Diesel,Individual,Manual,Second Owner,75–100k,12,3.4,Old
Maruti Eeco 5 Seater AC BSIV,2017,350000,40000,Petrol,Individual,Manual,Second Owner,25–50k,8,8.75,New
Volkswagen Vento Diesel Style Limited Edition,2011,300000,100000,Diesel,Individual,Manual,First Owner,75–100k,14,3.0,Old
Maruti Ritz VDi,2013,330000,63000,Diesel,Individual,Manual,First Owner,50–75k,12,5.238095238095238,Old
Maruti Wagon R LXI CNG,2016,325000,80000,CNG,Individual,Manual,Second Owner,75–100k,9,4.0625,New
Maruti Swift Dzire VDI,2013,250000,55000,Diesel,Individual,Manual,First Owner,50–75k,12,4.545454545454546,Old
Maruti Swift Star VDI,2013,250000,55000,Diesel,Individual,Manual,First Owner,50–75k,12,4.545454545454546,Old
Chevrolet Beat LT Option,2015,240000,60000,Petrol,Individual,Manual,First Owner,50–75k,10,4.0,Old
Hyundai Grand i10 1.2 Kappa Magna BSIV,2020,545000,5000,Petrol,Individual,Manual,First Owner,0–25k,5,109.0,New
Hyundai i10 Magna 1.1 iTech SE,2015,300000,48000,Petrol,Dealer,Manual,First Owner,25–50k,10,6.25,Old
Chevrolet Beat LT,2010,130000,80000,Petrol,Individual,Manual,Second Owner,75–100k,15,1.625,Old
Renault KWID RXT,2017,240000,50000,Petrol,Individual,Manual,First Owner,25–50k,8,4.8,New
Renault KWID 1.0 RXT Optional,2018,360000,15000,Petrol,Individual,Manual,First Owner,0–25k,7,24.0,New
Hyundai i20 1.4 CRDi Magna,2012,250000,70000,Diesel,Individual,Manual,First Owner,50–75k,13,3.5714285714285716,Old
Skoda Laura Elegance 2.0 TDI CR AT,2019,475000,105000,Diesel,Dealer,Automatic,First Owner,100–150k,6,4.523809523809524,New
Hyundai i20 Asta Option 1.4 CRDi,2016,600000,50000,Diesel,Individual,Manual,Second Owner,25–50k,9,12.0,New
Tata Indigo CR4,2010,150000,80000,Diesel,Individual,Manual,Second Owner,75–100k,15,1.875,Old
Ford EcoSport 1.5 Diesel Trend BSIV,2017,700000,50000,Diesel,Individual,Manual,First Owner,25–50k,8,14.0,New
Mahindra XUV500 W6 2WD,2016,1290000,5000,Diesel,Individual,Manual,First Owner,0–25k,9,258.0,New
Hyundai Santro Xing XG,2004,80000,58000,Petrol,Individual,Manual,First Owner,50–75k,21,1.3793103448275863,Old
Hyundai Grand i10 Sportz,2015,425000,12000,Petrol,Individual,Manual,First Owner,0–25k,10,35.416666666666664,Old
Maruti Celerio ZXI AMT BSIV,2018,500000,10000,Petrol,Individual,Automatic,First Owner,0–25k,7,50.0,New
Hyundai Santro Xing GLS,2012,193000,45000,Petrol,Individual,Manual,Second Owner,25–50k,13,4.288888888888889,Old
Honda City i VTEC V,2015,800000,10000,Petrol,Individual,Manual,First Owner,0–25k,10,80.0,Old
Maruti Wagon R LXI Minor,2008,150000,50000,Petrol,Individual,Manual,First Owner,25–50k,17,3.0,Old
Maruti 800 AC,2002,80000,40000,Petrol,Individual,Manual,Fourth & Above Owner,25–50k,23,2.0,Old
Ford Figo Diesel EXI,2010,130000,100000,Diesel,Individual,Manual,Third Owner,75–100k,15,1.3,Old
Ford Figo Diesel EXI,2012,280000,80000,Diesel,Individual,Manual,Second Owner,75–100k,13,3.5,Old
Mahindra Xylo D2 BS IV,2011,229999,110000,Diesel,Individual,Manual,Second Owner,100–150k,14,2.0909,Old
Maruti Zen Estilo VXI BSIII,2008,80000,120000,Petrol,Individual,Manual,First Owner,100–150k,17,0.6666666666666666,Old
Tata Nano Cx BSIII,2010,70000,10000,Petrol,Individual,Manual,First Owner,0–25k,15,7.0,Old
Maruti Ritz VDi,2013,240000,60000,Diesel,Individual,Manual,Second Owner,50–75k,12,4.0,Old
Mahindra Xylo E8,2010,380000,72000,Diesel,Individual,Manual,Second Owner,50–75k,15,5.277777777777778,Old
Maruti Ritz VDi,2013,240000,60000,Diesel,Individual,Manual,Second Owner,50–75k,12,4.0,Old
Hyundai Santro Xing XO,2006,80000,110000,Petrol,Individual,Manual,First Owner,100–150k,19,0.7272727272727273,Old
Hyundai i10 Era,2013,265000,50000,Petrol,Individual,Manual,First Owner,25–50k,12,5.3,Old
Hyundai EON Magna Plus Option,2018,320000,25000,Petrol,Individual,Manual,First Owner,0–25k,7,12.8,New
Nissan Terrano XL 110 PS,2014,500000,120000,Diesel,Individual,Manual,Third Owner,100–150k,11,4.166666666666667,Old
Hyundai Creta 1.6 CRDi SX Option,2016,1300000,55000,Diesel,Individual,Manual,First Owner,50–75k,9,23.636363636363637,New
Mahindra Scorpio S11 BSIV,2018,1500000,35000,Diesel,Individual,Manual,First Owner,25–50k,7,42.857142857142854,New
Toyota Innova Crysta 2.8 ZX AT BSIV,2016,1800000,110000,Diesel,Individual,Automatic,First Owner,100–150k,9,16.363636363636363,New
Mahindra XUV500 W6 2WD,2014,600000,80000,Diesel,Individual,Manual,Second Owner,75–100k,11,7.5,Old
Tata Tiago 1.2 Revotron XT,2018,420000,80000,Petrol,Individual,Manual,First Owner,75–100k,7,5.25,New
Maruti Zen Estilo LXI BS IV,2009,140000,120000,Petrol,Individual,Manual,First Owner,100–150k,16,1.1666666666666667,Old
Skoda Laura Ambiente 2.0 TDI CR MT,2010,300000,100000,Diesel,Individual,Manual,Second Owner,75–100k,15,3.0,Old
Hyundai Santro Xing XL eRLX Euro III,2006,100000,60000,Petrol,Dealer,Manual,Second Owner,50–75k,19,1.6666666666666667,Old
Maruti Alto K10 VXI,2017,350000,25000,Petrol,Dealer,Manual,First Owner,0–25k,8,14.0,New
Ford EcoSport 1.5 Ti VCT MT Titanium BE BSIV,2018,850000,19000,Petrol,Dealer,Manual,First Owner,0–25k,7,44.73684210526316,New
Maruti Alto LX,2008,140000,54000,Petrol,Dealer,Manual,First Owner,50–75k,17,2.5925925925925926,Old
Ford Aspire Titanium Plus BSIV,2015,550000,17100,Petrol,Dealer,Manual,Second Owner,0–25k,10,32.16374269005848,Old
Hyundai Grand i10 Asta Option AT,2017,525000,19000,Petrol,Dealer,Automatic,First Owner,0–25k,8,27.63157894736842,New
Ford Ecosport 1.5 DV5 MT Titanium,2015,470000,146000,Diesel,Dealer,Manual,First Owner,100–150k,10,3.219178082191781,Old
Ford Endeavour 3.0L 4X4 AT,2013,900000,98000,Diesel,Dealer,Automatic,First Owner,75–100k,12,9.183673469387756,Old
Ford Endeavour 2.5L 4X2,2011,500000,224642,Diesel,Dealer,Manual,Second Owner,200k+,14,2.2257636595115784,Old
Maruti Zen LXI,1998,80000,120000,Petrol,Individual,Manual,Second Owner,100–150k,27,0.6666666666666666,Old
Mahindra Verito 1.5 D2 BSIII,2011,175000,175000,Diesel,Individual,Manual,First Owner,150–200k,14,1.0,Old
Mahindra XUV500 AT W10 AWD,2017,1350000,15000,Diesel,Individual,Automatic,Second Owner,0–25k,8,90.0,New
Renault Duster 110PS Diesel RxZ,2017,800000,50000,Diesel,Individual,Manual,First Owner,25–50k,8,16.0,New
Datsun RediGO 1.0 S,2017,250000,15000,Petrol,Individual,Manual,First Owner,0–25k,8,16.666666666666668,New
Maruti Ignis 1.2 AMT Alpha BSIV,2018,700000,25000,Petrol,Individual,Automatic,First Owner,0–25k,7,28.0,New
Tata Nexon 1.5 Revotorq XM,2019,800000,25000,Diesel,Individual,Manual,First Owner,0–25k,6,32.0,New
Mahindra XUV500 W6 2WD,2013,660000,69000,Diesel,Individual,Manual,First Owner,50–75k,12,9.565217391304348,Old
Maruti Swift VDI BSIV,2015,465000,60000,Diesel,Individual,Manual,Third Owner,50–75k,10,7.75,Old
Mahindra Scorpio 2.6 CRDe,2006,180000,222435,Diesel,Individual,Manual,Second Owner,200k+,19,0.8092251669026906,Old
Maruti Swift Dzire VDI,2017,600000,66000,Diesel,Individual,Manual,Third Owner,50–75k,8,9.090909090909092,New
Ford Fiesta 1.4 ZXi Duratec,2010,150000,110000,Petrol,Individual,Manual,First Owner,100–150k,15,1.3636363636363635,Old
Hyundai Verna 1.6 SX,2014,450000,78000,Diesel,Individual,Manual,Second Owner,75–100k,11,5.769230769230769,Old
Hyundai Elite i20 Sportz Plus BSIV,2019,721000,10000,Petrol,Individual,Manual,First Owner,0–25k,6,72.1,New
Maruti Swift 1.2 DLX,2018,300000,35000,Petrol,Individual,Manual,First Owner,25–50k,7,8.571428571428571,New
Mahindra Scorpio BSIV,2019,1000000,10000,Diesel,Individual,Manual,First Owner,0–25k,6,100.0,New
Renault KWID RXT,2016,300000,40000,Petrol,Individual,Manual,First Owner,25–50k,9,7.5,New
Mahindra Scorpio LX,2013,450000,120000,Diesel,Individual,Manual,First Owner,100–150k,12,3.75,Old
Maruti Esteem AX,1997,79000,70000,Petrol,Individual,Automatic,First Owner,50–75k,28,1.1285714285714286,Old
Ford Figo 1.5D Trend MT,2017,545000,40000,Diesel,Individual,Manual,First Owner,25–50k,8,13.625,New
Honda Amaze V Diesel BSIV,2018,844999,20000,Diesel,Individual,Manual,First Owner,0–25k,7,42.24995,New
Skoda Rapid 1.5 TDI Ambition,2016,700000,93000,Diesel,Individual,Manual,First Owner,75–100k,9,7.526881720430108,New
Toyota Etios VD,2016,650000,159000,Diesel,Individual,Manual,First Owner,150–200k,9,4.088050314465409,New
Ford Ecosport 1.5 DV5 MT Titanium,2014,525000,75000,Diesel,Individual,Manual,Second Owner,50–75k,11,7.0,Old
Ford Fiesta Classic 1.4 SXI Duratorq,2006,110000,101100,Diesel,Individual,Manual,Third Owner,100–150k,19,1.0880316518298714,Old
Tata Indica Vista Aqua 1.3 Quadrajet BSIV,2011,180000,66000,Diesel,Individual,Manual,First Owner,50–75k,14,2.727272727272727,Old
Hyundai i10 Era,2012,280000,30000,Petrol,Individual,Manual,Second Owner,25–50k,13,9.333333333333334,Old
Renault KWID 1.0 RXT Optional,2019,400000,10000,Petrol,Individual,Manual,First Owner,0–25k,6,40.0,New
Mahindra XUV500 W8 4WD,2012,625000,126000,Diesel,Individual,Manual,Second Owner,100–150k,13,4.9603174603174605,Old
Volkswagen Vento 1.5 TDI Highline,2015,535000,70000,Diesel,Individual,Manual,First Owner,50–75k,10,7.642857142857143,Old
Maruti Swift VDI Optional,2017,459999,50000,Diesel,Individual,Manual,First Owner,25–50k,8,9.19998,New
Mahindra Bolero DI,2010,300000,100000,Diesel,Individual,Manual,First Owner,75–100k,15,3.0,Old
Honda Civic 1.8 V AT,2007,280000,60000,Petrol,Individual,Automatic,First Owner,50–75k,18,4.666666666666667,Old
Honda Mobilio V i VTEC,2014,500000,70000,Petrol,Individual,Manual,First Owner,50–75k,11,7.142857142857143,Old
Hyundai Creta 1.6 SX,2019,1200000,1200,Petrol,Individual,Manual,First Owner,0–25k,6,1000.0,New
Renault KWID RXT,2016,300000,40000,Petrol,Individual,Manual,First Owner,25–50k,9,7.5,New
Tata Manza ELAN Quadrajet BS IV,2011,180000,80000,Diesel,Individual,Manual,Third Owner,75–100k,14,2.25,Old
Hyundai i10 Sportz AT,2011,180000,134444,Petrol,Individual,Automatic,Second Owner,100–150k,14,1.3388474011484335,Old
Maruti Alto LXi,2009,78000,120000,Petrol,Individual,Manual,Second Owner,100–150k,16,0.65,Old
Nissan Micra Diesel XV Premium,2011,160000,120000,Diesel,Individual,Manual,First Owner,100–150k,14,1.3333333333333333,Old
Mahindra Scorpio VLX 2WD AIRBAG BSIV,2014,600000,238000,Diesel,Individual,Manual,First Owner,200k+,11,2.5210084033613445,Old
Maruti Wagon R LXI Minor,2008,110000,100000,Petrol,Individual,Manual,Second Owner,75–100k,17,1.1,Old
Mahindra Bolero SLX 4WD BSIII,2011,450000,110000,Diesel,Individual,Manual,Second Owner,100–150k,14,4.090909090909091,Old
Mahindra Scorpio S9 BSIV,2019,1350000,35000,Diesel,Individual,Manual,First Owner,25–50k,6,38.57142857142857,New
Honda City 1.3 DX,2003,120000,165000,Petrol,Individual,Manual,Second Owner,150–200k,22,0.7272727272727273,Old
Honda BR-V i-DTEC VX MT,2018,1040000,42000,Diesel,Individual,Manual,First Owner,25–50k,7,24.761904761904763,New
Hyundai Grand i10 CRDi Sportz,2014,390000,70000,Diesel,Individual,Manual,Second Owner,50–75k,11,5.571428571428571,Old
Tata Nano Lx BSIII,2011,65000,60000,Petrol,Individual,Manual,Second Owner,50–75k,14,1.0833333333333333,Old
Volkswagen Polo Diesel Highline 1.2L,2013,320000,115000,Diesel,Individual,Manual,Third Owner,100–150k,12,2.782608695652174,Old
Volkswagen Ameo 1.5 TDI Highline,2017,720000,70000,Diesel,Individual,Manual,First Owner,50–75k,8,10.285714285714286,New
Maruti Swift ZXI ABS,2007,220000,80000,Petrol,Individual,Manual,Second Owner,75–100k,18,2.75,Old
Maruti Wagon R LXI BS IV,2011,225000,65000,Petrol,Dealer,Manual,First Owner,50–75k,14,3.4615384615384617,Old
Tata Manza Aura (ABS) Quadrajet BS IV,2010,200000,150000,Diesel,Individual,Manual,Second Owner,100–150k,15,1.3333333333333333,Old
Toyota Etios GD,2015,434999,75000,Diesel,Dealer,Manual,Second Owner,50–75k,10,5.799986666666666,Old
Ford Figo Diesel Titanium,2012,300000,63700,Diesel,Individual,Manual,First Owner,50–75k,13,4.7095761381475665,Old
Honda Amaze VX i-DTEC,2018,700000,74800,Diesel,Individual,Manual,First Owner,50–75k,7,9.358288770053475,New
Ford Endeavour 2.5L 4X2 MT,2009,500000,105000,Diesel,Individual,Manual,Second Owner,100–150k,16,4.761904761904762,Old
Renault Duster 85PS Diesel RxE,2016,500000,40000,Diesel,Individual,Manual,First Owner,25–50k,9,12.5,New
Maruti Ritz LDi,2016,400000,90000,Diesel,Individual,Manual,Second Owner,75–100k,9,4.444444444444445,New
Toyota Corolla Altis D-4D J,2015,825000,75000,Diesel,Dealer,Manual,Second Owner,50–75k,10,11.0,Old
Maruti Swift Dzire VDI,2018,720000,15000,Diesel,Individual,Manual,First Owner,0–25k,7,48.0,New
Maruti 800 AC Uniq,2009,110000,30000,Petrol,Individual,Manual,Second Owner,25–50k,16,3.6666666666666665,Old
Mahindra Scorpio VLX 2WD AIRBAG BSIV,2014,600000,100000,Diesel,Individual,Manual,Second Owner,75–100k,11,6.0,Old
Mahindra Scorpio VLX 2WD AT BSIV,2009,275000,155000,Diesel,Individual,Automatic,Third Owner,150–200k,16,1.7741935483870968,Old
Land Rover Range Rover Evoque 2.2L Dynamic,2012,2349000,149000,Diesel,Individual,Automatic,Second Owner,100–150k,13,15.765100671140939,Old
Hyundai i20 1.4 Sportz,2017,740000,60000,Diesel,Individual,Manual,First Owner,50–75k,8,12.333333333333334,New
Maruti Baleno Alpha 1.3,2017,800000,90000,Diesel,Individual,Manual,First Owner,75–100k,8,8.88888888888889,New
Hyundai Verna CRDi 1.6 SX Option,2019,1100000,100000,Diesel,Individual,Manual,First Owner,75–100k,6,11.0,New
BMW X1 sDrive20d,2012,750000,100000,Diesel,Individual,Automatic,Second Owner,75–100k,13,7.5,Old
Maruti Alto K10 2010-2014 VXI,2012,200000,90000,Petrol,Individual,Manual,Second Owner,75–100k,13,2.2222222222222223,Old
Tata Spacio SA 6 Seater,2009,210000,75000,Diesel,Individual,Manual,First Owner,50–75k,16,2.8,Old
Maruti Swift VDI BSIV,2009,270000,120000,Diesel,Individual,Manual,Second Owner,100–150k,16,2.25,Old
Toyota Etios 1.4 VXD,2016,630000,90000,Diesel,Individual,Manual,Second Owner,75–100k,9,7.0,New
Hyundai Xcent 1.2 Kappa S,2015,375000,55000,Petrol,Individual,Manual,First Owner,50–75k,10,6.818181818181818,Old
Mahindra Xylo D2,2010,300000,70000,Diesel,Individual,Manual,First Owner,50–75k,15,4.285714285714286,Old
Mahindra Bolero Power Plus SLX,2016,580000,95000,Diesel,Individual,Manual,Second Owner,75–100k,9,6.105263157894737,New
Hyundai Verna 1.4 CRDi,2014,550000,50000,Diesel,Individual,Manual,First Owner,25–50k,11,11.0,Old
Maruti Ciaz ZDi Plus SHVS,2016,750000,50000,Diesel,Individual,Manual,First Owner,25–50k,9,15.0,New
Maruti Omni E MPI STD BS IV,2014,250000,60516,Petrol,Individual,Manual,First Owner,50–75k,11,4.131138872364334,Old
Hyundai Verna 1.6 SX,2012,434999,235000,Diesel,Individual,Manual,Second Owner,200k+,13,1.8510595744680851,Old
Mercedes-Benz E-Class 280 CDI,2007,900000,76731,Diesel,Dealer,Automatic,First Owner,75–100k,18,11.729288032216445,Old
Maruti Swift ZDI,2016,685000,64000,Diesel,Dealer,Manual,First Owner,50–75k,9,10.703125,New
Maruti Swift VDI BSIV,2014,540000,65000,Diesel,Dealer,Manual,First Owner,50–75k,11,8.307692307692308,Old
Honda City i-VTEC CVT ZX,2018,1165000,13000,Petrol,Dealer,Automatic,Test Drive Car,0–25k,7,89.61538461538461,New
Ford Ecosport 1.5 DV5 MT Titanium Optional,2014,610000,77000,Diesel,Dealer,Manual,First Owner,75–100k,11,7.922077922077922,Old
Hyundai EON Era,2011,254999,24000,Petrol,Dealer,Manual,First Owner,0–25k,14,10.624958333333334,Old
Nissan Micra Active XV,2014,280000,63840,Petrol,Dealer,Manual,First Owner,50–75k,11,4.385964912280702,Old
Tata Tiago 1.2 Revotron XT,2017,370000,25000,Petrol,Individual,Manual,First Owner,0–25k,8,14.8,New
Tata New Safari DICOR 2.2 EX 4x2,2011,459999,76400,Diesel,Individual,Manual,Second Owner,75–100k,14,6.020929319371728,Old
Maruti Zen LX,1998,42000,70000,Petrol,Individual,Manual,Third Owner,50–75k,27,0.6,Old
Maruti Zen LX,1998,42000,70000,Petrol,Individual,Manual,Third Owner,50–75k,27,0.6,Old
Fiat Linea Active (Diesel),2011,190000,80000,Diesel,Individual,Manual,Third Owner,75–100k,14,2.375,Old
Fiat Punto 1.4 Emotion,2010,165000,100000,Petrol,Individual,Manual,Fourth & Above Owner,75–100k,15,1.65,Old
Ford EcoSport 1.5 Diesel Trend Plus BSIV,2017,710000,40000,Diesel,Individual,Manual,First Owner,25–50k,8,17.75,New
Hyundai Creta 1.6 SX Option,2018,1200000,15000,Petrol,Individual,Manual,First Owner,0–25k,7,80.0,New
Maruti Zen Estilo LXI BS IV,2011,229999,70000,Petrol,Individual,Manual,First Owner,50–75k,14,3.2857,Old
Renault KWID RXT,2018,310000,15000,Petrol,Individual,Manual,First Owner,0–25k,7,20.666666666666668,New
Maruti Wagon R VXI BS IV,2015,320000,40000,Petrol,Individual,Manual,First Owner,25–50k,10,8.0,Old
Maruti 800 AC,2006,100000,54000,Petrol,Individual,Manual,First Owner,50–75k,19,1.8518518518518519,Old
Hyundai Verna CRDi,2009,160000,90000,Diesel,Individual,Manual,First Owner,75–100k,16,1.7777777777777777,Old
Maruti 800 AC BSIII,2007,60000,52000,Petrol,Individual,Manual,First Owner,50–75k,18,1.1538461538461537,Old
Tata Indigo LS,2012,100000,200000,Diesel,Individual,Manual,Third Owner,150–200k,13,0.5,Old
Chevrolet Beat Diesel LT,2016,350000,35000,Diesel,Individual,Manual,Second Owner,25–50k,9,10.0,New
Renault Duster 110PS Diesel RxZ AWD,2017,700000,60000,Diesel,Individual,Manual,First Owner,50–75k,8,11.666666666666666,New
Maruti Alto K10 VXI,2017,300000,31489,Petrol,Individual,Manual,First Owner,25–50k,8,9.527136460351233,New
Hyundai i20 1.4 Asta Option,2018,830000,40000,Diesel,Individual,Manual,First Owner,25–50k,7,20.75,New
Mahindra Quanto C6,2013,220000,110000,Diesel,Individual,Manual,First Owner,100–150k,12,2.0,Old
Tata Indigo LX Dicor,2009,130000,50000,Diesel,Individual,Manual,First Owner,25–50k,16,2.6,Old
Hyundai i20 1.2 Magna,2012,330000,44000,Petrol,Individual,Manual,First Owner,25–50k,13,7.5,Old
Honda City 1.5 S MT,2010,254999,90000,Petrol,Individual,Manual,Second Owner,75–100k,15,2.8333222222222223,Old
Hyundai Verna 1.6 SX VTVT (O),2014,600000,50000,Petrol,Individual,Manual,Second Owner,25–50k,11,12.0,Old
Hyundai i10 Magna,2012,210000,50000,Petrol,Individual,Manual,First Owner,25–50k,13,4.2,Old
Maruti Zen Estilo 1.1 LXI BSIII,2007,120000,81366,Petrol,Individual,Manual,First Owner,75–100k,18,1.4748174913354473,Old
Maruti Esteem Vxi - BSIII,2006,95000,110000,Petrol,Individual,Manual,First Owner,100–150k,19,0.8636363636363636,Old
Toyota Innova 2.5 G (Diesel) 8 Seater BS IV,2006,229999,300000,Diesel,Individual,Manual,First Owner,200k+,19,0.7666633333333334,Old
Hyundai Verna Transform VTVT,2010,229999,70000,Petrol,Individual,Manual,First Owner,50–75k,15,3.2857,Old
Hyundai i20 Magna Optional 1.4 CRDi,2013,400000,100000,Diesel,Individual,Manual,First Owner,75–100k,12,4.0,Old
Maruti Gypsy King Hard Top Ambulance BSIV,2005,300000,70000,Petrol,Individual,Manual,Second Owner,50–75k,20,4.285714285714286,Old
Ford Figo Diesel Celebration Edition,2013,300000,50000,Diesel,Individual,Manual,First Owner,25–50k,12,6.0,Old
Ford Fiesta 1.4 SXi TDCi,2009,80000,180000,Diesel,Individual,Manual,Second Owner,150–200k,16,0.4444444444444444,Old
Maruti 800 AC,2008,80000,50000,Petrol,Individual,Manual,Second Owner,25–50k,17,1.6,Old
Maruti Esteem Vxi,2007,100000,90000,Petrol,Individual,Manual,Second Owner,75–100k,18,1.1111111111111112,Old
Tata Indica Vista Quadrajet LS,2012,300000,110000,Diesel,Individual,Manual,First Owner,100–150k,13,2.727272727272727,Old
Maruti Baleno Zeta Automatic,2018,700000,26000,Petrol,Individual,Automatic,First Owner,25–50k,7,26.923076923076923,New
Maruti Vitara Brezza ZDi Plus,2016,975000,65000,Diesel,Individual,Manual,First Owner,50–75k,9,15.0,New
Chevrolet Captiva LT,2009,500000,130000,Diesel,Individual,Manual,First Owner,100–150k,16,3.8461538461538463,Old
Renault Duster 85PS Diesel RxL Optional,2013,550000,75000,Diesel,Individual,Manual,Second Owner,50–75k,12,7.333333333333333,Old
Nissan Terrano XV Premium 110 PS,2014,550000,110000,Diesel,Individual,Manual,Second Owner,100–150k,11,5.0,Old
Maruti Alto K10 2010-2014 VXI,2014,240000,50000,Petrol,Individual,Manual,First Owner,25–50k,11,4.8,Old
Maruti 800 Std,1997,50000,80000,Petrol,Individual,Manual,Second Owner,75–100k,28,0.625,Old
Tata Indica Vista Aura 1.2 Safire,2009,120000,80000,Petrol,Individual,Manual,Second Owner,75–100k,16,1.5,Old
Maruti Alto 800 LXI,2013,900000,60000,Petrol,Individual,Manual,Second Owner,50–75k,12,15.0,Old
Honda City 1.5 V MT,2009,250000,90000,Petrol,Individual,Manual,Second Owner,75–100k,16,2.7777777777777777,Old
Renault KWID 1.0 RXT Optional,2017,280000,36000,Petrol,Individual,Manual,First Owner,25–50k,8,7.777777777777778,New
Tata Indica Vista Terra Quadrajet 1.3L BS IV,2010,85000,87000,Diesel,Individual,Manual,First Owner,75–100k,15,0.9770114942528736,Old
Tata Indica Vista Terra 1.4 TDI,2011,90000,80000,Diesel,Individual,Manual,First Owner,75–100k,14,1.125,Old
Chevrolet Enjoy TCDi LT 8 Seater,2015,500000,50000,Diesel,Individual,Manual,First Owner,25–50k,10,10.0,Old
Maruti 800 Std,2013,200000,60000,Petrol,Individual,Manual,First Owner,50–75k,12,3.3333333333333335,Old
Renault KWID RXT,2015,250000,50000,Petrol,Individual,Manual,First Owner,25–50k,10,5.0,Old
Maruti Swift Dzire VDI,2014,185000,40000,Diesel,Individual,Manual,Third Owner,25–50k,11,4.625,Old
Hyundai i10 Magna 1.1,2008,100000,60000,Petrol,Individual,Manual,Second Owner,50–75k,17,1.6666666666666667,Old
Toyota Etios VXD,2015,610000,55000,Diesel,Individual,Manual,First Owner,50–75k,10,11.090909090909092,Old
Mahindra Quanto C8,2012,290000,80000,Diesel,Individual,Manual,First Owner,75–100k,13,3.625,Old
Mahindra Xylo E9,2012,300000,295000,Diesel,Individual,Manual,First Owner,200k+,13,1.0169491525423728,Old
Hyundai EON Era Plus,2015,225000,80000,Petrol,Individual,Manual,First Owner,75–100k,10,2.8125,Old
Maruti Alto K10 VXI,2017,320000,50000,Petrol,Individual,Manual,Second Owner,25–50k,8,6.4,New
Tata Indigo CR4,2012,135000,158000,Diesel,Individual,Manual,Third Owner,150–200k,13,0.8544303797468354,Old
Toyota Innova 2.5 G (Diesel) 7 Seater BS IV,2006,400000,400000,Diesel,Individual,Manual,Third Owner,,19,1.0,Old
Maruti Wagon R VXI BS IV,2016,400000,25000,Petrol,Individual,Manual,First Owner,0–25k,9,16.0,New
Hyundai i20 Active 1.2 S,2017,570000,35000,Petrol,Individual,Manual,First Owner,25–50k,8,16.285714285714285,New
Maruti Ignis 1.2 Zeta BSIV,2018,500000,12000,Petrol,Individual,Manual,First Owner,0–25k,7,41.666666666666664,New
Maruti Omni MPI STD BSIV,2015,130000,70000,Petrol,Individual,Manual,First Owner,50–75k,10,1.8571428571428572,Old
Tata Tiago 1.2 Revotron XZ,2018,360000,4000,Petrol,Individual,Manual,First Owner,0–25k,7,90.0,New
Ford Figo Aspire 1.2 Ti-VCT Trend,2017,530000,10832,Petrol,Dealer,Manual,First Owner,0–25k,8,48.92909896602659,New
Hyundai i10 Era,2009,250000,50000,Petrol,Individual,Manual,First Owner,25–50k,16,5.0,Old
Nissan Sunny XL,2016,600000,19495,Petrol,Dealer,Manual,First Owner,0–25k,9,30.777122339061297,New
Renault Duster 85PS Diesel RxL Plus,2013,570000,62668,Diesel,Dealer,Manual,First Owner,50–75k,12,9.09555115848599,Old
Mahindra XUV500 W6 2WD,2013,850000,85710,Diesel,Dealer,Manual,First Owner,75–100k,12,9.917162524792907,Old
Ford Figo Diesel EXI,2011,250000,55130,Diesel,Dealer,Manual,Second Owner,50–75k,14,4.53473607836024,Old
Ford Ecosport 1.5 DV5 MT Titanium,2014,580000,63356,Diesel,Dealer,Manual,Second Owner,50–75k,11,9.154618347117873,Old
Toyota Fortuner 3.0 Diesel,2012,1680000,129627,Diesel,Dealer,Manual,First Owner,100–150k,13,12.960262908190423,Old
Chevrolet Spark 1.0 LT,2010,180000,15000,Petrol,Individual,Manual,First Owner,0–25k,15,12.0,Old
Tata Tiago 1.2 Revotron XE,2017,300000,50000,Petrol,Individual,Manual,First Owner,25–50k,8,6.0,New
Toyota Etios Liva VX,2012,269000,70000,Petrol,Individual,Manual,Second Owner,50–75k,13,3.842857142857143,Old
Maruti Alto K10 VXI,2018,231999,20000,Petrol,Individual,Manual,First Owner,0–25k,7,11.59995,New
Chevrolet Beat LS,2011,150000,60000,Petrol,Individual,Manual,Third Owner,50–75k,14,2.5,Old
Hyundai Grand i10 Asta Option,2017,495000,5000,Petrol,Individual,Manual,First Owner,0–25k,8,99.0,New
Maruti Ciaz VXi,2014,700000,15000,Petrol,Individual,Manual,First Owner,0–25k,11,46.666666666666664,Old
Datsun GO Plus T BSIV,2018,400000,4400,Petrol,Individual,Manual,Second Owner,0–25k,7,90.9090909090909,New
Mahindra Xylo H4,2019,599000,15000,Diesel,Individual,Manual,Third Owner,0–25k,6,39.93333333333333,New
Renault Duster 85PS Diesel RxL Optional,2013,421000,45000,Diesel,Individual,Manual,First Owner,25–50k,12,9.355555555555556,Old
Ford EcoSport 1.5 Diesel Trend BSIV,2018,841000,1000,Diesel,Individual,Manual,First Owner,0–25k,7,841.0,New
Hyundai i10 Magna 1.1L,2014,295000,38500,Petrol,Individual,Manual,First Owner,25–50k,11,7.662337662337662,Old
Hyundai i10 Sportz,2011,220000,25000,Petrol,Individual,Manual,First Owner,0–25k,14,8.8,Old
Ford Classic 1.4 Duratorq LXI,2013,250000,35000,Diesel,Individual,Manual,First Owner,25–50k,12,7.142857142857143,Old
Toyota Fortuner 3.0 Diesel,2009,1100000,110000,Diesel,Individual,Manual,Second Owner,100–150k,16,10.0,Old
Hyundai Verna 1.6 VTVT,2012,300000,40000,Petrol,Individual,Manual,First Owner,25–50k,13,7.5,Old
Chevrolet Aveo U-VA 1.2,2007,80000,110000,Petrol,Individual,Manual,Second Owner,100–150k,18,0.7272727272727273,Old
Chevrolet Beat Diesel LT,2013,215000,20000,Diesel,Individual,Manual,Third Owner,0–25k,12,10.75,Old
Hyundai EON Magna Plus,2012,245000,14987,Petrol,Dealer,Manual,First Owner,0–25k,13,16.347501167678654,Old
Ford EcoSport 1.5 TDCi Titanium BSIV,2016,650000,25061,Diesel,Dealer,Manual,First Owner,25–50k,9,25.93671441682295,New
Ford Ecosport 1.5 Diesel Titanium,2017,760000,42494,Diesel,Dealer,Manual,First Owner,25–50k,8,17.88487786511037,New
Honda Amaze S i-Dtech,2014,395000,44875,Diesel,Dealer,Manual,First Owner,25–50k,11,8.802228412256268,Old
Ford Figo Diesel EXI,2014,280000,89741,Diesel,Dealer,Manual,Second Owner,75–100k,11,3.1200900368839215,Old
Honda Jazz 1.5 S i DTEC,2016,495000,65000,Diesel,Dealer,Manual,First Owner,50–75k,9,7.615384615384615,New
Honda Jazz 1.5 VX i DTEC,2016,525000,35000,Diesel,Dealer,Manual,First Owner,25–50k,9,15.0,New
Toyota Innova 2.5 GX 8 STR BSIV,2009,420000,347089,Diesel,Dealer,Manual,First Owner,,16,1.2100642774619765,Old
Tata New Safari DICOR 2.2 VX 4x2,2010,210000,34500,Diesel,Individual,Manual,First Owner,25–50k,15,6.086956521739131,Old
Hyundai i20 Active 1.2 S,2018,650000,30000,Petrol,Individual,Manual,First Owner,25–50k,7,21.666666666666668,New
BMW 3 Series 320d Luxury Line,2018,2300000,39000,Diesel,Individual,Automatic,First Owner,25–50k,7,58.97435897435897,New
Ford Freestyle Titanium Plus Diesel BSIV,2019,525000,16000,Diesel,Individual,Manual,First Owner,0–25k,6,32.8125,New
Maruti Wagon R LXI CNG,2010,195000,80000,CNG,Individual,Manual,Second Owner,75–100k,15,2.4375,Old
Maruti Ertiga SHVS VDI,2016,650000,60000,Diesel,Individual,Manual,First Owner,50–75k,9,10.833333333333334,New
Mahindra TUV 300 T6 Plus,2015,540000,110000,Diesel,Individual,Manual,First Owner,100–150k,10,4.909090909090909,Old
Maruti Alto 800 LXI,2014,180000,61000,Petrol,Individual,Manual,First Owner,50–75k,11,2.9508196721311477,Old
Mahindra Bolero Power Plus ZLX,2017,750000,29000,Diesel,Individual,Manual,First Owner,25–50k,8,25.862068965517242,New
Maruti Ertiga SHVS ZDI Plus,2018,980000,50000,Diesel,Individual,Manual,First Owner,25–50k,7,19.6,New
Fiat Grande Punto EVO 90HP 1.3 Sport,2014,250000,90000,Diesel,Individual,Manual,First Owner,75–100k,11,2.7777777777777777,Old
Hyundai Grand i10 1.2 Kappa Sportz AT,2018,550000,35000,Petrol,Individual,Automatic,First Owner,25–50k,7,15.714285714285714,New
Volkswagen Vento 1.6 Highline,2015,509999,43000,Petrol,Individual,Manual,Second Owner,25–50k,10,11.860441860465116,Old
Maruti Alto K10 LXI,2017,320000,50000,Petrol,Individual,Manual,First Owner,25–50k,8,6.4,New
Hyundai EON D Lite,2016,275000,25000,Petrol,Individual,Manual,First Owner,0–25k,9,11.0,New
Mahindra XUV500 W8 2WD,2013,550000,222252,Diesel,Individual,Manual,First Owner,200k+,12,2.4746683944351457,Old
Maruti Wagon R VXI Minor,2009,145000,50000,Petrol,Individual,Manual,Second Owner,25–50k,16,2.9,Old
Fiat Grande Punto Emotion 90Hp,2013,250000,80000,Diesel,Individual,Manual,First Owner,75–100k,12,3.125,Old
Hyundai Verna 1.6 SX,2012,520000,35000,Diesel,Individual,Manual,First Owner,25–50k,13,14.857142857142858,Old
Maruti Alto LXi,2007,95000,85000,Petrol,Individual,Manual,Second Owner,75–100k,18,1.1176470588235294,Old
Toyota Innova 2.5 V Diesel 7-seater,2011,725000,110000,Diesel,Individual,Manual,Third Owner,100–150k,14,6.590909090909091,Old
Maruti 800 AC,2006,55000,70000,Petrol,Individual,Manual,Second Owner,50–75k,19,0.7857142857142857,Old
Honda City i DTEC VX,2014,600000,100000,Diesel,Individual,Manual,First Owner,75–100k,11,6.0,Old
Volkswagen Vento New Diesel Highline,2013,330000,120000,Diesel,Individual,Manual,Second Owner,100–150k,12,2.75,Old
Maruti Swift Dzire VDI,2015,470000,89000,Diesel,Individual,Manual,First Owner,75–100k,10,5.280898876404494,Old
Maruti Swift ZDi,2013,365000,120000,Diesel,Individual,Manual,First Owner,100–150k,12,3.0416666666666665,Old
Hyundai EON Magna Plus,2013,250000,40000,Petrol,Individual,Manual,Second Owner,25–50k,12,6.25,Old
Maruti Wagon R VXI BS IV,2017,430000,17000,Petrol,Individual,Manual,First Owner,0–25k,8,25.294117647058822,New
Maruti Swift VDI,2013,400000,125000,Diesel,Individual,Manual,Second Owner,100–150k,12,3.2,Old
Maruti Swift Dzire ZXI,2015,615000,110000,Petrol,Individual,Manual,Second Owner,100–150k,10,5.590909090909091,Old
Ford Figo Diesel Titanium,2011,150000,120000,Diesel,Individual,Manual,Second Owner,100–150k,14,1.25,Old
Ford Figo Diesel ZXI,2014,240000,90000,Diesel,Individual,Manual,First Owner,75–100k,11,2.6666666666666665,Old
Mahindra Scorpio S10 7 Seater,2014,800000,90000,Diesel,Individual,Manual,First Owner,75–100k,11,8.88888888888889,Old
Hyundai EON LPG Magna Plus,2015,240000,110000,LPG,Individual,Manual,First Owner,100–150k,10,2.1818181818181817,Old
Ford Ecosport 1.5 DV5 MT Titanium,2014,600000,87000,Diesel,Individual,Manual,Second Owner,75–100k,11,6.896551724137931,Old
Mahindra Scorpio LX,2014,800000,15000,Diesel,Individual,Manual,First Owner,0–25k,11,53.333333333333336,Old
Hyundai EON 1.0 Kappa Magna Plus,2015,160000,70000,Petrol,Individual,Manual,First Owner,50–75k,10,2.2857142857142856,Old
Ford Fiesta Classic 1.6 Duratec CLXI,2012,350000,38000,Petrol,Individual,Manual,First Owner,25–50k,13,9.210526315789474,Old
Honda City 1.5 V MT,2011,300000,64000,Petrol,Individual,Manual,Second Owner,50–75k,14,4.6875,Old
Tata Sumo Gold EX BSIII,2015,399000,55250,Diesel,Individual,Manual,First Owner,50–75k,10,7.221719457013575,Old
Mahindra Bolero DI,2011,300000,110000,Diesel,Individual,Manual,First Owner,100–150k,14,2.727272727272727,Old
Maruti A-Star AT VXI,2012,150000,70000,Petrol,Individual,Automatic,First Owner,50–75k,13,2.142857142857143,Old
Chevrolet Cruze LTZ,2010,320000,60000,Diesel,Individual,Manual,Third Owner,50–75k,15,5.333333333333333,Old
Tata Hexa XM,2018,1280000,17000,Diesel,Individual,Manual,First Owner,0–25k,7,75.29411764705883,New
Renault KWID 1.0 RXT Optional,2017,300000,13000,Petrol,Individual,Manual,Second Owner,0–25k,8,23.076923076923077,New
Nissan Terrano XL Plus ICC WT20 SE,2016,1000000,60000,Diesel,Individual,Manual,First Owner,50–75k,9,16.666666666666668,New
Mitsubishi Pajero Sport 4X4,2012,1090000,120000,Diesel,Individual,Manual,Second Owner,100–150k,13,9.083333333333334,Old
Tata New Safari DICOR 2.2 GX 4x2 BS IV,2012,450000,97000,Diesel,Individual,Manual,Second Owner,75–100k,13,4.639175257731959,Old
Tata Indica GLS BS IV,2007,60000,130000,Petrol,Individual,Manual,Second Owner,100–150k,18,0.46153846153846156,Old
Maruti Swift Dzire ZXI,2013,500000,50000,Petrol,Individual,Manual,First Owner,25–50k,12,10.0,Old
Tata Indigo CR4,2012,200000,120000,Diesel,Individual,Manual,Second Owner,100–150k,13,1.6666666666666667,Old
Ford Ecosport 1.5 DV5 MT Titanium,2015,650000,68000,Diesel,Individual,Manual,First Owner,50–75k,10,9.558823529411764,Old
Maruti Alto LXi,2006,60000,100000,Petrol,Individual,Manual,Second Owner,75–100k,19,0.6,Old
Maruti Ertiga VDI,2013,250999,80000,Diesel,Individual,Manual,First Owner,75–100k,12,3.1374875,Old
Hyundai Accent Executive CNG,2012,185000,67000,CNG,Dealer,Manual,Second Owner,50–75k,13,2.7611940298507465,Old
Maruti Alto K10 VXI,2015,155000,60000,Petrol,Individual,Manual,First Owner,50–75k,10,2.5833333333333335,Old
Maruti Swift VXI,2019,600000,5000,Petrol,Individual,Manual,First Owner,0–25k,6,120.0,New
Renault KWID RXE,2016,300000,20000,Petrol,Individual,Manual,First Owner,0–25k,9,15.0,New
Hyundai Creta 1.6 E Plus,2018,850000,12500,Petrol,Individual,Manual,First Owner,0–25k,7,68.0,New
Maruti Eeco CNG 5 Seater AC BSIV,2019,470000,4000,CNG,Individual,Manual,First Owner,0–25k,6,117.5,New
Ford Figo 1.2P Titanium MT,2019,600000,25000,Petrol,Individual,Manual,First Owner,0–25k,6,24.0,New
Toyota Innova 2.5 G (Diesel) 7 Seater,2013,700000,70000,Diesel,Individual,Manual,Second Owner,50–75k,12,10.0,Old
Maruti Wagon R LXI DUO BSIII,2007,70000,162000,LPG,Individual,Manual,First Owner,150–200k,18,0.43209876543209874,Old
Toyota Fortuner 3.0 Diesel,2010,1250000,205000,Diesel,Individual,Manual,Second Owner,200k+,15,6.097560975609756,Old
Audi A6 2.8 FSI,2008,650000,70000,Petrol,Individual,Automatic,Third Owner,50–75k,17,9.285714285714286,Old
Hyundai Xcent 1.2 CRDi S,2018,450000,70000,Diesel,Individual,Manual,Second Owner,50–75k,7,6.428571428571429,New
Mahindra XUV500 W8 2WD,2014,750000,100000,Diesel,Individual,Manual,Second Owner,75–100k,11,7.5,Old
Toyota Innova 2.5 G (Diesel) 7 Seater,2013,775000,70000,Diesel,Individual,Manual,Second Owner,50–75k,12,11.071428571428571,Old
Hyundai Santa Fe 4X4,2011,800000,220000,Diesel,Individual,Manual,First Owner,200k+,14,3.6363636363636362,Old
Honda Amaze E i-Vtech,2015,360000,80000,Petrol,Individual,Manual,Second Owner,75–100k,10,4.5,Old
Toyota Corolla Altis Diesel D4DG,2010,250000,120000,Diesel,Individual,Manual,First Owner,100–150k,15,2.0833333333333335,Old
Jeep Compass 2.0 Longitude Option BSIV,2017,1490000,22038,Diesel,Individual,Manual,First Owner,0–25k,8,67.61049097014248,New
Nissan Terrano XL 110 PS,2013,600000,80000,Diesel,Individual,Manual,First Owner,75–100k,12,7.5,Old
Maruti Alto LX,2010,120000,90000,Petrol,Individual,Manual,First Owner,75–100k,15,1.3333333333333333,Old
Tata New Safari DICOR 2.2 EX 4x2,2012,320000,140000,Diesel,Individual,Manual,Second Owner,100–150k,13,2.2857142857142856,Old
Mahindra Thar 4X2,2011,400000,120000,Diesel,Individual,Manual,Second Owner,100–150k,14,3.3333333333333335,Old
Maruti Swift Dzire ZDI,2015,302000,60000,Diesel,Individual,Manual,First Owner,50–75k,10,5.033333333333333,Old
Chevrolet Beat Diesel LT,2011,130000,80000,Diesel,Individual,Manual,Second Owner,75–100k,14,1.625,Old
Maruti Swift Dzire LXI Option,2014,150000,60000,Petrol,Individual,Manual,Second Owner,50–75k,11,2.5,Old
Tata Indica Vista Aura Plus 1.3 Quadrajet,2012,200000,90000,Diesel,Individual,Manual,Second Owner,75–100k,13,2.2222222222222223,Old
Toyota Innova 2.5 G1 BSIV,2012,950000,80000,Diesel,Individual,Manual,First Owner,75–100k,13,11.875,Old
Maruti Swift Vdi BSIII,2008,120000,175000,Diesel,Individual,Manual,Second Owner,150–200k,17,0.6857142857142857,Old
Mahindra XUV500 W7 BSIV,2019,1400000,10000,Diesel,Individual,Manual,First Owner,0–25k,6,140.0,New
Hyundai i20 1.2 Asta Option,2017,620000,65000,Petrol,Individual,Manual,First Owner,50–75k,8,9.538461538461538,New
Toyota Innova 2.5 GX 8 STR BSIV,2012,449000,90000,Diesel,Individual,Manual,First Owner,75–100k,13,4.988888888888889,Old
Maruti Alto LXi,2007,100000,70000,Petrol,Individual,Manual,First Owner,50–75k,18,1.4285714285714286,Old
Hyundai Grand i10 1.2 Kappa Sportz BSIV,2018,600000,2500,Petrol,Individual,Manual,First Owner,0–25k,7,240.0,New
Honda Amaze VX i-DTEC,2016,700000,35000,Diesel,Individual,Manual,First Owner,25–50k,9,20.0,New
Chevrolet Beat Diesel LT,2012,250000,40000,Diesel,Individual,Manual,First Owner,25–50k,13,6.25,Old
Maruti Baleno RS 1.0 Petrol,2018,550000,63000,Petrol,Individual,Manual,First Owner,50–75k,7,8.73015873015873,New
Skoda Superb Ambition 2.0 TDI CR AT,2013,675000,88000,Diesel,Dealer,Automatic,First Owner,75–100k,12,7.670454545454546,Old
Nissan Terrano XL Plus 85 PS,2015,530000,55000,Diesel,Dealer,Manual,First Owner,50–75k,10,9.636363636363637,Old
Chevrolet Enjoy TCDi LT 7 Seater,2014,325000,71014,Diesel,Dealer,Manual,First Owner,50–75k,11,4.576562367983778,Old
Renault Scala Diesel RxL,2015,370000,60000,Diesel,Dealer,Manual,First Owner,50–75k,10,6.166666666666667,Old
Skoda Rapid 1.5 TDI Ambition,2014,360000,70000,Diesel,Individual,Manual,First Owner,50–75k,11,5.142857142857143,Old
Skoda Superb LK 1.8 TSI AT,2012,650000,60000,Petrol,Dealer,Automatic,First Owner,50–75k,13,10.833333333333334,Old
Ford Fiesta 1.5 TDCi Titanium,2012,199000,92000,Diesel,Dealer,Manual,Third Owner,75–100k,13,2.1630434782608696,Old
Mahindra Quanto C6,2014,285000,89126,Diesel,Individual,Manual,First Owner,75–100k,11,3.197720081682113,Old
Volkswagen Jetta 1.9 TDI Comfortline DSG,2009,260000,134000,Diesel,Individual,Automatic,First Owner,100–150k,16,1.9402985074626866,Old
Maruti Ciaz 1.4 AT Zeta,2019,869999,15000,Petrol,Dealer,Automatic,First Owner,0–25k,6,57.99993333333333,New
Hyundai Grand i10 1.2 CRDi Magna,2016,425000,42500,Diesel,Dealer,Manual,First Owner,25–50k,9,10.0,New
Chevrolet Cruze LTZ AT,2012,490000,42000,Diesel,Dealer,Automatic,First Owner,25–50k,13,11.666666666666666,Old
Mahindra XUV500 AT W8 FWD,2015,750000,70000,Diesel,Individual,Automatic,Second Owner,50–75k,10,10.714285714285714,Old
Honda City 1.5 EXI,2004,125000,110000,Petrol,Individual,Manual,Third Owner,100–150k,21,1.1363636363636365,Old
Fiat Linea 1.3 Emotion,2014,221000,131365,Diesel,Individual,Manual,First Owner,100–150k,11,1.6823354774863928,Old
Volkswagen Vento 1.5 TDI Highline AT,2016,724000,48980,Diesel,Dealer,Automatic,First Owner,25–50k,9,14.781543487137608,New
Honda Amaze VX AT i-Vtech,2014,440000,46000,Petrol,Dealer,Automatic,First Owner,25–50k,11,9.565217391304348,Old
Chevrolet Spark 1.0 LS,2009,70000,60000,Petrol,Individual,Manual,Third Owner,50–75k,16,1.1666666666666667,Old
Maruti Baleno Delta Diesel,2015,511000,58000,Diesel,Dealer,Manual,First Owner,50–75k,10,8.810344827586206,Old
Maruti S-Cross Alpha DDiS 200 SH,2016,790000,22000,Diesel,Dealer,Manual,First Owner,0–25k,9,35.90909090909091,New
Hyundai i20 1.2 Asta Option,2017,640000,37000,Petrol,Individual,Manual,First Owner,25–50k,8,17.2972972972973,New
Hyundai Santro Xing GLS,2009,120000,70000,Petrol,Individual,Manual,Fourth & Above Owner,50–75k,16,1.7142857142857142,Old
Chevrolet Beat Diesel LT,2012,126000,98900,Diesel,Individual,Manual,Third Owner,75–100k,13,1.2740141557128413,Old
Chevrolet Beat Diesel LT,2012,120000,125000,Diesel,Individual,Manual,First Owner,100–150k,13,0.96,Old
Mahindra TUV 300 T4 Plus,2017,650000,60000,Diesel,Individual,Manual,First Owner,50–75k,8,10.833333333333334,New
Hyundai Grand i10 Asta,2014,450000,80000,Petrol,Individual,Manual,Second Owner,75–100k,11,5.625,Old
Maruti Zen Estilo LXI Green (CNG),2010,110000,80000,CNG,Individual,Manual,Fourth & Above Owner,75–100k,15,1.375,Old
Mahindra Bolero Power Plus Plus AC BSIV PS,2017,600000,40000,Diesel,Individual,Manual,First Owner,25–50k,8,15.0,New
Mahindra XUV500 W8 4WD,2012,620000,80000,Diesel,Individual,Manual,Second Owner,75–100k,13,7.75,Old
Ford Ecosport 1.5 DV5 MT Titanium,2014,600000,30000,Diesel,Individual,Manual,First Owner,25–50k,11,20.0,Old
Mahindra Bolero Power Plus ZLX,2018,795000,35000,Diesel,Individual,Manual,First Owner,25–50k,7,22.714285714285715,New
Tata Winger Deluxe - Hi Roof (AC),2011,300000,180000,Diesel,Individual,Manual,Third Owner,150–200k,14,1.6666666666666667,Old
Renault Lodgy 85PS RxL,2015,495000,60000,Diesel,Individual,Manual,First Owner,50–75k,10,8.25,Old
Audi A4 3.0 TDI Quattro,2013,1580000,86000,Diesel,Dealer,Automatic,First Owner,75–100k,12,18.372093023255815,Old
Audi Q3 2.0 TDI Quattro Premium Plus,2015,1750000,127643,Diesel,Dealer,Automatic,First Owner,100–150k,10,13.710113363051637,Old
Tata Hexa XTA,2018,1350000,34000,Diesel,Individual,Automatic,First Owner,25–50k,7,39.705882352941174,New
Mahindra Xylo D4,2014,350000,145000,Diesel,Individual,Manual,First Owner,100–150k,11,2.413793103448276,Old
Datsun RediGO AMT 1.0 S,2018,300000,25000,Petrol,Individual,Automatic,First Owner,0–25k,7,12.0,New
Tata Zest Revotron 1.2T XMS,2018,400000,54000,Petrol,Dealer,Manual,Second Owner,50–75k,7,7.407407407407407,New
Audi A6 2.0 TDI  Design Edition,2014,1750000,102354,Diesel,Dealer,Automatic,First Owner,100–150k,11,17.097524278484475,Old
Maruti Zen LX,1999,70000,70000,Petrol,Individual,Manual,Fourth & Above Owner,50–75k,26,1.0,Old
Nissan Sunny XL D,2018,500000,70000,Diesel,Individual,Manual,First Owner,50–75k,7,7.142857142857143,New
Audi Q3 35 TDI Quattro Technology,2017,2575000,36000,Diesel,Dealer,Automatic,First Owner,25–50k,8,71.52777777777777,New
Honda Brio VX,2014,345000,58000,Petrol,Dealer,Manual,First Owner,50–75k,11,5.948275862068965,Old
Tata Indigo CR4,2013,220000,100000,Diesel,Individual,Manual,First Owner,75–100k,12,2.2,Old
Audi Q5 2.0 TFSI Quattro Premium Plus,2014,1850000,62237,Petrol,Dealer,Automatic,First Owner,50–75k,11,29.725083149894758,Old
Hyundai Santro Xing XL eRLX Euro III,2005,114999,90000,Petrol,Dealer,Manual,Second Owner,75–100k,20,1.2777666666666667,Old
Maruti 800 AC,1999,50000,100000,Petrol,Individual,Manual,Second Owner,75–100k,26,0.5,Old
Honda Jazz Select Edition,2017,585000,14000,Petrol,Dealer,Manual,First Owner,0–25k,8,41.785714285714285,New
Ford EcoSport 1.5 TDCi Titanium BSIV,2018,950000,21394,Diesel,Dealer,Manual,First Owner,0–25k,7,44.40497335701598,New
Maruti Swift Dzire AMT VXI,2018,625000,13800,Petrol,Individual,Automatic,First Owner,0–25k,7,45.289855072463766,New
Hyundai Creta 1.6 SX Automatic,2017,1035000,23000,Petrol,Dealer,Automatic,First Owner,0–25k,8,45.0,New
Datsun GO T Petrol,2015,310000,32686,Petrol,Dealer,Manual,First Owner,25–50k,10,9.484182830569663,Old
Mahindra Xylo D4,2017,600000,99700,Diesel,Individual,Manual,First Owner,75–100k,8,6.018054162487462,New
Toyota Fortuner 2.8 4WD AT BSIV,2019,3100000,5000,Diesel,Individual,Automatic,First Owner,0–25k,6,620.0,New
Honda City i-DTEC SV,2014,650000,49654,Diesel,Dealer,Manual,First Owner,25–50k,11,13.090586861078664,Old
Hyundai Grand i10 Asta,2016,550000,45457,Petrol,Dealer,Manual,First Owner,25–50k,9,12.099346635281695,New
Hyundai Creta 1.6 CRDi SX,2017,1260000,39221,Diesel,Dealer,Manual,First Owner,25–50k,8,32.12564697483491,New
Hyundai i20 Sportz 1.2,2016,660000,48220,Petrol,Dealer,Manual,First Owner,25–50k,9,13.68726669431771,New
Hyundai i20 Sportz 1.2,2017,700000,11114,Petrol,Dealer,Manual,First Owner,0–25k,8,62.983624257693,New
Hyundai Getz 1.5 CRDi GVS,2008,235000,60208,Diesel,Dealer,Manual,First Owner,50–75k,17,3.9031357959075206,Old
Volkswagen Vento 1.5 TDI Highline,2013,475000,80000,Diesel,Dealer,Manual,First Owner,75–100k,12,5.9375,Old
Mercedes-Benz E-Class 280 CDI Elegance,2008,795000,98600,Diesel,Dealer,Automatic,First Owner,75–100k,17,8.062880324543611,Old
Audi RS7 2015-2019 Sportback Performance,2016,8900000,13000,Petrol,Dealer,Automatic,First Owner,0–25k,9,684.6153846153846,New
Audi Q5 3.0 TDI Quattro Technology,2015,3200000,30000,Diesel,Dealer,Automatic,First Owner,25–50k,10,106.66666666666667,Old
MG Hector Smart AT,2019,1860000,18000,Petrol,Dealer,Automatic,First Owner,0–25k,6,103.33333333333333,New
Land Rover Range Rover 4.4 Diesel LWB Vogue SE,2010,4200000,100000,Diesel,Dealer,Automatic,First Owner,75–100k,15,42.0,Old
Honda City VX CVT,2015,850000,58000,Petrol,Dealer,Automatic,First Owner,50–75k,10,14.655172413793103,Old
Mahindra Xylo D4,2017,585000,85441,Diesel,Dealer,Manual,First Owner,75–100k,8,6.846829976240914,New
Mahindra Verito 1.5 D4 BSIV,2015,380000,64541,Diesel,Dealer,Manual,First Owner,50–75k,10,5.8877302799770685,Old
Maruti Swift Dzire VDI,2019,650000,35000,Diesel,Individual,Manual,First Owner,25–50k,6,18.571428571428573,New
Maruti Swift ZXI Plus,2018,600000,30000,Petrol,Individual,Manual,First Owner,25–50k,7,20.0,New
Nissan Micra Active XV,2017,434999,16267,Petrol,Dealer,Manual,First Owner,0–25k,8,26.74119382799533,New
Volkswagen Vento 1.5 TDI Highline,2013,525000,71500,Diesel,Dealer,Manual,First Owner,50–75k,12,7.3426573426573425,Old
BMW 5 Series 520d Luxury Line,2019,4800000,12999,Diesel,Dealer,Automatic,First Owner,0–25k,6,369.2591737825987,New
Chevrolet Aveo U-VA 1.2 LS,2008,160000,80000,Petrol,Individual,Manual,First Owner,75–100k,17,2.0,Old
Maruti Zen Estilo 1.1 LXI BSIII,2007,160000,90000,Petrol,Individual,Manual,Second Owner,75–100k,18,1.7777777777777777,Old
Chevrolet Spark 1.0 LT,2012,125000,28000,Petrol,Individual,Manual,First Owner,25–50k,13,4.464285714285714,Old
Mahindra Bolero Power Plus Plus AC BSIV PS,2015,430000,200000,Diesel,Individual,Manual,First Owner,150–200k,10,2.15,Old
Hyundai Creta 1.6 VTVT S,2017,900000,14700,Petrol,Individual,Manual,First Owner,0–25k,8,61.224489795918366,New
Maruti Alto LX,2000,61000,90000,Petrol,Individual,Manual,Second Owner,75–100k,25,0.6777777777777778,Old
Maruti Wagon R LXI BS IV,2017,400000,50000,Petrol,Individual,Manual,First Owner,25–50k,8,8.0,New
Hyundai Santro Xing XS,2009,150000,100000,Petrol,Individual,Manual,Second Owner,75–100k,16,1.5,Old
Volkswagen Polo GT 1.0 TSI,2019,950000,24000,Petrol,Individual,Automatic,First Owner,0–25k,6,39.583333333333336,New
Tata Indigo CR4,2013,220000,100000,Diesel,Individual,Manual,First Owner,75–100k,12,2.2,Old
Hyundai Getz GLX,2007,110000,90000,Petrol,Individual,Manual,First Owner,75–100k,18,1.2222222222222223,Old
Tata Bolt Revotron XM,2015,375000,30000,Petrol,Individual,Manual,First Owner,25–50k,10,12.5,Old
Datsun GO Plus T Option,2017,350000,80000,Petrol,Individual,Manual,First Owner,75–100k,8,4.375,New
Hyundai i20 Magna 1.4 CRDi (Diesel),2012,310000,92686,Diesel,Dealer,Manual,Second Owner,75–100k,13,3.344625941350366,Old
Tata Indica GLS BS IV,2010,90000,300000,Petrol,Individual,Manual,Third Owner,200k+,15,0.3,Old
Volkswagen Vento Petrol Highline,2011,350000,90000,Petrol,Individual,Manual,Second Owner,75–100k,14,3.888888888888889,Old
Hyundai Santro LS zipPlus,2003,100000,60000,Petrol,Individual,Manual,First Owner,50–75k,22,1.6666666666666667,Old
Mahindra XUV500 AT W6 2WD,2017,1300000,40000,Diesel,Individual,Automatic,First Owner,25–50k,8,32.5,New
Maruti Wagon R LXI,2004,70000,90000,Petrol,Individual,Manual,Fourth & Above Owner,75–100k,21,0.7777777777777778,Old
Chevrolet Sail Hatchback LT ABS,2013,225000,80000,Diesel,Individual,Manual,First Owner,75–100k,12,2.8125,Old
Honda City 1.3 EXI,2002,145000,100000,Petrol,Individual,Manual,First Owner,75–100k,23,1.45,Old
Ford EcoSport 1.5 Diesel Titanium Plus BSIV,2018,930000,20000,Diesel,Individual,Manual,First Owner,0–25k,7,46.5,New
Maruti Swift VXI,2019,550000,51000,Petrol,Individual,Manual,First Owner,50–75k,6,10.784313725490197,New
Maruti Alto LX BSIII,2008,85000,120000,Petrol,Individual,Manual,Second Owner,100–150k,17,0.7083333333333334,Old
Hyundai EON Era Plus Sports Edition,2014,280000,55000,Petrol,Individual,Manual,First Owner,50–75k,11,5.090909090909091,Old
Hyundai EON Magna Plus,2018,360000,6000,Petrol,Individual,Manual,First Owner,0–25k,7,60.0,New
Maruti Alto LXi,2011,150000,40000,Petrol,Individual,Manual,Second Owner,25–50k,14,3.75,Old
Skoda Rapid 1.6 MPI AT Ambition BSIV,2017,900000,15000,Petrol,Individual,Automatic,First Owner,0–25k,8,60.0,New
Ambassador CLASSIC 1500 DSL AC,2005,120000,50000,Diesel,Individual,Manual,Second Owner,25–50k,20,2.4,Old
Fiat Linea T Jet Emotion,2010,215000,90000,Petrol,Individual,Manual,Second Owner,75–100k,15,2.388888888888889,Old
Renault Scala Diesel RxL,2013,550000,38500,Diesel,Individual,Manual,First Owner,25–50k,12,14.285714285714286,Old
Tata Nexon 1.2 Revotron XZ Plus Dual Tone,2018,775000,35000,Petrol,Individual,Manual,First Owner,25–50k,7,22.142857142857142,New
Maruti Gypsy King HT BSIV,2001,409999,49359,Petrol,Individual,Manual,Third Owner,25–50k,24,8.306468931704451,Old
Maruti 800 AC Uniq,2005,65000,70000,Petrol,Individual,Manual,Second Owner,50–75k,20,0.9285714285714286,Old
Maruti Wagon R LXI Minor,2008,200000,90000,Petrol,Individual,Manual,Second Owner,75–100k,17,2.2222222222222223,Old
Maruti Wagon R VXI BS IV,2010,240000,50000,Petrol,Individual,Manual,Second Owner,25–50k,15,4.8,Old
Toyota Innova 2.5 VX 8 STR,2012,800000,108731,Diesel,Individual,Manual,First Owner,100–150k,13,7.357607306104055,Old
Toyota Innova 2.5 EV Diesel MS 7 Str BSIII,2010,400000,120000,Diesel,Individual,Manual,First Owner,100–150k,15,3.3333333333333335,Old
Tata Sumo Gold EX BSIII,2016,500000,60000,Diesel,Individual,Manual,First Owner,50–75k,9,8.333333333333334,New
Mahindra Renault Logan 1.5 DLX Diesel,2007,150000,90000,Diesel,Individual,Manual,Third Owner,75–100k,18,1.6666666666666667,Old
Toyota Etios GD,2014,500000,140000,Diesel,Individual,Manual,Second Owner,100–150k,11,3.5714285714285716,Old
Hyundai EON Magna Plus,2014,320000,80000,Petrol,Individual,Manual,First Owner,75–100k,11,4.0,Old
Nissan Micra Diesel XV,2013,300000,90000,Diesel,Individual,Manual,First Owner,75–100k,12,3.3333333333333335,Old
Renault Lodgy Stepway 85PS RXZ 8S,2017,650000,40000,Diesel,Individual,Manual,First Owner,25–50k,8,16.25,New
Maruti Alto 800 LXI,2018,285000,14000,Petrol,Individual,Manual,First Owner,0–25k,7,20.357142857142858,New
Tata Aria Pleasure 4x2,2012,360000,70000,Diesel,Individual,Manual,Second Owner,50–75k,13,5.142857142857143,Old
Honda Accord 2.4 MT,2009,450000,55000,Petrol,Individual,Manual,Second Owner,50–75k,16,8.181818181818182,Old
Maruti Alto LXi,2011,175000,60000,Petrol,Individual,Manual,Third Owner,50–75k,14,2.9166666666666665,Old
Chevrolet Cruze LT,2011,350000,74000,Diesel,Individual,Manual,Second Owner,50–75k,14,4.72972972972973,Old
Ford Figo Aspire 1.5 TDCi Titanium,2020,530000,45000,Diesel,Dealer,Manual,First Owner,25–50k,5,11.777777777777779,New
Honda City i-DTEC ZX,2017,1025000,38000,Diesel,Dealer,Manual,First Owner,25–50k,8,26.973684210526315,New
Honda BR-V i-DTEC VX MT,2017,950000,24000,Diesel,Dealer,Manual,First Owner,0–25k,8,39.583333333333336,New
Honda WR-V i-VTEC VX,2017,725000,29976,Petrol,Dealer,Manual,First Owner,25–50k,8,24.186015479049907,New
Honda City i VTEC VX,2017,919999,41000,Petrol,Dealer,Manual,First Owner,25–50k,8,22.439,New
Honda Jazz 1.5 V i DTEC,2018,700000,15000,Diesel,Dealer,Manual,First Owner,0–25k,7,46.666666666666664,New
Honda Jazz 1.5 VX i DTEC,2017,725000,36000,Diesel,Dealer,Manual,First Owner,25–50k,8,20.13888888888889,New
Honda BR-V i-VTEC VX MT,2017,840000,30646,Petrol,Dealer,Manual,First Owner,25–50k,8,27.409776153494747,New
Maruti Wagon R VXI BS IV,2015,365000,23600,Petrol,Dealer,Manual,First Owner,0–25k,10,15.466101694915254,Old
Honda City i DTEC SV,2014,665000,71318,Diesel,Dealer,Manual,First Owner,50–75k,11,9.32443422417903,Old
Maruti 800 Std,2003,50000,78098,Petrol,Individual,Manual,First Owner,75–100k,22,0.6402212604676176,Old
Hyundai EON Era Plus,2014,225000,30000,Petrol,Individual,Manual,First Owner,25–50k,11,7.5,Old
Hyundai i10 Era,2012,229999,45000,Petrol,Individual,Manual,Second Owner,25–50k,13,5.111088888888889,Old
Hyundai Santro Xing GL,2008,145000,67000,Petrol,Individual,Manual,First Owner,50–75k,17,2.1641791044776117,Old
Ford Figo Aspire Facelift,2018,624000,14681,Diesel,Dealer,Manual,First Owner,0–25k,7,42.50391662693277,New
Hyundai Verna 1.4 VTVT,2015,500000,25000,Petrol,Individual,Manual,First Owner,0–25k,10,20.0,Old
Ford EcoSport 1.5 Ti VCT MT Titanium BSIV,2017,750000,18054,Petrol,Dealer,Manual,First Owner,0–25k,8,41.54204054503157,New
Honda City i DTEC VX,2015,785000,40000,Diesel,Individual,Manual,First Owner,25–50k,10,19.625,Old
Hyundai i10 Sportz,2011,225000,30000,Petrol,Individual,Manual,First Owner,25–50k,14,7.5,Old
Hyundai Xcent 1.1 CRDi Base,2017,300000,80000,Diesel,Individual,Manual,First Owner,75–100k,8,3.75,New
Hyundai i20 Asta 1.4 CRDi,2016,680000,20000,Diesel,Individual,Manual,First Owner,0–25k,9,34.0,New
Mahindra TUV 300 T8,2016,700000,40000,Diesel,Individual,Manual,First Owner,25–50k,9,17.5,New
Tata Indigo CS eLS BS IV,2011,180000,120000,Diesel,Individual,Manual,First Owner,100–150k,14,1.5,Old
Ford Fiesta 1.4 SXi TDCi ABS,2008,270000,120000,Diesel,Individual,Manual,Second Owner,100–150k,17,2.25,Old
Maruti Swift Dzire VXi,2010,370000,97000,Petrol,Individual,Manual,Second Owner,75–100k,15,3.814432989690722,Old
Mahindra Xylo H8 ABS with Airbags,2018,1100000,70000,Diesel,Individual,Manual,First Owner,50–75k,7,15.714285714285714,New
Hyundai Accent CRDi,2004,120000,120000,Diesel,Individual,Manual,Second Owner,100–150k,21,1.0,Old
Skoda Rapid 1.6 TDI PRESTIGE,2013,430000,88000,Diesel,Individual,Manual,Second Owner,75–100k,12,4.886363636363637,Old
Maruti Swift ZDi,2014,550000,38406,Diesel,Dealer,Manual,First Owner,25–50k,11,14.320679060563453,Old
Hyundai Santro Xing GLS,2014,320000,54350,Petrol,Dealer,Manual,First Owner,50–75k,11,5.887764489420423,Old
Maruti Wagon R VXI BS IV,2015,390000,32260,Petrol,Dealer,Manual,First Owner,25–50k,10,12.089274643521389,Old
Renault Duster 85PS Diesel RxE,2014,550000,58231,Diesel,Dealer,Manual,First Owner,50–75k,11,9.445140904329309,Old
Maruti Swift VXI,2012,370000,59858,Petrol,Dealer,Manual,First Owner,50–75k,13,6.1812957332353236,Old
Maruti Alto LXi BSIII,2010,190000,73350,Petrol,Dealer,Manual,First Owner,50–75k,15,2.590320381731425,Old
Renault Duster 110PS Diesel RxZ,2013,509999,88473,Diesel,Dealer,Manual,First Owner,75–100k,12,5.764459213545376,Old
Honda City S,2013,450000,96987,Petrol,Dealer,Manual,First Owner,75–100k,12,4.63979708620743,Old
Mercedes-Benz GLS 2016-2020 350d 4MATIC,2016,5500000,77350,Diesel,Dealer,Automatic,First Owner,75–100k,9,71.10536522301229,New
Maruti Swift Dzire VDI,2015,550000,61187,Diesel,Dealer,Manual,First Owner,50–75k,10,8.988837498161374,Old
Mahindra Xylo E6,2009,400000,68350,Diesel,Dealer,Manual,First Owner,50–75k,16,5.852231163130944,Old
Ford EcoSport 1.5 TDCi Titanium BSIV,2015,585000,81150,Diesel,Dealer,Manual,First Owner,75–100k,10,7.208872458410351,Old
Hyundai Grand i10 1.2 Kappa Asta,2019,500000,30000,Petrol,Individual,Manual,First Owner,25–50k,6,16.666666666666668,New
Maruti Ciaz ZXi,2015,800000,30000,Petrol,Individual,Manual,First Owner,25–50k,10,26.666666666666668,Old
Maruti Swift Vdi BSIII,2009,265000,120000,Diesel,Individual,Manual,Second Owner,100–150k,16,2.2083333333333335,Old
Ford Figo Diesel Titanium,2012,175000,180000,Diesel,Individual,Manual,First Owner,150–200k,13,0.9722222222222222,Old
Fiat Palio 1.2 Sport,2007,125000,50000,Petrol,Individual,Manual,Second Owner,25–50k,18,2.5,Old
Tata Manza Aqua Quadrajet BS IV,2010,165000,80000,Diesel,Individual,Manual,First Owner,75–100k,15,2.0625,Old
Mahindra Verito 1.5 D2 BSIII,2011,150000,280000,Diesel,Individual,Manual,First Owner,200k+,14,0.5357142857142857,Old
Hyundai Creta 1.6 CRDi SX Option,2015,1025000,90000,Diesel,Individual,Manual,Second Owner,75–100k,10,11.38888888888889,Old
Toyota Innova 2.5 VX (Diesel) 8 Seater,2014,1030000,250000,Diesel,Individual,Manual,Second Owner,200k+,11,4.12,Old
Chevrolet Cruze LT,2012,380000,90000,Diesel,Individual,Manual,Fourth & Above Owner,75–100k,13,4.222222222222222,Old
Maruti Swift Dzire LDi,2010,250000,110000,Diesel,Individual,Manual,Third Owner,100–150k,15,2.272727272727273,Old
Maruti Zen LX,2000,85000,80000,Petrol,Individual,Manual,Second Owner,75–100k,25,1.0625,Old
Fiat Punto EVO 1.3 Dynamic,2016,500000,35000,Diesel,Individual,Manual,First Owner,25–50k,9,14.285714285714286,New
Hyundai EON Era Plus,2018,350000,15000,Petrol,Individual,Manual,First Owner,0–25k,7,23.333333333333332,New
Maruti Alto LXi BSIII,2010,190000,52000,Petrol,Individual,Manual,Second Owner,50–75k,15,3.6538461538461537,Old
Volkswagen Jetta 1.9 TDI Trendline,2009,940000,140000,Diesel,Individual,Manual,First Owner,100–150k,16,6.714285714285714,Old
Maruti Swift VXI,2013,475000,60000,Petrol,Individual,Manual,Second Owner,50–75k,12,7.916666666666667,Old
Maruti Alto 800 LXI,2018,300000,17000,Petrol,Individual,Manual,First Owner,0–25k,7,17.647058823529413,New
Chevrolet Beat LS,2016,250000,70000,Petrol,Individual,Manual,Third Owner,50–75k,9,3.5714285714285716,New
Maruti Zen LX,2001,93000,97000,Petrol,Individual,Manual,Fourth & Above Owner,75–100k,24,0.9587628865979382,Old
Ford Figo Diesel ZXI,2012,290000,125000,Diesel,Individual,Manual,Second Owner,100–150k,13,2.32,Old
Tata Indica GLS BS IV,2010,75000,300000,Petrol,Individual,Manual,Third Owner,200k+,15,0.25,Old
Mahindra XUV500 W8 2WD,2015,1000000,120000,Diesel,Individual,Manual,Second Owner,100–150k,10,8.333333333333334,Old
Hyundai i20 Asta 1.4 CRDi,2015,550000,87000,Diesel,Individual,Manual,First Owner,75–100k,10,6.32183908045977,Old
Fiat Punto 1.3 Emotion,2010,285000,75000,Diesel,Individual,Manual,Third Owner,50–75k,15,3.8,Old
Tata Indigo Grand Petrol,2014,240000,60000,Petrol,Individual,Manual,Second Owner,50–75k,11,4.0,Old
Hyundai Creta 1.6 VTVT S,2015,850000,25000,Petrol,Individual,Manual,First Owner,0–25k,10,34.0,Old
Hyundai i20 Active 1.2 SX,2016,650000,26000,Petrol,Individual,Manual,First Owner,25–50k,9,25.0,New
Maruti Celerio Green VXI,2017,365000,78000,CNG,Individual,Manual,First Owner,75–100k,8,4.67948717948718,New
Hyundai i20 Active 1.2 SX,2016,650000,26000,Petrol,Individual,Manual,First Owner,25–50k,9,25.0,New
Chevrolet Sail 1.2 Base,2015,260000,35000,Petrol,Individual,Manual,First Owner,25–50k,10,7.428571428571429,Old
Tata Indigo Grand Petrol,2014,250000,100000,Petrol,Individual,Manual,First Owner,75–100k,11,2.5,Old
Tata New Safari 4X2,2007,550000,80000,Petrol,Individual,Manual,Second Owner,75–100k,18,6.875,Old
Maruti Wagon R LXI,2004,70000,90000,Petrol,Individual,Manual,Fourth & Above Owner,75–100k,21,0.7777777777777778,Old
Chevrolet Sail Hatchback LT ABS,2013,225000,80000,Diesel,Individual,Manual,First Owner,75–100k,12,2.8125,Old
Honda City 1.3 EXI,2002,145000,100000,Petrol,Individual,Manual,First Owner,75–100k,23,1.45,Old
Ford EcoSport 1.5 Diesel Titanium Plus BSIV,2018,930000,20000,Diesel,Individual,Manual,First Owner,0–25k,7,46.5,New
Maruti Swift VXI,2019,550000,51000,Petrol,Individual,Manual,First Owner,50–75k,6,10.784313725490197,New
Maruti Alto LX BSIII,2008,85000,120000,Petrol,Individual,Manual,Second Owner,100–150k,17,0.7083333333333334,Old
Hyundai EON Era Plus Sports Edition,2014,280000,55000,Petrol,Individual,Manual,First Owner,50–75k,11,5.090909090909091,Old
Hyundai EON Magna Plus,2018,360000,6000,Petrol,Individual,Manual,First Owner,0–25k,7,60.0,New
Maruti Alto LXi,2011,150000,40000,Petrol,Individual,Manual,Second Owner,25–50k,14,3.75,Old
Skoda Rapid 1.6 MPI AT Ambition BSIV,2017,900000,15000,Petrol,Individual,Automatic,First Owner,0–25k,8,60.0,New
Ambassador CLASSIC 1500 DSL AC,2005,120000,50000,Diesel,Individual,Manual,Second Owner,25–50k,20,2.4,Old
Fiat Linea T Jet Emotion,2010,215000,90000,Petrol,Individual,Manual,Second Owner,75–100k,15,2.388888888888889,Old
Renault Scala Diesel RxL,2013,550000,38500,Diesel,Individual,Manual,First Owner,25–50k,12,14.285714285714286,Old
Tata Nexon 1.2 Revotron XZ Plus Dual Tone,2018,775000,35000,Petrol,Individual,Manual,First Owner,25–50k,7,22.142857142857142,New
Maruti Gypsy King HT BSIV,2001,409999,49359,Petrol,Individual,Manual,Third Owner,25–50k,24,8.306468931704451,Old
Maruti 800 AC Uniq,2005,65000,70000,Petrol,Individual,Manual,Second Owner,50–75k,20,0.9285714285714286,Old
Maruti Wagon R LXI Minor,2008,200000,90000,Petrol,Individual,Manual,Second Owner,75–100k,17,2.2222222222222223,Old
Maruti Wagon R VXI BS IV,2010,240000,50000,Petrol,Individual,Manual,Second Owner,25–50k,15,4.8,Old
Toyota Innova 2.5 VX 8 STR,2012,800000,108731,Diesel,Individual,Manual,First Owner,100–150k,13,7.357607306104055,Old
Toyota Innova 2.5 EV Diesel MS 7 Str BSIII,2010,400000,120000,Diesel,Individual,Manual,First Owner,100–150k,15,3.3333333333333335,Old
Maruti Wagon R VXI BSIII,2012,229999,40000,Petrol,Individual,Manual,Second Owner,25–50k,13,5.749975,Old
Ford Ecosport 1.5 DV5 MT Titanium,2014,580000,120000,Diesel,Individual,Manual,First Owner,100–150k,11,4.833333333333333,Old
Toyota Corolla H2,2005,175000,100000,Petrol,Individual,Manual,Fourth & Above Owner,75–100k,20,1.75,Old
Maruti Ritz VDi,2012,250000,110000,Diesel,Individual,Manual,Fourth & Above Owner,100–150k,13,2.272727272727273,Old
Hyundai EON Magna Plus,2014,320000,80000,Petrol,Individual,Manual,First Owner,75–100k,11,4.0,Old
Nissan Micra Diesel XV,2013,300000,90000,Diesel,Individual,Manual,First Owner,75–100k,12,3.3333333333333335,Old
Mahindra TUV 300 mHAWK100 T8,2017,800000,60000,Diesel,Individual,Manual,First Owner,50–75k,8,13.333333333333334,New
Hyundai Verna SX AT Diesel,2009,245000,75000,Diesel,Dealer,Automatic,First Owner,50–75k,16,3.2666666666666666,Old
Hyundai EON Magna Plus,2018,300000,20000,Petrol,Individual,Manual,First Owner,0–25k,7,15.0,New
Hyundai Xcent 1.2 CRDi E,2017,350000,80000,Diesel,Individual,Manual,First Owner,75–100k,8,4.375,New
Maruti Zen LX - BS III,2006,70000,105700,Petrol,Individual,Manual,First Owner,100–150k,19,0.6622516556291391,Old
Maruti Celerio VXI Optional,2017,430999,14000,Petrol,Dealer,Manual,First Owner,0–25k,8,30.785642857142857,New
Chevrolet Spark 1.0,2010,80000,70000,Petrol,Individual,Manual,First Owner,50–75k,15,1.1428571428571428,Old
Maruti Alto 800 LXI Optional,2019,335000,28000,Petrol,Dealer,Manual,First Owner,25–50k,6,11.964285714285714,New
Maruti Eeco 7 Seater Standard BSIV,2017,350000,51000,Petrol,Dealer,Manual,First Owner,50–75k,8,6.862745098039215,New
Maruti Alto 800 LXI Opt BSIV,2018,315000,56000,Petrol,Dealer,Manual,First Owner,50–75k,7,5.625,New
Volkswagen Vento 1.5 TDI Highline Plus AT BSIV,2019,1100000,35000,Diesel,Individual,Automatic,First Owner,25–50k,6,31.428571428571427,New
Maruti Esteem Lxi - BSIII,2005,80000,24000,Petrol,Individual,Manual,First Owner,0–25k,20,3.3333333333333335,Old
Maruti Alto K10 VXI Optional,2014,285000,64000,Petrol,Dealer,Manual,Second Owner,50–75k,11,4.453125,Old
Tata Indigo TDI,2009,100000,120000,Diesel,Individual,Manual,Third Owner,100–150k,16,0.8333333333333334,Old
Maruti Alto LXi,2011,225000,37091,Petrol,Individual,Manual,First Owner,25–50k,14,6.066161602545092,Old
Volvo XC 90 D5 Inscription BSIV,2017,4500000,80000,Diesel,Individual,Automatic,First Owner,75–100k,8,56.25,New
Maruti Alto K10 VXI,2018,320000,38900,Petrol,Individual,Manual,Third Owner,25–50k,7,8.226221079691516,New
Hyundai Creta 1.6 CRDi SX Plus,2016,1249000,60000,Diesel,Individual,Manual,Third Owner,50–75k,9,20.816666666666666,New
Maruti Wagon R LXI Minor,2008,120000,110000,Petrol,Individual,Manual,Third Owner,100–150k,17,1.0909090909090908,Old
Volkswagen Vento Diesel Trendline,2011,200000,100000,Diesel,Individual,Manual,Second Owner,75–100k,14,2.0,Old
Hyundai Creta 1.6 CRDi SX,2016,1151000,85000,Diesel,Individual,Manual,First Owner,75–100k,9,13.541176470588235,New
Tata Indica Vista Quadrajet LS,2012,120000,140000,Diesel,Individual,Manual,First Owner,100–150k,13,0.8571428571428571,Old
Renault KWID RXT,2017,220000,20000,Petrol,Individual,Manual,First Owner,0–25k,8,11.0,New
Tata Nexon 1.2 Revotron XZ Plus Dual Tone,2017,750000,15000,Petrol,Individual,Manual,First Owner,0–25k,8,50.0,New
Mahindra TUV 300 T10 Dual Tone,2018,784000,40000,Diesel,Individual,Manual,First Owner,25–50k,7,19.6,New
Honda Jazz 1.2 S i VTEC,2017,500000,50000,Petrol,Individual,Manual,First Owner,25–50k,8,10.0,New
Hyundai EON Era Plus,2018,350000,20000,Petrol,Individual,Manual,First Owner,0–25k,7,17.5,New
Mahindra XUV500 W7 AT BSIV,2018,1400000,50000,Diesel,Individual,Automatic,First Owner,25–50k,7,28.0,New
Mahindra Thar CRDe AC,2014,600000,100000,Diesel,Individual,Manual,Second Owner,75–100k,11,6.0,Old
Hyundai Grand i10 1.2 Kappa Magna BSIV,2019,525000,9400,Petrol,Individual,Manual,First Owner,0–25k,6,55.851063829787236,New
Ford EcoSport 1.5 Diesel Titanium Plus BSIV,2017,930000,12000,Diesel,Individual,Manual,First Owner,0–25k,8,77.5,New
Maruti Eeco 5 STR With AC Plus HTR CNG,2017,440000,14100,CNG,Dealer,Manual,First Owner,0–25k,8,31.20567375886525,New
Maruti Celerio ZXI,2016,434999,21000,Petrol,Dealer,Manual,First Owner,0–25k,9,20.714238095238095,New
Hyundai i10 Magna,2011,250000,28000,Petrol,Dealer,Manual,First Owner,25–50k,14,8.928571428571429,Old
Maruti Ertiga SHVS ZDI Plus,2017,940000,35000,Diesel,Dealer,Manual,First Owner,25–50k,8,26.857142857142858,New
Hyundai Verna 1.6 CRDi AT SX,2017,1050000,31000,Diesel,Dealer,Automatic,First Owner,25–50k,8,33.87096774193548,New
Maruti Ertiga SHVS ZDI,2016,825000,58000,Diesel,Dealer,Manual,First Owner,50–75k,9,14.224137931034482,New
Maruti Wagon R VXI Minor,2012,229999,25000,Petrol,Individual,Manual,First Owner,0–25k,13,9.19996,Old
Hyundai i20 1.2 Asta,2011,375000,72000,Petrol,Dealer,Manual,First Owner,50–75k,14,5.208333333333333,Old
Maruti Ertiga ZDI,2013,640000,89000,Diesel,Dealer,Manual,First Owner,75–100k,12,7.191011235955056,Old
Toyota Innova 2.5 V Diesel 8-seater,2012,800000,160000,Diesel,Dealer,Manual,First Owner,150–200k,13,5.0,Old
Ford Figo Petrol ZXI,2012,130000,30000,Petrol,Individual,Manual,Third Owner,25–50k,13,4.333333333333333,Old
Hyundai i10 Sportz 1.1L,2014,300000,37555,Petrol,Dealer,Manual,First Owner,25–50k,11,7.988283850352816,Old
Maruti Wagon R VXI BS IV,2018,440000,14000,Petrol,Dealer,Manual,First Owner,0–25k,7,31.428571428571427,New
Maruti Ertiga VXI CNG,2014,595000,56600,CNG,Dealer,Manual,First Owner,50–75k,11,10.512367491166078,Old
Mahindra Scorpio EX,2013,450000,110000,Diesel,Individual,Manual,First Owner,100–150k,12,4.090909090909091,Old
Maruti Vitara Brezza VDi Option,2017,690000,50000,Diesel,Individual,Manual,First Owner,25–50k,8,13.8,New
Maruti Alto 800 VXI,2019,300000,5000,Petrol,Individual,Manual,First Owner,0–25k,6,60.0,New
Chevrolet Sail 1.2 Base,2014,170000,100000,Petrol,Individual,Manual,Second Owner,75–100k,11,1.7,Old
Toyota Etios Liva GD SP,2012,280000,120000,Diesel,Individual,Manual,First Owner,100–150k,13,2.3333333333333335,Old
Maruti Swift VXI BSIII,2009,220000,67580,Petrol,Individual,Manual,Second Owner,50–75k,16,3.2554010062148566,Old
Hyundai Santro Xing GLS,2009,140000,100000,Petrol,Individual,Manual,Third Owner,75–100k,16,1.4,Old
Maruti Esteem Lxi,2004,45000,60000,Petrol,Individual,Manual,First Owner,50–75k,21,0.75,Old
Ford Figo Diesel Titanium,2014,200000,125000,Diesel,Individual,Manual,Second Owner,100–150k,11,1.6,Old
Mahindra Scorpio 2.6 Turbo 7 Str,2008,325000,120000,Diesel,Individual,Manual,Second Owner,100–150k,17,2.7083333333333335,Old
Hyundai Verna CRDi SX,2010,300000,130000,Diesel,Individual,Manual,Second Owner,100–150k,15,2.3076923076923075,Old
Maruti 800 AC,2009,120000,250000,Petrol,Individual,Manual,Second Owner,200k+,16,0.48,Old
Hyundai Creta 1.6 CRDi SX,2016,535000,52600,Diesel,Individual,Manual,First Owner,50–75k,9,10.171102661596958,New
Honda City i DTEC S,2014,520000,82000,Diesel,Individual,Manual,First Owner,75–100k,11,6.341463414634147,Old
Hyundai Grand i10 1.2 Kappa Magna AT,2017,550000,19890,Petrol,Dealer,Automatic,First Owner,0–25k,8,27.65208647561589,New
Mahindra Verito Vibe 1.5 dCi D6,2015,280000,40000,Diesel,Individual,Manual,First Owner,25–50k,10,7.0,Old
Nissan Sunny XL D,2013,225000,78000,Diesel,Dealer,Manual,First Owner,75–100k,12,2.8846153846153846,Old
Ford EcoSport 1.5 Petrol Titanium Plus AT BSIV,2015,750000,48238,Petrol,Trustmark Dealer,Automatic,First Owner,25–50k,10,15.547908288071644,Old
Hyundai i20 1.2 Magna Executive,2016,535000,38365,Petrol,Dealer,Manual,First Owner,25–50k,9,13.945001954906816,New
Mahindra XUV500 W10 1.99 mHawk,2016,1250000,23670,Diesel,Trustmark Dealer,Manual,First Owner,0–25k,9,52.80946345585129,New
Maruti Baleno Zeta 1.2,2017,650000,49834,Petrol,Trustmark Dealer,Manual,First Owner,25–50k,8,13.043303768511459,New
Honda Brio S MT,2013,295000,57353,Petrol,Trustmark Dealer,Manual,First Owner,50–75k,12,5.143584468118494,Old
Maruti Swift DDiS VDI,2015,480000,68308,Diesel,Trustmark Dealer,Manual,First Owner,50–75k,10,7.026995373894712,Old
Honda City i DTEC SV,2015,575000,63240,Diesel,Trustmark Dealer,Manual,First Owner,50–75k,10,9.09234661606578,Old
Mahindra Scorpio 1.99 S4,2016,509999,60000,Diesel,Individual,Manual,First Owner,50–75k,9,8.499983333333333,New
Maruti Alto LXi,2008,69000,100000,Petrol,Individual,Manual,First Owner,75–100k,17,0.69,Old
Tata Manza Aura Safire BS IV,2013,200000,60000,Petrol,Individual,Manual,First Owner,50–75k,12,3.3333333333333335,Old
Toyota Innova 2.5 GX 8 STR BSIV,2012,449000,90000,Diesel,Individual,Manual,First Owner,75–100k,13,4.988888888888889,Old
Tata Harrier XE,2020,426000,1000,Diesel,Individual,Manual,First Owner,0–25k,5,426.0,New
Ford Ecosport 1.5 Petrol Ambiente,2017,650000,6000,Petrol,Individual,Manual,First Owner,0–25k,8,108.33333333333333,New
Tata Tiago 1.05 Revotorq XM,2017,260000,50000,Diesel,Individual,Manual,First Owner,25–50k,8,5.2,New
Mahindra Bolero Power Plus Plus AC BSIV PS,2015,295000,90000,Diesel,Individual,Manual,Third Owner,75–100k,10,3.2777777777777777,Old
Maruti Eeco 5 Seater AC BSIV,2017,260000,30000,Petrol,Dealer,Manual,First Owner,25–50k,8,8.666666666666666,New
Tata Indica Vista Quadrajet LS,2012,120000,140000,Diesel,Individual,Manual,First Owner,100–150k,13,0.8571428571428571,Old
Hyundai Verna SX,2007,155000,65000,Petrol,Dealer,Manual,First Owner,50–75k,18,2.3846153846153846,Old
Honda Jazz 1.5 VX i DTEC,2015,450000,38000,Diesel,Individual,Manual,First Owner,25–50k,10,11.842105263157896,Old
Tata New Safari DICOR 2.2 GX 4x2 BS IV,2012,320000,80000,Diesel,Individual,Manual,First Owner,75–100k,13,4.0,Old
Hyundai Verna i (Petrol),2007,123000,50000,Petrol,Individual,Manual,Second Owner,25–50k,18,2.46,Old
Hyundai Santro Xing XO,2006,80000,110000,Petrol,Individual,Manual,First Owner,100–150k,19,0.7272727272727273,Old
Maruti SX4 Celebration Petrol,2012,220000,90000,Petrol,Individual,Manual,Second Owner,75–100k,13,2.4444444444444446,Old
Hyundai i20 Active S Diesel,2018,650000,37000,Diesel,Dealer,Manual,First Owner,25–50k,7,17.56756756756757,New
Maruti Alto 800 LXI,2018,285000,30000,Petrol,Dealer,Manual,First Owner,25–50k,7,9.5,New
Honda Amaze V CVT Petrol BSIV,2018,725000,26000,Petrol,Dealer,Automatic,First Owner,25–50k,7,27.884615384615383,New
Tata Indica Vista Aqua 1.2 Safire BSIV,2010,97000,128000,Petrol,Individual,Manual,First Owner,100–150k,15,0.7578125,Old
Maruti Ciaz ZXi,2016,625000,30000,Petrol,Dealer,Manual,First Owner,25–50k,9,20.833333333333332,New
Hyundai i20 Active SX Petrol,2016,550000,23000,Petrol,Dealer,Manual,First Owner,0–25k,9,23.91304347826087,New
Tata Indigo CR4,2012,130000,120000,Diesel,Individual,Manual,First Owner,100–150k,13,1.0833333333333333,Old
Hyundai i10 Magna,2012,240000,40000,Petrol,Dealer,Manual,First Owner,25–50k,13,6.0,Old
Nissan Terrano XL 85 PS,2014,600000,27000,Diesel,Dealer,Manual,First Owner,25–50k,11,22.22222222222222,Old
Tata New Safari DICOR 2.2 EX 4x2,2012,350000,65000,Diesel,Dealer,Manual,First Owner,50–75k,13,5.384615384615385,Old
Hyundai EON Magna Plus,2015,245000,32000,Petrol,Dealer,Manual,First Owner,25–50k,10,7.65625,Old
Maruti Swift 1.3 VXi,2009,199000,52536,Petrol,Individual,Manual,First Owner,50–75k,16,3.787878787878788,Old
Mahindra Xylo E4,2011,330000,100000,Diesel,Individual,Manual,Second Owner,75–100k,14,3.3,Old
Maruti Ritz VXI,2009,150000,80000,Petrol,Individual,Manual,First Owner,75–100k,16,1.875,Old
Hyundai Creta 1.6 CRDi SX,2016,927999,90000,Diesel,Individual,Manual,First Owner,75–100k,9,10.3111,New
Maruti Zen LXI,2003,70000,60000,Petrol,Individual,Manual,Fourth & Above Owner,50–75k,22,1.1666666666666667,Old
Hyundai Xcent 1.2 CRDi SX,2015,399000,55000,Diesel,Dealer,Manual,First Owner,50–75k,10,7.254545454545455,Old
Maruti Swift VDI Optional,2015,350000,90000,Diesel,Individual,Manual,First Owner,75–100k,10,3.888888888888889,Old
Mahindra Scorpio 2.6 CRDe,2006,125000,50000,Diesel,Individual,Manual,Second Owner,25–50k,19,2.5,Old
Hyundai Santro Xing XS,2008,150000,90000,Petrol,Individual,Manual,Second Owner,75–100k,17,1.6666666666666667,Old
Hyundai EON Era Plus,2015,250000,25000,Petrol,Individual,Manual,First Owner,0–25k,10,10.0,Old
Hyundai Verna 1.6 SX CRDi (O),2014,675000,61000,Diesel,Dealer,Manual,First Owner,50–75k,11,11.065573770491802,Old
Maruti S-Cross Alpha DDiS 200 SH,2018,950000,30000,Diesel,Individual,Manual,First Owner,25–50k,7,31.666666666666668,New
Maruti Eeco 5 STR With AC Plus HTR CNG,2018,409999,45000,CNG,Individual,Manual,First Owner,25–50k,7,9.111088888888888,New
Fiat Linea Emotion (Diesel),2011,225000,60000,Diesel,Individual,Manual,First Owner,50–75k,14,3.75,Old
Honda Civic 1.8 V MT,2008,350000,75000,Petrol,Individual,Manual,Second Owner,50–75k,17,4.666666666666667,Old
Tata Indica LSI,2005,51111,140000,Petrol,Individual,Manual,Third Owner,100–150k,20,0.3650785714285714,Old
Chevrolet Sail 1.3 LS,2013,290000,56000,Diesel,Dealer,Manual,First Owner,50–75k,12,5.178571428571429,Old
Toyota Camry Hybrid,2006,310000,62000,Electric,Dealer,Automatic,Second Owner,50–75k,19,5.0,Old
Hyundai Verna CRDi SX,2007,212000,58000,Diesel,Dealer,Manual,Second Owner,50–75k,18,3.6551724137931036,Old
Skoda Octavia Elegance 2.0 TDI AT,2013,900000,49000,Diesel,Dealer,Automatic,Second Owner,25–50k,12,18.367346938775512,Old
Chevrolet Beat Diesel LT,2011,221000,56000,Diesel,Dealer,Manual,Second Owner,50–75k,14,3.9464285714285716,Old
Toyota Innova 2.5 G (Diesel) 7 Seater,2013,675000,73000,Diesel,Dealer,Manual,First Owner,50–75k,12,9.246575342465754,Old
Honda Amaze S i-Dtech,2014,421000,69000,Diesel,Dealer,Manual,First Owner,50–75k,11,6.101449275362318,Old
Maruti SX4 Zxi BSIII,2008,350000,10000,Petrol,Individual,Manual,First Owner,0–25k,17,35.0,Old
Hyundai Accent Executive CNG,2010,140000,110000,CNG,Individual,Manual,First Owner,100–150k,15,1.2727272727272727,Old
Skoda Octavia Ambiente 1.9 TDI MT,2002,90000,116000,Diesel,Individual,Manual,Second Owner,100–150k,23,0.7758620689655172,Old
Honda City Edge Edition Diesel SV,2018,830000,40000,Diesel,Individual,Manual,First Owner,25–50k,7,20.75,New
Maruti Wagon R LXI Minor,2009,180000,30000,Petrol,Individual,Manual,First Owner,25–50k,16,6.0,Old
Maruti Swift Vdi BSIII,2009,210000,109000,Diesel,Individual,Manual,Second Owner,100–150k,16,1.926605504587156,Old
Maruti SX4 S Cross DDiS 320 Zeta,2017,700000,90000,Diesel,Individual,Manual,First Owner,75–100k,8,7.777777777777778,New
Tata Nano Cx BSIII,2014,45000,7000,Petrol,Individual,Manual,Second Owner,0–25k,11,6.428571428571429,Old
Tata Indigo LX,2012,125000,120000,Diesel,Individual,Manual,First Owner,100–150k,13,1.0416666666666667,Old
Hyundai Verna 1.6 VTVT S,2017,530000,64916,Petrol,Individual,Manual,First Owner,50–75k,8,8.164397066978864,New
Ford Ecosport 1.5 DV5 MT Trend,2018,800000,37161,Diesel,Dealer,Manual,First Owner,25–50k,7,21.52794596485563,New
Maruti Baleno Zeta 1.2,2016,580000,15000,Petrol,Individual,Manual,First Owner,0–25k,9,38.666666666666664,New
Audi Q3 2.0 TDI Quattro Premium Plus,2012,1400000,118000,Diesel,Individual,Automatic,Second Owner,100–150k,13,11.864406779661017,Old
Renault KWID 1.0 RXL,2018,300000,50852,Petrol,Individual,Manual,First Owner,50–75k,7,5.89947298041375,New
Renault KWID RXT Optional,2016,300000,30000,Petrol,Individual,Manual,First Owner,25–50k,9,10.0,New
Maruti Ciaz ZDi SHVS,2015,700000,77000,Diesel,Individual,Manual,First Owner,75–100k,10,9.090909090909092,Old
Nissan Sunny XL,2012,250000,70000,Petrol,Individual,Manual,Third Owner,50–75k,13,3.5714285714285716,Old
Chevrolet Tavera Neo 3 9 Str BSIII,2016,500000,120000,Diesel,Individual,Manual,First Owner,100–150k,9,4.166666666666667,New
Honda Accord 2.4 AT,2009,428000,40000,Petrol,Individual,Automatic,Third Owner,25–50k,16,10.7,Old
Tata Harrier XZ BSIV,2019,1400000,33000,Diesel,Individual,Manual,First Owner,25–50k,6,42.42424242424242,New
Hyundai EON Era Plus,2013,219000,53500,Petrol,Individual,Manual,Third Owner,50–75k,12,4.093457943925234,Old
Maruti Ertiga SHVS LDI,2017,500000,40000,Diesel,Individual,Manual,First Owner,25–50k,8,12.5,New
Honda City i DTEC S,2014,520000,82000,Diesel,Individual,Manual,First Owner,75–100k,11,6.341463414634147,Old
Mahindra Scorpio 1.99 S4,2016,509999,60000,Diesel,Individual,Manual,First Owner,50–75k,9,8.499983333333333,New
Maruti Baleno Alpha 1.2,2019,556000,24000,Petrol,Individual,Manual,First Owner,0–25k,6,23.166666666666668,New
Tata Indigo Grand Dicor,2014,225000,120000,Diesel,Individual,Manual,First Owner,100–150k,11,1.875,Old
Honda Amaze EX i-Dtech,2013,325000,65000,Diesel,Dealer,Manual,First Owner,50–75k,12,5.0,Old
Maruti Swift VDI,2013,365000,65000,Diesel,Dealer,Manual,First Owner,50–75k,12,5.615384615384615,Old
Hyundai Creta 1.6 CRDi SX Plus,2015,850000,84000,Diesel,Dealer,Manual,First Owner,75–100k,10,10.119047619047619,Old
Toyota Etios GD SP,2013,350000,75000,Diesel,Dealer,Manual,First Owner,50–75k,12,4.666666666666667,Old
Maruti Swift VDI,2007,225000,50000,Diesel,Dealer,Manual,First Owner,25–50k,18,4.5,Old
Maruti Alto LX,2011,135000,50000,Petrol,Individual,Manual,First Owner,25–50k,14,2.7,Old
Maruti Wagon R LXI Minor,2007,140000,49000,Petrol,Dealer,Manual,First Owner,25–50k,18,2.857142857142857,Old
Maruti SX4 S Cross DDiS 320 Delta,2016,665000,560000,Diesel,Dealer,Manual,First Owner,,9,1.1875,New
Renault KWID RXT,2015,275000,14365,Petrol,Dealer,Manual,First Owner,0–25k,10,19.143752175426382,Old
Toyota Fortuner 2.8 4WD AT BSIV,2017,2750000,41000,Diesel,Individual,Automatic,First Owner,25–50k,8,67.07317073170732,New
Hyundai Verna 1.6 SX,2013,484999,65000,Diesel,Dealer,Manual,First Owner,50–75k,12,7.4615230769230765,Old
Maruti Ciaz VDi Option SHVS,2015,565000,65000,Diesel,Dealer,Manual,First Owner,50–75k,10,8.692307692307692,Old
Maruti Swift Dzire VDI,2013,425000,61083,Diesel,Dealer,Manual,First Owner,50–75k,12,6.957746017713603,Old
Toyota Innova 2.5 VX (Diesel) 8 Seater,2013,925000,75000,Diesel,Individual,Manual,First Owner,50–75k,12,12.333333333333334,Old
Mahindra Scorpio VLX 2WD AIRBAG SE BSIV,2012,565000,72000,Diesel,Dealer,Manual,First Owner,50–75k,13,7.847222222222222,Old
Renault Duster 110PS Diesel RxL,2014,525000,65000,Diesel,Dealer,Manual,First Owner,50–75k,11,8.076923076923077,Old
Honda City 1.5 S MT,2010,409999,60000,Petrol,Individual,Manual,First Owner,50–75k,15,6.833316666666667,Old
Tata Tigor 1.2 Revotron XZ Option,2018,570000,5000,Petrol,Individual,Manual,First Owner,0–25k,7,114.0,New
Maruti SX4 Zxi BSIII,2007,160000,80000,Petrol,Individual,Manual,Third Owner,75–100k,18,2.0,Old
Maruti Ciaz ZDi Plus SHVS,2017,749000,51500,Diesel,Individual,Manual,Second Owner,50–75k,8,14.54368932038835,New
Maruti Swift Dzire VDi,2010,300000,120000,Diesel,Individual,Manual,Third Owner,100–150k,15,2.5,Old
Ford EcoSport 1.5 Diesel Titanium Plus BSIV,2014,550000,79800,Diesel,Dealer,Manual,First Owner,75–100k,11,6.8922305764411025,Old
Ford EcoSport 1.5 Diesel Titanium Plus BSIV,2015,550000,97000,Diesel,Dealer,Manual,Second Owner,75–100k,10,5.670103092783505,Old
Ford Ecosport 1.5 Diesel Titanium Plus,2019,1250000,6590,Diesel,Dealer,Manual,First Owner,0–25k,6,189.6813353566009,New
Ford Figo Aspire 1.5 TDCi Titanium,2017,700000,49957,Diesel,Dealer,Manual,First Owner,25–50k,8,14.012050363312449,New
Ford Figo 1.5 Sports Edition MT,2017,600000,43235,Diesel,Dealer,Manual,First Owner,25–50k,8,13.877645426159361,New
Ford EcoSport 1.5 TDCi Titanium Plus BE BSIV,2018,925000,50699,Diesel,Dealer,Manual,First Owner,50–75k,7,18.244935797550248,New
Ford Endeavour 3.2 Titanium AT 4X4,2016,1800000,126000,Diesel,Dealer,Automatic,First Owner,100–150k,9,14.285714285714286,New
Ford Figo Aspire 1.5 TDCi Titanium Plus,2015,459999,140730,Diesel,Dealer,Manual,Second Owner,100–150k,10,3.268663397996163,Old
Hyundai i20 Active 1.2 SX,2015,565000,46000,Petrol,Individual,Manual,First Owner,25–50k,10,12.282608695652174,Old
Hyundai EON Era Plus,2013,170000,80000,Petrol,Individual,Manual,Third Owner,75–100k,12,2.125,Old
Toyota Qualis FS B3,2001,150000,256000,Diesel,Dealer,Manual,First Owner,200k+,24,0.5859375,Old
Mahindra Scorpio VLX 2WD BSIII,2008,295000,120000,Diesel,Individual,Manual,First Owner,100–150k,17,2.4583333333333335,Old
Hyundai i20 Active 1.4 SX,2018,819999,40000,Diesel,Individual,Manual,First Owner,25–50k,7,20.499975,New
Hyundai Elite i20 Diesel Asta Option,2019,819999,40000,Diesel,Individual,Manual,First Owner,25–50k,6,20.499975,New
Maruti Ritz VXi,2015,320000,40000,Petrol,Individual,Manual,First Owner,25–50k,10,8.0,Old
Ford Ecosport 1.5 DV5 MT Titanium,2015,550000,135000,Diesel,Individual,Manual,Second Owner,100–150k,10,4.074074074074074,Old
Mahindra Bolero 2011-2019 SLX,2015,550000,50000,Diesel,Individual,Manual,First Owner,25–50k,10,11.0,Old
Volkswagen Ameo 1.5 TDI Comfortline,2017,590000,98000,Diesel,Individual,Manual,First Owner,75–100k,8,6.020408163265306,New
Toyota Innova 2.5 VX (Diesel) 8 Seater,2014,1050000,70000,Diesel,Individual,Manual,First Owner,50–75k,11,15.0,Old
Honda City i DTec V,2017,950000,50000,Diesel,Individual,Manual,First Owner,25–50k,8,19.0,New
Honda City i-DTEC VX,2017,1000000,30000,Diesel,Individual,Manual,First Owner,25–50k,8,33.333333333333336,New
Nissan Terrano XE 85 PS,2013,500000,120000,Diesel,Individual,Manual,First Owner,100–150k,12,4.166666666666667,Old
Fiat Punto EVO 1.3 Emotion,2017,450000,70000,Diesel,Individual,Manual,First Owner,50–75k,8,6.428571428571429,New
Maruti Swift Dzire VDI Optional,2017,720000,35000,Diesel,Individual,Manual,First Owner,25–50k,8,20.571428571428573,New
Maruti Celerio VDi,2015,390000,70000,Diesel,Individual,Manual,Second Owner,50–75k,10,5.571428571428571,Old
Mahindra Thar 4X2,2014,500000,35000,Diesel,Individual,Manual,First Owner,25–50k,11,14.285714285714286,Old
Toyota Fortuner 2.7 2WD AT,2016,2500000,70000,Petrol,Individual,Automatic,Second Owner,50–75k,9,35.714285714285715,New
Hyundai i20 1.4 Asta Option,2017,780000,50000,Diesel,Individual,Manual,First Owner,25–50k,8,15.6,New
Maruti Swift Dzire ZDI,2015,484999,90000,Diesel,Individual,Manual,Second Owner,75–100k,10,5.388877777777778,Old
Volkswagen Vento Diesel Highline,2012,420000,90000,Diesel,Individual,Manual,Second Owner,75–100k,13,4.666666666666667,Old
Mahindra XUV500 W10 AWD,2015,1225000,70000,Diesel,Individual,Manual,First Owner,50–75k,10,17.5,Old
Tata Indica Vista TDI LX,2015,350000,50000,Diesel,Individual,Manual,Second Owner,25–50k,10,7.0,Old
Mahindra Verito 1.5 D4 BSIV,2015,350000,120000,Diesel,Individual,Manual,Third Owner,100–150k,10,2.9166666666666665,Old
Toyota Innova 2.5 G (Diesel) 8 Seater BS IV,2011,800000,230000,Diesel,Individual,Manual,First Owner,200k+,14,3.4782608695652173,Old
Hyundai Santro Xing XG AT,2004,125000,70000,Petrol,Individual,Automatic,Second Owner,50–75k,21,1.7857142857142858,Old
Tata Indica V2 DLS BSII,2010,75000,100000,Diesel,Individual,Manual,Third Owner,75–100k,15,0.75,Old
Mahindra KUV 100 G80 K4 Plus,2018,509999,15000,Petrol,Individual,Manual,First Owner,0–25k,7,33.99993333333333,New
Tata Indigo Classic Dicor,2014,215000,80000,Diesel,Individual,Manual,Third Owner,75–100k,11,2.6875,Old
Hyundai Grand i10 1.2 CRDi Asta,2018,465000,25000,Diesel,Individual,Manual,First Owner,0–25k,7,18.6,New
Maruti Baleno Alpha 1.2,2017,625000,52000,Petrol,Dealer,Manual,First Owner,50–75k,8,12.01923076923077,New
Hyundai Grand i10 CRDi Magna,2017,490000,66000,Diesel,Dealer,Manual,First Owner,50–75k,8,7.424242424242424,New
Maruti Ertiga SHVS ZDI,2017,880000,64000,Diesel,Dealer,Manual,First Owner,50–75k,8,13.75,New
Hyundai Santro Xing GL Plus,2013,290000,49000,Petrol,Individual,Manual,First Owner,25–50k,12,5.918367346938775,Old
Tata Sumo GX TC 7 Str BSIII,2006,115999,100000,Diesel,Individual,Manual,Second Owner,75–100k,19,1.15999,Old
Maruti Vitara Brezza LDi Option,2017,685000,72000,Diesel,Dealer,Manual,First Owner,50–75k,8,9.51388888888889,New
Honda Jazz S,2009,300000,50000,Petrol,Individual,Manual,First Owner,25–50k,16,6.0,Old
Hyundai i20 1.4 Sportz,2017,680000,44000,Diesel,Dealer,Manual,First Owner,25–50k,8,15.454545454545455,New
Maruti Swift Dzire VDI,2014,480000,101000,Diesel,Dealer,Manual,First Owner,100–150k,11,4.752475247524752,Old
Maruti Swift VDI,2016,630000,55000,Diesel,Dealer,Manual,First Owner,50–75k,9,11.454545454545455,New
Honda City 1.5 GXI,2007,190000,115000,Petrol,Dealer,Manual,Second Owner,100–150k,18,1.6521739130434783,Old
Maruti Swift VDI,2015,500000,100000,Diesel,Dealer,Manual,First Owner,75–100k,10,5.0,Old
Volkswagen Jetta 2.0L TDI Comfortline,2014,850000,52000,Diesel,Dealer,Manual,Second Owner,50–75k,11,16.346153846153847,Old
Maruti SX4 ZDI,2011,350000,105000,Diesel,Dealer,Manual,First Owner,100–150k,14,3.3333333333333335,Old
Renault Duster 85PS Diesel RxE,2013,425000,170000,Diesel,Dealer,Manual,First Owner,150–200k,12,2.5,Old
Maruti Swift VDI BSIV,2015,495000,105000,Diesel,Dealer,Manual,First Owner,100–150k,10,4.714285714285714,Old
Maruti Ertiga SHVS VDI,2017,890000,60000,Diesel,Individual,Manual,Second Owner,50–75k,8,14.833333333333334,New
Hyundai Verna CRDi 1.6 AT EX,2018,1100000,25000,Diesel,Individual,Automatic,Second Owner,0–25k,7,44.0,New
Mahindra XUV500 W8 2WD,2014,650000,218000,Diesel,Individual,Manual,Second Owner,200k+,11,2.981651376146789,Old
Hyundai Grand i10 1.2 CRDi Asta,2018,465000,25000,Diesel,Individual,Manual,First Owner,0–25k,7,18.6,New
Maruti Baleno Alpha 1.2,2017,625000,52000,Petrol,Dealer,Manual,First Owner,50–75k,8,12.01923076923077,New
Hyundai Grand i10 CRDi Magna,2017,490000,66000,Diesel,Dealer,Manual,First Owner,50–75k,8,7.424242424242424,New
Maruti Ertiga SHVS ZDI,2017,880000,64000,Diesel,Dealer,Manual,First Owner,50–75k,8,13.75,New
Hyundai Santro Xing GL Plus,2013,290000,49000,Petrol,Individual,Manual,First Owner,25–50k,12,5.918367346938775,Old
Tata Sumo GX TC 7 Str BSIII,2006,115999,100000,Diesel,Individual,Manual,Second Owner,75–100k,19,1.15999,Old
Maruti Vitara Brezza LDi Option,2017,685000,72000,Diesel,Dealer,Manual,First Owner,50–75k,8,9.51388888888889,New
Honda Jazz S,2009,300000,50000,Petrol,Individual,Manual,First Owner,25–50k,16,6.0,Old
Hyundai i20 1.4 Sportz,2017,680000,44000,Diesel,Dealer,Manual,First Owner,25–50k,8,15.454545454545455,New
Maruti Swift Dzire VDI,2014,480000,101000,Diesel,Dealer,Manual,First Owner,100–150k,11,4.752475247524752,Old
Maruti Swift VDI,2016,630000,55000,Diesel,Dealer,Manual,First Owner,50–75k,9,11.454545454545455,New
Honda City 1.5 GXI,2007,190000,115000,Petrol,Dealer,Manual,Second Owner,100–150k,18,1.6521739130434783,Old
Maruti Swift VDI,2015,500000,100000,Diesel,Dealer,Manual,First Owner,75–100k,10,5.0,Old
Volkswagen Jetta 2.0L TDI Comfortline,2014,850000,52000,Diesel,Dealer,Manual,Second Owner,50–75k,11,16.346153846153847,Old
Maruti SX4 ZDI,2011,350000,105000,Diesel,Dealer,Manual,First Owner,100–150k,14,3.3333333333333335,Old
Renault Duster 85PS Diesel RxE,2013,425000,170000,Diesel,Dealer,Manual,First Owner,150–200k,12,2.5,Old
Maruti Swift VDI BSIV,2015,495000,105000,Diesel,Dealer,Manual,First Owner,100–150k,10,4.714285714285714,Old
Maruti Ertiga SHVS VDI,2017,890000,60000,Diesel,Individual,Manual,Second Owner,50–75k,8,14.833333333333334,New
Hyundai Verna CRDi 1.6 AT EX,2018,1100000,25000,Diesel,Individual,Automatic,Second Owner,0–25k,7,44.0,New
Mahindra XUV500 W8 2WD,2014,650000,218000,Diesel,Individual,Manual,Second Owner,200k+,11,2.981651376146789,Old
Ford Fiesta 1.6 ZXi Duratec,2009,233000,58000,Petrol,Individual,Manual,Third Owner,50–75k,16,4.017241379310345,Old
Tata Indigo CS LS (TDI) BS-III,2015,300000,110000,Diesel,Individual,Manual,Second Owner,100–150k,10,2.727272727272727,Old
Honda Amaze S Petrol BSIV,2020,614000,1000,Petrol,Individual,Manual,First Owner,0–25k,5,614.0,New
Hyundai i10 Sportz 1.2,2010,250000,100000,Petrol,Individual,Manual,Second Owner,75–100k,15,2.5,Old
Hyundai i10 Sportz 1.2,2010,250000,110000,Petrol,Individual,Manual,Second Owner,100–150k,15,2.272727272727273,Old
Maruti Alto LXi,2011,200000,40000,Petrol,Individual,Manual,First Owner,25–50k,14,5.0,Old
Maruti Wagon R LX Minor,2013,290000,52000,Petrol,Individual,Manual,First Owner,50–75k,12,5.576923076923077,Old
Maruti Wagon R LXI BS IV,2013,320000,80000,Petrol,Individual,Manual,Second Owner,75–100k,12,4.0,Old
Hyundai Santro Xing XS eRLX Euro III,2006,145000,52000,Petrol,Individual,Manual,Second Owner,50–75k,19,2.7884615384615383,Old
Maruti Alto LXI,2005,100000,124000,Petrol,Individual,Manual,Second Owner,100–150k,20,0.8064516129032258,Old
Fiat Punto 1.3 Emotion,2010,130000,210000,Diesel,Individual,Manual,Second Owner,200k+,15,0.6190476190476191,Old
Hyundai Santro AT,2006,145000,66000,Petrol,Individual,Automatic,Second Owner,50–75k,19,2.196969696969697,Old
Maruti Alto LX BSIII,2008,110000,120000,Petrol,Individual,Manual,Third Owner,100–150k,17,0.9166666666666666,Old
Maruti Swift Dzire VDI,2019,680000,40000,Diesel,Individual,Manual,First Owner,25–50k,6,17.0,New
Maruti 800 Std,2004,37500,90000,Petrol,Individual,Manual,Second Owner,75–100k,21,0.4166666666666667,Old
Maruti Ritz VDi,2011,200000,120000,Diesel,Individual,Manual,Second Owner,100–150k,14,1.6666666666666667,Old
Nissan Sunny Diesel XL,2012,300000,110000,Diesel,Individual,Manual,First Owner,100–150k,13,2.727272727272727,Old
Hyundai Santro GS,2005,80000,56580,Petrol,Dealer,Manual,First Owner,50–75k,20,1.4139271827500883,Old
Mahindra XUV500 AT W8 FWD,2015,740000,45000,Diesel,Dealer,Automatic,First Owner,25–50k,10,16.444444444444443,Old
Mahindra Scorpio S10 7 Seater,2015,630000,50000,Diesel,Individual,Manual,First Owner,25–50k,10,12.6,Old
Hyundai Santro Xing XG,2005,70000,68500,Petrol,Dealer,Manual,First Owner,50–75k,20,1.0218978102189782,Old
Hyundai Santro Sportz AMT,2019,484999,5007,Petrol,Dealer,Automatic,First Owner,0–25k,6,96.86419013381266,New
Nissan Micra Active XV S,2013,164000,30000,Petrol,Individual,Manual,First Owner,25–50k,12,5.466666666666667,Old
Honda City 1.5 V AT,2008,140000,70000,Petrol,Individual,Automatic,First Owner,50–75k,17,2.0,Old
Mercedes-Benz E-Class E250 CDI Elegance,2011,999000,49600,Diesel,Dealer,Automatic,First Owner,25–50k,14,20.141129032258064,Old
Maruti Alto LXI,2005,56000,23000,Petrol,Individual,Manual,Second Owner,0–25k,20,2.4347826086956523,Old
BMW 7 Series 730Ld,2006,1050000,30000,Diesel,Dealer,Automatic,First Owner,25–50k,19,35.0,Old
Hyundai Verna 1.6 VTVT,2010,190000,38000,Petrol,Dealer,Manual,First Owner,25–50k,15,5.0,Old
Audi Q5 3.0 TDI Quattro Technology,2018,3899000,22000,Diesel,Dealer,Automatic,First Owner,0–25k,7,177.22727272727272,New
Maruti Ritz VDi,2011,150000,40000,Diesel,Individual,Manual,Second Owner,25–50k,14,3.75,Old
Hyundai i10 Sportz 1.2,2011,235000,43100,Petrol,Dealer,Manual,First Owner,25–50k,14,5.452436194895592,Old
Mahindra Xylo H4,2019,599000,15000,Diesel,Individual,Manual,Third Owner,0–25k,6,39.93333333333333,New
Maruti Alto 800 LXI,2018,200000,35000,Petrol,Individual,Manual,First Owner,25–50k,7,5.714285714285714,New
Datsun GO Plus T,2017,350000,10171,Petrol,Dealer,Manual,First Owner,0–25k,8,34.41156228492773,New
Renault Duster 110PS Diesel RxL,2015,465000,41123,Diesel,Dealer,Manual,First Owner,25–50k,10,11.307540792257374,Old
Toyota Camry Hybrid 2.5,2017,1900000,20118,Petrol,Dealer,Automatic,First Owner,0–25k,8,94.44278755343474,New
Maruti Ertiga 1.5 VDI,2019,1000000,15000,Diesel,Individual,Manual,First Owner,0–25k,6,66.66666666666667,New
Ford Endeavour 2.2 Titanium AT 4X2,2019,2800000,10000,Diesel,Individual,Automatic,First Owner,0–25k,6,280.0,New
Maruti Swift Dzire VDI,2015,470000,170000,Diesel,Individual,Manual,First Owner,150–200k,10,2.764705882352941,Old
Maruti Celerio ZXI,2017,415000,20000,Petrol,Individual,Manual,First Owner,0–25k,8,20.75,New
Nissan Terrano XL 85 PS,2014,500000,82000,Diesel,Individual,Manual,First Owner,75–100k,11,6.097560975609756,Old
Chevrolet Spark 1.0 LT BS3,2013,150000,60000,Petrol,Individual,Manual,Second Owner,50–75k,12,2.5,Old
Maruti Alto STD,2005,95000,50000,Petrol,Individual,Manual,Second Owner,25–50k,20,1.9,Old
Maruti Swift LDI,2012,400000,70000,Diesel,Individual,Manual,First Owner,50–75k,13,5.714285714285714,Old
Maruti Alto LX,2008,114999,66782,Petrol,Individual,Manual,Second Owner,50–75k,17,1.722005929741547,Old
Maruti Alto LX,2006,75000,130000,Petrol,Individual,Manual,First Owner,100–150k,19,0.5769230769230769,Old
Hyundai Verna 1.6 SX CRDi (O),2013,500000,120000,Diesel,Individual,Manual,First Owner,100–150k,12,4.166666666666667,Old
Maruti 800 AC,2014,195000,75000,Petrol,Individual,Manual,Second Owner,50–75k,11,2.6,Old
Maruti Alto 800 Base,2015,155000,40000,Petrol,Individual,Manual,First Owner,25–50k,10,3.875,Old
Maruti Alto LXi,2000,65000,90000,Petrol,Individual,Manual,Second Owner,75–100k,25,0.7222222222222222,Old
Honda City 1.5 GXI,2005,65000,150000,Petrol,Individual,Manual,Third Owner,100–150k,20,0.43333333333333335,Old
Tata Nano XM,2015,190000,60000,Petrol,Individual,Manual,Second Owner,50–75k,10,3.1666666666666665,Old
Mahindra Verito 1.5 D6 BSIII,2012,200000,112198,Diesel,Individual,Manual,Second Owner,100–150k,13,1.7825629690368812,Old
Tata Manza Aura Safire BS IV,2010,160000,60000,Petrol,Individual,Manual,Second Owner,50–75k,15,2.6666666666666665,Old
Tata Indica Vista Aqua 1.4 TDI,2010,150000,130000,Diesel,Individual,Manual,Second Owner,100–150k,15,1.1538461538461537,Old
Ford EcoSport 1.5 TDCi Titanium BSIV,2015,530000,175000,Diesel,Individual,Manual,Third Owner,150–200k,10,3.0285714285714285,Old
Mahindra Scorpio S2 7 Seater,2015,750000,120000,Diesel,Individual,Manual,First Owner,100–150k,10,6.25,Old
Maruti Ritz VDi,2012,225000,90000,Diesel,Individual,Manual,Second Owner,75–100k,13,2.5,Old
Toyota Innova 2.5 VX (Diesel) 8 Seater BS IV,2012,600000,170000,Diesel,Individual,Manual,First Owner,150–200k,13,3.5294117647058822,Old
Hyundai i20 Magna 1.4 CRDi (Diesel),2014,409999,80000,Diesel,Individual,Manual,Second Owner,75–100k,11,5.1249875,Old
Hyundai i20 Magna 1.4 CRDi,2014,409999,80000,Diesel,Individual,Manual,Second Owner,75–100k,11,5.1249875,Old
Maruti 800 AC BSIII,2009,110000,83000,Petrol,Individual,Manual,Second Owner,75–100k,16,1.3253012048192772,Old
Hyundai Creta 1.6 CRDi SX Option,2016,865000,90000,Diesel,Individual,Manual,First Owner,75–100k,9,9.61111111111111,New
Renault KWID RXT,2016,225000,40000,Petrol,Individual,Manual,First Owner,25–50k,9,5.625,New
